날짜,시가,고가,저가,종가,거래량,predictable
2016-11-01,8070.0,8140,8050,8140,28.0,1
2016-11-02,8130.0,8130,7950,7950,4289.0,1
2016-11-03,8050.0,8050,7860,8020,1078.0,1
2016-11-04,8010.0,8010,7990,7990,768.0,1
2016-11-07,7990.0,7990,7850,7930,320.0,1
2016-11-08,7980.0,7980,7860,7950,58.0,1
2016-11-09,7960.0,7960,7850,7860,6056.0,1
2016-11-10,7710.0,8000,7710,8000,2957.0,1
2016-11-11,8090.0,8140,8090,8130,2425.0,1
2016-11-14,8130.0,8130,8030,8030,24.0,1
2016-11-15,8010.0,8090,7900,8030,691.0,1
2016-11-16,8040.0,8040,7910,8010,725.0,1
2016-11-17,8040.0,8040,7960,7990,1846.0,1
2016-11-18,8010.0,8030,7960,8000,1862.0,1
2016-11-21,8090.0,8090,8080,8080,2.0,1
2016-11-22,8000.0,8100,7980,8100,544.0,1
2016-11-23,8330.0,8330,8090,8090,119.0,1
2016-11-24,8090.0,8090,8020,8060,197.0,1
2016-11-25,7910.0,8040,7910,8040,336.0,1
2016-11-28,7930.0,8000,7930,8000,1040.0,1
2016-11-29,8000.0,8000,7970,7970,2.0,1
2016-11-30,7970.0,7970,7930,7930,1196.0,1
2016-12-01,7920.0,7920,7920,7920,348.0,1
2016-12-02,8350.0,8350,7960,7960,13.0,1
2016-12-05,7910.0,8190,7880,7880,529.0,1
2016-12-06,7990.0,7990,7880,7890,706.0,1
2016-12-07,7860.0,7900,7850,7900,985.0,1
2016-12-08,7850.0,7950,7850,7940,930.0,1
2016-12-09,7830.0,7880,7750,7880,2318.0,1
2016-12-12,7830.0,7970,7830,7940,16.0,1
2016-12-13,7800.0,8000,7800,8000,14.0,1
2016-12-14,8000.0,8000,7890,7890,61.0,1
2016-12-15,7900.0,7980,7900,7980,2083.0,1
2016-12-16,7980.0,7980,7950,7950,22.0,1
2016-12-19,7940.0,7970,7910,7970,162.0,1
2016-12-20,7970.0,7970,7970,7970,14.0,1
2016-12-21,7810.0,7970,7810,7970,25.0,1
2016-12-22,7970.0,7970,7970,7970,0.0,1
2016-12-23,7970.0,7970,7970,7970,0.0,1
2016-12-26,8010.0,8010,7990,7990,4.0,1
2016-12-27,7900.0,8140,7900,8140,102.0,1
2016-12-28,7860.0,8100,7860,8000,30.0,1
2016-12-29,8000.0,8000,8000,8000,163.0,1
2017-01-02,8000.0,8000,7880,7900,163.0,1
2017-01-03,7870.0,7990,7870,7990,266.0,1
2017-01-04,7880.0,7890,7880,7890,123.0,1
2017-01-05,8350.0,8350,7880,7970,118.0,1
2017-01-06,7960.0,7970,7860,7970,543.0,1
2017-01-09,7900.0,7900,7900,7900,103.0,1
2017-01-10,7760.0,7880,7750,7850,4048.0,1
2017-01-11,7890.0,7900,7890,7900,2143.0,1
2017-01-12,7910.0,7910,7840,7850,10.0,1
2017-01-13,7850.0,7930,7850,7900,394.0,1
2017-01-16,7990.0,7990,7990,7990,10.0,1
2017-01-17,7990.0,8000,7970,8000,3.0,1
2017-01-18,7950.0,7950,7950,7950,0.0,1
2017-01-19,7840.0,7880,7840,7870,1946.0,1
2017-01-20,7940.0,7940,7760,7790,2670.0,1
2017-01-23,7890.0,7890,7790,7790,26.0,1
2017-01-24,7850.0,7850,7770,7770,479.0,1
2017-01-25,7740.0,7740,7740,7740,23.0,1
2017-01-26,7760.0,7950,7760,7860,11.0,1
2017-01-31,7950.0,7950,7830,7830,6.0,1
2017-02-01,7840.0,7860,7770,7860,176.0,1
2017-02-02,7890.0,7900,7890,7900,31.0,1
2017-02-03,7830.0,7900,7780,7810,2739.0,1
2017-02-06,8000.0,8000,7780,7850,239.0,1
2017-02-07,7800.0,8000,7800,7970,11714.0,1
2017-02-08,7850.0,7850,7850,7850,1.0,1
2017-02-09,7760.0,7850,7750,7800,2091.0,1
2017-02-10,7800.0,7840,7780,7780,21.0,1
2017-02-13,7820.0,7840,7750,7810,1710.0,1
2017-02-14,7770.0,7840,7770,7800,15.0,1
2017-02-15,7760.0,7810,7750,7770,114.0,1
2017-02-16,7790.0,7830,7770,7770,149.0,1
2017-02-17,7770.0,7890,7760,7770,78.0,1
2017-02-20,7770.0,7820,7770,7820,1102.0,1
2017-02-21,7780.0,7860,7780,7780,40.0,1
2017-02-22,7740.0,7830,7740,7810,1552.0,1
2017-02-23,7870.0,7870,7860,7860,4.0,1
2017-02-24,7900.0,7900,7800,7820,608.0,1
2017-02-27,7800.0,7830,7800,7830,1362.0,1
2017-02-28,7930.0,7930,7930,7930,1.0,1
2017-03-02,7890.0,7960,7890,7960,3088.0,1
2017-03-03,7860.0,7860,7810,7840,110.0,1
2017-03-06,7840.0,7840,7810,7810,144.0,1
2017-03-07,7810.0,7890,7810,7860,936.0,1
2017-03-08,7860.0,7860,7820,7830,985.0,1
2017-03-09,7820.0,7820,7800,7800,3578.0,1
2017-03-10,7780.0,7840,7780,7840,2614.0,1
2017-03-13,7800.0,7830,7780,7830,2314.0,1
2017-03-14,7850.0,7850,7790,7820,79.0,1
2017-03-15,7820.0,7820,7770,7790,1490.0,1
2017-03-16,7770.0,7770,7730,7730,9602.0,1
2017-03-17,7770.0,7770,7700,7710,29986.0,1
2017-03-20,7720.0,7770,7710,7740,1793.0,1
2017-03-21,7740.0,7740,7700,7720,7044.0,1
2017-03-22,7730.0,7750,7720,7720,6164.0,1
2017-03-23,7750.0,7750,7740,7750,650.0,1
2017-03-24,7730.0,7780,7730,7780,626.0,1
2017-03-27,7790.0,7790,7750,7750,163.0,1
2017-03-28,7780.0,7780,7730,7730,269.0,1
2017-03-29,7780.0,7780,7730,7770,583.0,1
2017-03-30,7750.0,7760,7750,7760,1251.0,1
2017-03-31,7770.0,7890,7770,7770,2161.0,1
2017-04-03,7760.0,7830,7760,7790,605.0,1
2017-04-04,7640.0,7760,7640,7760,10543.0,1
2017-04-05,7750.0,7750,7730,7730,81.0,1
2017-04-06,7730.0,7830,7730,7830,15235.0,1
2017-04-07,7830.0,7830,7750,7820,21.0,1
2017-04-10,7850.0,7850,7850,7850,1.0,1
2017-04-11,7850.0,7850,7760,7810,1533.0,1
2017-04-12,7810.0,7840,7750,7840,15738.0,1
2017-04-13,7750.0,7810,7750,7770,10016.0,1
2017-04-14,7790.0,7800,7750,7750,304.0,1
2017-04-17,7750.0,7800,7750,7800,376.0,1
2017-04-18,7800.0,7830,7780,7830,7578.0,1
2017-04-19,7840.0,7870,7840,7870,2063.0,1
2017-04-20,7890.0,7890,7820,7820,4002.0,1
2017-04-21,7890.0,7890,7880,7880,2010.0,1
2017-04-24,7900.0,7900,7860,7900,2414.0,1
2017-04-25,7890.0,7890,7880,7880,264.0,1
2017-04-26,7850.0,7890,7850,7850,1356.0,1
2017-04-27,7860.0,7900,7860,7880,3244.0,1
2017-04-28,7910.0,7940,7910,7940,256.0,1
2017-05-02,7960.0,7960,7850,7930,45.0,1
2017-05-04,7850.0,7850,7850,7850,186.0,1
2017-05-08,7870.0,7900,7860,7900,2827.0,1
2017-05-10,7890.0,7900,7850,7890,2105.0,1
2017-05-11,7890.0,7890,7850,7850,1002.0,1
2017-05-12,7830.0,7830,7830,7830,50.0,1
2017-05-15,7890.0,7890,7880,7880,47.0,1
2017-05-16,7810.0,7820,7770,7780,3249.0,1
2017-05-17,7820.0,7820,7780,7820,72.0,1
2017-05-18,7780.0,7780,7780,7780,1356.0,1
2017-05-19,7790.0,7830,7750,7830,486.0,1
2017-05-22,7830.0,7830,7800,7800,16.0,1
2017-05-23,7700.0,7800,7700,7760,503.0,1
2017-05-24,7800.0,7810,7760,7770,778.0,1
2017-05-25,7770.0,7870,7770,7860,704.0,1
2017-05-26,7850.0,7990,7840,7920,112.0,1
2017-05-29,7900.0,8000,7900,7930,2549.0,1
2017-05-30,7900.0,8070,7900,8030,1672.0,1
2017-05-31,8000.0,8090,8000,8090,541.0,1
2017-06-01,8050.0,8140,8050,8100,10795.0,1
2017-06-02,8100.0,8150,8000,8150,6793.0,1
2017-06-05,8150.0,8150,8020,8020,256.0,1
2017-06-07,8150.0,8290,8150,8290,20603.0,1
2017-06-08,8300.0,8300,8200,8200,1118.0,1
2017-06-09,8300.0,8300,8240,8250,2049.0,1
2017-06-12,8220.0,8340,8220,8280,765.0,1
2017-06-13,8350.0,8380,8300,8300,1201.0,1
2017-06-14,8350.0,8350,8350,8350,29.0,1
2017-06-15,8340.0,8340,8180,8230,1036.0,1
2017-06-16,8090.0,8170,8050,8150,2133.0,1
2017-06-19,8190.0,8240,8150,8150,100.0,1
2017-06-20,8100.0,8170,8100,8120,110.0,1
2017-06-21,7910.0,8130,7910,8130,31.0,1
2017-06-22,8080.0,8120,8080,8120,8.0,1
2017-06-23,8120.0,8250,8080,8080,38.0,1
2017-06-26,8080.0,8090,8050,8070,3028.0,1
2017-06-27,8080.0,8100,8080,8090,2112.0,1
2017-06-28,8040.0,8050,8030,8050,987.0,1
2017-06-29,8050.0,8090,8000,8090,3754.0,1
2017-06-30,8150.0,8250,8070,8170,109.0,1
2017-07-03,8170.0,8170,8170,8170,27.0,1
2017-07-04,8060.0,8100,8060,8100,2305.0,1
2017-07-05,8000.0,8020,8000,8020,2876.0,1
2017-07-06,8000.0,8150,8000,8020,1346.0,1
2017-07-07,8060.0,8080,8000,8080,337.0,1
2017-07-10,8340.0,8340,8010,8010,23.0,1
2017-07-11,8030.0,8310,8030,8310,52.0,1
2017-07-12,8240.0,8240,8240,8240,5.0,1
2017-07-13,8050.0,8190,8050,8100,43.0,1
2017-07-14,8190.0,8190,8000,8180,132.0,1
2017-07-17,8010.0,8120,8010,8110,511.0,1
2017-07-18,8020.0,8080,7990,7990,1378.0,1
2017-07-19,8070.0,8070,7990,7990,140.0,1
2017-07-20,7990.0,8050,7990,8010,1603.0,1
2017-07-21,8040.0,8040,8000,8040,18.0,1
2017-07-24,8020.0,8040,8000,8040,380.0,1
2017-07-25,8050.0,8150,8050,8150,301.0,1
2017-07-26,8120.0,8150,8120,8150,9409.0,1
2017-07-27,8250.0,8250,8190,8190,11516.0,1
2017-07-28,8190.0,8190,8050,8050,61.0,1
2017-07-31,8270.0,8270,8200,8200,6.0,1
2017-08-01,8060.0,8160,8060,8130,8.0,1
2017-08-02,8120.0,8130,8100,8100,1403.0,1
2017-08-03,8060.0,8100,8050,8100,273.0,1
2017-08-04,8200.0,8200,8200,8200,2.0,1
2017-08-07,8010.0,8100,8010,8050,157.0,1
2017-08-08,8090.0,8090,8050,8050,203.0,1
2017-08-09,8060.0,8080,8060,8060,7.0,1
2017-08-10,8030.0,8170,7980,8000,269.0,1
2017-08-11,8000.0,8000,7960,7970,1544.0,1
2017-08-14,8040.0,8040,7970,7990,761.0,1
2017-08-16,8000.0,8060,7980,8060,292.0,1
2017-08-17,7910.0,8030,7910,8020,722.0,1
2017-08-18,8020.0,8020,8020,8020,12.0,1
2017-08-21,8100.0,8100,7990,7990,592.0,1
2017-08-22,7990.0,8000,7930,8000,243.0,1
2017-08-23,8000.0,8020,7950,8000,444.0,1
2017-08-24,8030.0,8030,8030,8030,8.0,1
2017-08-25,7960.0,8020,7950,7970,142.0,1
2017-08-28,7990.0,7990,7930,7950,718.0,1
2017-08-29,7950.0,7960,7950,7950,153.0,1
2017-08-30,8070.0,8070,8070,8070,80.0,1
2017-08-31,8070.0,8070,8070,8070,402.0,1
2017-09-01,8070.0,8150,8070,8140,5913.0,1
2017-09-04,8090.0,8090,8040,8040,21.0,1
2017-09-05,8340.0,8340,8020,8050,90.0,1
2017-09-06,8000.0,8000,7970,7970,11781.0,1
2017-09-07,7970.0,7970,7940,7970,492.0,1
2017-09-08,7930.0,7950,7930,7950,1506.0,1
2017-09-11,7970.0,7970,7800,7890,5028.0,1
2017-09-12,7910.0,7910,7850,7900,137.0,1
2017-09-13,7890.0,7910,7890,7910,86.0,1
2017-09-14,7900.0,7900,7890,7900,44.0,1
2017-09-15,7940.0,7940,7940,7940,1.0,1
2017-09-18,7940.0,7940,7890,7890,343.0,1
2017-09-19,7850.0,7920,7810,7810,2596.0,1
2017-09-20,7830.0,7830,7710,7720,608.0,1
2017-09-21,7720.0,7790,7720,7730,998.0,1
2017-09-22,7760.0,7760,7700,7710,1473.0,1
2017-09-25,7700.0,7730,7580,7620,3662.0,1
2017-09-26,7620.0,7630,7620,7630,1362.0,1
2017-09-27,7650.0,7710,7650,7710,1250.0,1
2017-09-28,7710.0,7820,7710,7820,1051.0,1
2017-09-29,7610.0,7780,7610,7720,311.0,1
2017-10-10,7700.0,7800,7700,7790,3607.0,1
2017-10-11,7700.0,7820,7700,7820,152.0,1
2017-10-12,7820.0,7820,7700,7820,1142.0,1
2017-10-13,7820.0,7820,7750,7750,154.0,1
2017-10-16,7760.0,7770,7700,7730,105.0,1
2017-10-17,7750.0,7750,7660,7670,69.0,1
2017-10-18,7740.0,7740,7680,7680,35.0,1
2017-10-19,7700.0,7780,7700,7720,2484.0,1
2017-10-20,7720.0,7750,7720,7750,11.0,1
2017-10-23,7670.0,7790,7600,7610,806.0,1
2017-10-24,7650.0,7650,7570,7630,35.0,1
2017-10-25,7630.0,7660,7580,7650,25.0,1
2017-10-26,7630.0,7630,7590,7610,70.0,1
2017-10-27,7630.0,7690,7630,7690,11.0,1
2017-10-30,7830.0,7830,7650,7650,354.0,1
2017-10-31,7640.0,7650,7640,7650,104.0,1
2017-11-01,7660.0,7810,7660,7670,118.0,1
2017-11-02,7800.0,7800,7680,7800,211.0,1
2017-11-03,7800.0,7800,7700,7750,329.0,1
2017-11-06,7720.0,7720,7650,7720,312.0,1
2017-11-07,7650.0,7700,7650,7700,38.0,1
2017-11-08,7710.0,7720,7660,7720,14.0,1
2017-11-09,7700.0,7710,7610,7700,159.0,1
2017-11-10,7690.0,7710,7690,7710,44.0,1
2017-11-13,7720.0,7730,7720,7730,222.0,1
2017-11-14,7700.0,7770,7640,7770,20.0,1
2017-11-15,7830.0,7830,7830,7830,1.0,1
2017-11-16,7650.0,7660,7600,7600,24652.0,1
2017-11-17,7600.0,7700,7590,7700,25137.0,1
2017-11-20,7620.0,7650,7620,7640,354.0,1
2017-11-21,7690.0,7690,7630,7640,127.0,1
2017-11-22,7670.0,7670,7600,7600,89.0,1
2017-11-23,7610.0,7620,7580,7620,729.0,1
2017-11-24,7620.0,7620,7620,7620,186.0,1
2017-11-27,7620.0,7620,7570,7570,355.0,1
2017-11-28,7590.0,7590,7520,7570,105.0,1
2017-11-29,7590.0,7590,7530,7550,3113.0,1
2017-11-30,7580.0,7580,7560,7580,1576.0,1
2017-12-01,7580.0,7590,7540,7590,15.0,1
2017-12-04,7590.0,7610,7560,7610,74.0,1
2017-12-05,7610.0,7670,7600,7670,170.0,1
2017-12-06,7730.0,8000,7670,7900,81.0,1
2017-12-07,7600.0,7910,7600,7900,78.0,1
2017-12-08,7640.0,8090,7630,8090,1073.0,1
2017-12-11,7660.0,8070,7660,8070,40.0,1
2017-12-12,8100.0,8100,7780,8000,130.0,1
2017-12-13,7990.0,8000,7910,7940,1163.0,1
2017-12-14,7900.0,7980,7800,7930,1871.0,1
2017-12-15,8000.0,8000,7820,7860,19434.0,1
2017-12-18,7950.0,7950,7750,7790,11961.0,1
2017-12-19,7850.0,7850,7650,7770,70.0,1
2017-12-20,7810.0,7810,7810,7810,8.0,1
2017-12-21,7820.0,7820,7720,7810,3.0,1
2017-12-22,7750.0,7820,7700,7820,10084.0,1
2017-12-26,7880.0,7880,7620,7770,1003.0,1
2017-12-27,7800.0,7800,7780,7780,10107.0,1
2017-12-28,7700.0,7760,7700,7720,11587.0,1
2018-01-02,7700.0,7710,7700,7710,7669.0,1
2018-01-03,7710.0,7710,7640,7640,1091.0,1
2018-01-04,7480.0,7570,7460,7490,6945.0,1
2018-01-05,7500.0,7500,7440,7460,442.0,1
2018-01-08,7490.0,7790,7410,7420,329.0,1
2018-01-09,7490.0,7490,7420,7440,63.0,1
2018-01-10,7460.0,7460,7380,7390,748.0,1
2018-01-11,7450.0,7450,7390,7390,4572.0,1
2018-01-12,7400.0,7430,7390,7410,1614.0,1
2018-01-15,7400.0,7490,7390,7460,1161.0,1
2018-01-16,7430.0,7430,7420,7420,1055.0,1
2018-01-17,7420.0,7450,7420,7450,56.0,1
2018-01-18,7900.0,7900,7440,7550,194.0,1
2018-01-19,7550.0,7600,7550,7600,3.0,1
2018-01-22,7600.0,7800,7400,7450,554.0,1
2018-01-23,7460.0,7580,7450,7580,1059.0,1
2018-01-24,7520.0,7600,7520,7600,26.0,1
2018-01-25,7540.0,7570,7520,7560,4039.0,1
2018-01-26,7560.0,7560,7470,7490,1416.0,1
2018-01-29,7470.0,7600,7470,7500,3313.0,1
2018-01-30,7500.0,7600,7500,7600,3188.0,1
2018-01-31,7800.0,7800,7650,7700,87.0,1
2018-02-01,7790.0,7790,7560,7690,5796.0,1
2018-02-02,7690.0,7690,7520,7560,689.0,1
2018-02-05,7560.0,7630,7500,7570,238.0,1
2018-02-06,7410.0,7500,7300,7500,5841.0,1
2018-02-07,7670.0,7670,7460,7570,75.0,1
2018-02-08,7540.0,7540,7440,7440,1047.0,1
2018-02-09,7460.0,7460,7320,7440,269.0,1
2018-02-12,7420.0,7600,7420,7550,173.0,1
2018-02-13,7500.0,7530,7440,7530,166.0,1
2018-02-14,7520.0,7520,7360,7390,1091.0,1
2018-02-19,7470.0,7480,7470,7470,81.0,1
2018-02-20,7450.0,7460,7380,7390,1327.0,1
2018-02-21,7390.0,7600,7390,7420,456.0,1
2018-02-22,7800.0,7800,7350,7370,1275.0,1
2018-02-23,7360.0,7480,7350,7480,4521.0,1
2018-02-26,7400.0,7590,7400,7480,10.0,1
2018-02-27,7470.0,7600,7400,7600,1129.0,1
2018-02-28,7600.0,7600,7320,7320,3350.0,1
2018-03-02,7390.0,7400,7210,7320,384.0,1
2018-03-05,7320.0,7320,7100,7170,5293.0,1
2018-03-06,7110.0,7280,7100,7240,262.0,1
2018-03-07,7270.0,7290,7110,7290,271.0,1
2018-03-08,7260.0,7330,7200,7300,915.0,1
2018-03-09,7280.0,7300,7170,7200,1976.0,1
2018-03-12,7290.0,7310,7160,7180,192.0,1
2018-03-13,7230.0,7230,7170,7190,924.0,1
2018-03-14,7180.0,7230,7180,7230,111.0,1
2018-03-15,7230.0,7300,7150,7210,749.0,1
2018-03-16,7200.0,7370,7100,7220,1540.0,1
2018-03-19,7210.0,7320,7100,7220,1964.0,1
2018-03-20,7220.0,7290,7100,7270,64.0,1
2018-03-21,7270.0,7360,7200,7340,95.0,1
2018-03-22,7330.0,7330,7250,7250,44.0,1
2018-03-23,7700.0,7700,7000,7200,650.0,1
2018-03-26,6940.0,7070,6940,7000,471.0,1
2018-03-27,7000.0,7490,7000,7070,3517.0,1
2018-03-28,7060.0,7060,6930,6930,447.0,1
2018-03-29,6960.0,7410,6920,7200,239.0,1
2018-03-30,7050.0,7190,7050,7190,21.0,1
2018-04-02,7170.0,7270,7170,7210,2602.0,1
2018-04-03,7220.0,7220,7200,7200,56.0,1
2018-04-04,7050.0,7210,7050,7200,53.0,1
2018-04-05,7260.0,7260,7200,7230,47.0,1
2018-04-06,7300.0,7300,7280,7280,3.0,1
2018-04-09,7270.0,7270,7250,7270,23.0,1
2018-04-10,7300.0,7300,7080,7230,1375.0,1
2018-04-11,7230.0,7230,7150,7230,23.0,1
2018-04-12,7190.0,7190,7170,7180,85.0,1
2018-04-13,7200.0,7200,7110,7200,89.0,1
2018-04-16,7200.0,7200,7200,7200,0.0,1
2018-04-17,7270.0,7270,7270,7270,1.0,1
2018-04-18,7240.0,7300,7140,7160,252.0,1
2018-04-19,7160.0,7160,7130,7130,61.0,1
2018-04-20,7150.0,7340,7140,7340,96.0,1
2018-04-23,7250.0,7450,7160,7250,227.0,1
2018-04-24,7370.0,7370,7250,7330,148.0,1
2018-04-25,7300.0,7330,7220,7330,54.0,1
2018-04-26,7350.0,7350,7120,7300,404.0,1
2018-04-27,7250.0,7250,7170,7170,216.0,1
2018-04-30,7250.0,7250,7170,7210,394.0,1
2018-05-02,7050.0,7210,7050,7190,596.0,1
2018-05-03,7160.0,7190,7120,7190,694.0,1
2018-05-04,7190.0,7190,7030,7160,5434.0,1
2018-05-08,7160.0,7160,6960,6990,2306.0,1
2018-05-09,7040.0,7050,6990,7050,1728.0,1
2018-05-10,7050.0,7180,7050,7180,475.0,1
2018-05-11,7180.0,7400,7110,7400,5957.0,1
2018-05-14,7440.0,7440,7350,7390,9549.0,1
2018-05-15,7700.0,7700,7360,7360,3596.0,1
2018-05-16,7300.0,7360,7160,7360,7280.0,1
2018-05-17,7400.0,7400,7320,7360,28477.0,1
2018-05-18,7500.0,7500,7330,7360,11060.0,1
2018-05-21,7380.0,7510,7380,7510,41819.0,1
2018-05-23,7730.0,7940,7500,7520,52623.0,1
2018-05-24,7540.0,7600,7350,7370,14992.0,1
2018-05-25,7360.0,7570,7250,7570,3212.0,1
2018-05-28,7570.0,7570,7360,7550,6984.0,1
2018-05-29,7530.0,7530,7400,7400,4237.0,1
2018-05-30,7330.0,7370,7260,7300,6185.0,1
2018-05-31,7270.0,7350,7270,7270,3506.0,1
2018-06-01,7270.0,7390,7270,7340,3131.0,1
2018-06-04,7390.0,7390,7280,7290,3468.0,1
2018-06-05,7300.0,7430,7200,7390,5820.0,1
2018-06-07,7370.0,7370,7150,7260,3218.0,1
2018-06-08,7240.0,7290,7200,7250,1119.0,1
2018-06-11,7250.0,7250,7160,7200,257.0,1
2018-06-12,7200.0,7200,7120,7190,1444.0,1
2018-06-14,7190.0,7190,7010,7090,1561.0,1
2018-06-15,7180.0,7180,7070,7070,1166.0,1
2018-06-18,7080.0,7080,6940,7020,8218.0,1
2018-06-19,7010.0,7020,6910,7020,1759.0,1
2018-06-20,7000.0,7020,6950,7020,2648.0,1
2018-06-21,6970.0,7010,6910,7000,891.0,1
2018-06-22,7050.0,7120,6900,6900,776.0,1
2018-06-25,6900.0,7120,6860,6980,532.0,1
2018-06-26,6860.0,6990,6710,6990,3877.0,1
2018-06-27,6900.0,6900,6800,6800,181.0,1
2018-06-28,6850.0,6870,6660,6660,2005.0,1
2018-06-29,6730.0,6730,6650,6650,1079.0,1
2018-07-02,6570.0,6570,6360,6410,8365.0,1
2018-07-03,6450.0,6490,6450,6490,804.0,1
2018-07-04,6450.0,6490,6450,6470,699.0,1
2018-07-05,6460.0,6920,6450,6600,1005.0,1
2018-07-06,6470.0,6600,6470,6490,5643.0,1
2018-07-09,6500.0,6600,6500,6530,8976.0,1
2018-07-10,6530.0,6530,6360,6490,545.0,1
2018-07-11,6450.0,6570,6450,6490,259.0,1
2018-07-12,6490.0,6600,6370,6500,157.0,1
2018-07-13,6430.0,6520,6420,6520,126.0,1
2018-07-16,6500.0,6520,6500,6520,155.0,1
2018-07-17,6430.0,6430,6430,6430,20.0,1
2018-07-18,6510.0,6510,6430,6510,134.0,1
2018-07-19,6500.0,7190,6500,6840,529.0,1
2018-07-20,6600.0,6840,6430,6430,578.0,1
2018-07-23,6640.0,6640,6380,6380,350.0,1
2018-07-24,6380.0,6410,6330,6340,385.0,1
2018-07-25,6390.0,6390,6340,6340,3.0,1
2018-07-26,6350.0,6370,6350,6370,2.0,1
2018-07-27,6900.0,6900,6620,6620,146.0,1
2018-07-30,6720.0,6720,6520,6670,36.0,1
2018-07-31,6450.0,6820,6420,6820,72.0,1
2018-08-01,6700.0,6700,6540,6650,359.0,1
2018-08-02,6710.0,6710,6500,6570,360.0,1
2018-08-03,6450.0,6630,6450,6570,204.0,1
2018-08-06,6550.0,6550,6520,6520,203.0,1
2018-08-07,6470.0,6670,6470,6540,1095.0,1
2018-08-08,6600.0,6700,6600,6700,29.0,1
2018-08-09,6700.0,6750,6700,6710,2404.0,1
2018-08-10,6700.0,6780,6700,6770,22.0,1
2018-08-13,6710.0,6760,6710,6710,10001.0,1
2018-08-14,6710.0,6710,6610,6630,158.0,1
2018-08-16,6510.0,6640,6510,6640,722.0,1
2018-08-17,6550.0,6850,6550,6560,127.0,1
2018-08-20,6560.0,6780,6560,6580,225.0,1
2018-08-21,6850.0,6870,6540,6870,640.0,1
2018-08-22,6870.0,6870,6710,6840,174.0,1
2018-08-23,6900.0,6900,6700,6890,76.0,1
2018-08-24,6890.0,6890,6730,6830,216.0,1
2018-08-27,6840.0,6840,6840,6840,97.0,1
2018-08-28,6950.0,6950,6880,6880,61.0,1
2018-08-29,6870.0,6880,6870,6880,97.0,1
2018-08-30,6680.0,6880,6680,6870,4334.0,1
2018-08-31,6780.0,6800,6780,6780,6.0,1
2018-09-03,6800.0,6840,6800,6840,18.0,1
2018-09-04,6840.0,6840,6840,6840,18.0,1
2018-09-05,6810.0,6810,6710,6770,990.0,1
2018-09-06,6790.0,6800,6700,6710,336.0,1
2018-09-07,6870.0,6870,6710,6720,48.0,1
2018-09-10,6950.0,6950,6700,6750,262.0,1
2018-09-11,6770.0,6770,6710,6710,3233.0,1
2018-09-12,6750.0,6750,6710,6710,8301.0,1
2018-09-13,6750.0,6890,6670,6890,9657.0,1
2018-09-14,6980.0,6980,6970,6970,162.0,1
2018-09-17,6990.0,6990,6990,6990,4.0,1
2018-09-18,6770.0,7050,6770,6950,136.0,1
2018-09-19,7050.0,7050,6810,7040,37.0,1
2018-09-20,6860.0,7080,6860,6900,18.0,1
2018-09-21,6910.0,7070,6910,7070,14.0,1
2018-09-27,7070.0,7130,7020,7070,98.0,1
2018-09-28,7170.0,7170,7120,7120,60.0,1
2018-10-01,7180.0,7180,6900,6900,265.0,1
2018-10-02,7030.0,7030,6990,6990,36.0,1
2018-10-04,6980.0,7140,6980,7140,6.0,1
2018-10-05,6750.0,6990,6750,6990,5025.0,1
2018-10-08,7150.0,7150,7150,7150,2.0,1
2018-10-10,6730.0,7100,6730,6800,99.0,1
2018-10-11,6770.0,6770,6500,6510,1571.0,1
2018-10-12,6510.0,6570,6510,6570,75.0,1
2018-10-15,6410.0,6700,6410,6700,1910.0,1
2018-10-16,6660.0,6690,6660,6660,18.0,1
2018-10-17,6620.0,6620,6550,6570,50.0,1
2018-10-18,6540.0,6650,6540,6650,18.0,1
2018-10-19,6610.0,6610,6460,6600,721.0,1
2018-10-22,6600.0,6600,6570,6600,30.0,1
2018-10-23,6600.0,6600,6360,6480,345.0,1
2018-10-24,6450.0,6450,6260,6270,243.0,1
2018-10-25,6330.0,6380,6060,6380,35.0,1
2018-10-26,6380.0,6380,6100,6360,210.0,1
2018-10-29,6150.0,6290,6150,6290,214.0,1
2018-10-30,6060.0,6280,6060,6190,690.0,1
2018-10-31,6190.0,6190,6180,6190,239.0,1
2018-11-01,6190.0,6220,6190,6210,4410.0,1
2018-11-02,6250.0,6290,6250,6290,178.0,1
2018-11-05,6330.0,6330,6330,6330,103.0,1
2018-11-06,6300.0,6300,6290,6300,136.0,1
2018-11-07,6270.0,6350,6220,6350,130851.0,1
2018-11-08,6370.0,6370,6340,6340,279.0,1
2018-11-09,6330.0,6330,6330,6330,0.0,1
2018-11-12,6330.0,6330,6150,6260,1025.0,1
2018-11-13,6270.0,6290,6240,6270,208.0,1
2018-11-14,6270.0,6270,6240,6240,3002.0,1
2018-11-15,6240.0,6350,6240,6340,83.0,1
2018-11-16,6380.0,6440,6350,6440,145.0,1
2018-11-19,6440.0,6540,6370,6530,384.0,1
2018-11-20,6560.0,6560,6510,6510,46.0,1
2018-11-21,6510.0,6510,6450,6460,82.0,1
2018-11-22,6460.0,6460,6300,6390,800.0,1
2018-11-23,6390.0,6390,6290,6370,913.0,1
2018-11-26,6370.0,6380,6360,6370,4540.0,1
2018-11-27,6360.0,6380,6350,6380,394.0,1
2018-11-28,6360.0,6390,6330,6390,9.0,1
2018-11-29,6390.0,6420,6390,6400,376.0,1
2018-11-30,6420.0,6430,6370,6430,22.0,1
2018-12-03,6390.0,6450,6380,6450,2137.0,1
2018-12-04,6410.0,6450,6340,6450,2311.0,1
2018-12-05,6410.0,6450,6380,6440,30036.0,1
2018-12-06,6400.0,6440,6400,6440,74.0,1
2018-12-07,6430.0,6440,6380,6440,275.0,1
2018-12-10,6400.0,6440,6330,6440,278.0,1
2018-12-11,6290.0,6390,6290,6380,683.0,1
2018-12-12,6380.0,6500,6370,6500,35027.0,1
2018-12-13,6460.0,6460,6450,6450,91.0,1
2018-12-14,6410.0,6430,6360,6430,322.0,1
2018-12-17,6300.0,6430,6280,6420,907.0,1
2018-12-18,6380.0,6420,6380,6420,72.0,1
2018-12-19,6420.0,6540,6400,6490,135.0,1
2018-12-20,6450.0,6450,6440,6450,8149.0,1
2018-12-21,6320.0,6440,6320,6440,20020.0,1
2018-12-24,6520.0,6520,6360,6380,8774.0,1
2018-12-26,6360.0,6360,6300,6300,82558.0,1
2018-12-27,6360.0,6360,6360,6360,0.0,1
2018-12-28,6300.0,6300,6110,6280,2777.0,1
2019-01-02,6280.0,6280,6280,6280,4.0,1
2019-01-03,6280.0,6280,6190,6190,31.0,1
2019-01-04,6100.0,6270,6100,6270,83.0,1
2019-01-07,6280.0,6280,6150,6170,8998.0,1
2019-01-08,6170.0,6180,6140,6180,8896.0,1
2019-01-09,6170.0,6170,6120,6170,3133.0,1
2019-01-10,6170.0,6170,6110,6120,2013.0,1
2019-01-11,6150.0,6240,6140,6240,2259.0,1
2019-01-14,6270.0,6270,6260,6270,95.0,1
2019-01-15,6280.0,6280,6230,6280,193.0,1
2019-01-16,6280.0,6280,6240,6240,193.0,1
2019-01-17,6250.0,6250,6170,6210,405.0,1
2019-01-18,6240.0,6270,6210,6270,1174.0,1
2019-01-21,6270.0,6270,6270,6270,539.0,1
2019-01-22,6280.0,6300,6280,6300,22.0,1
2019-01-23,6300.0,6300,6300,6300,61.0,1
2019-01-24,6300.0,6300,6300,6300,50.0,1
2019-01-25,6300.0,6310,6280,6310,14655.0,1
2019-01-28,6350.0,6380,6350,6380,12.0,1
2019-01-29,6380.0,6380,6380,6380,38.0,1
2019-01-30,6390.0,6400,6360,6400,9.0,1
2019-01-31,6300.0,6390,6300,6390,16.0,1
2019-02-01,6390.0,6470,6390,6470,1356.0,1
2019-02-07,6500.0,6500,6400,6500,1281.0,1
2019-02-08,6530.0,6530,6460,6480,128.0,1
2019-02-11,6500.0,6500,6450,6500,214.0,1
2019-02-12,6530.0,6530,6460,6500,1839.0,1
2019-02-13,6530.0,6530,6530,6530,731.0,1
2019-02-14,6500.0,6510,6500,6510,6.0,1
2019-02-15,6850.0,6850,6600,6600,150.0,1
2019-02-18,6610.0,6610,6530,6530,124.0,1
2019-02-19,6540.0,6540,6540,6540,2.0,1
2019-02-20,6540.0,6540,6540,6540,38.0,1
2019-02-21,6550.0,6600,6540,6540,1861.0,1
2019-02-22,6530.0,6530,6470,6510,270.0,1
2019-02-25,6500.0,6500,6450,6450,5568.0,1
2019-02-26,6490.0,6490,6460,6460,3509.0,1
2019-02-27,6490.0,6490,6470,6470,506.0,1
2019-02-28,6490.0,6490,6450,6450,1519.0,1
2019-03-04,6390.0,6490,6390,6430,384.0,1
2019-03-05,6430.0,6430,6410,6410,1196.0,1
2019-03-06,6460.0,6460,6420,6420,211.0,1
2019-03-07,6450.0,6490,6430,6450,2094.0,1
2019-03-08,6450.0,6450,6440,6440,745.0,1
2019-03-11,6440.0,6450,6430,6450,176.0,1
2019-03-12,6470.0,6470,6450,6460,124.0,1
2019-03-13,6460.0,6460,6430,6430,10246.0,1
2019-03-14,6460.0,6470,6440,6450,5545.0,1
2019-03-15,6470.0,6470,6430,6450,1240.0,1
2019-03-18,6450.0,6450,6410,6420,21966.0,1
2019-03-19,6480.0,6480,6430,6440,354.0,1
2019-03-20,6460.0,6460,6440,6440,39.0,1
2019-03-21,6460.0,6480,6420,6420,2417.0,1
2019-03-22,6460.0,6460,6420,6450,669.0,1
2019-03-25,6430.0,6430,6300,6420,7349.0,1
2019-03-26,6420.0,6430,6350,6350,1291.0,1
2019-03-27,6350.0,6380,6340,6340,133.0,1
2019-03-28,6340.0,6370,6320,6360,296.0,1
2019-03-29,6360.0,6360,6300,6350,548.0,1
2019-04-01,6400.0,6500,6400,6480,6277.0,1
2019-04-02,6520.0,6520,6400,6420,4015.0,1
2019-04-03,6400.0,6460,6350,6380,3708.0,1
2019-04-04,6390.0,6440,6390,6440,33.0,1
2019-04-05,6370.0,6490,6370,6470,191.0,1
2019-04-08,6490.0,6490,6430,6440,521.0,1
2019-04-09,6420.0,6500,6420,6430,81.0,1
2019-04-10,6480.0,6600,6480,6600,3423.0,1
2019-04-11,6640.0,6670,6620,6670,3345.0,1
2019-04-12,6710.0,6890,6700,6870,5399.0,1
2019-04-15,6870.0,6950,6840,6940,2185.0,1
2019-04-16,6970.0,7030,6910,7030,7473.0,1
2019-04-17,7040.0,7180,7040,7170,16719.0,1
2019-04-18,7320.0,7320,7060,7190,6282.0,1
2019-04-19,7250.0,7350,7190,7350,41254.0,1
2019-04-22,7350.0,7380,7310,7350,3904.0,1
2019-04-23,7360.0,7360,7240,7240,1607.0,1
2019-04-24,7240.0,7300,7230,7290,6878.0,1
2019-04-25,7290.0,7300,7290,7290,5181.0,1
2019-04-26,7290.0,7290,7210,7270,2631.0,1
2019-04-29,7250.0,7290,7250,7290,1272.0,1
2019-04-30,7280.0,7290,7280,7280,2871.0,1
2019-05-02,7280.0,7300,7280,7280,439.0,1
2019-05-03,7210.0,7300,7210,7230,1171.0,1
2019-05-07,7230.0,7260,7210,7250,226.0,1
2019-05-08,7210.0,7240,7210,7210,55.0,1
2019-05-09,7250.0,7250,7160,7160,93.0,1
2019-05-10,7190.0,7220,7120,7220,41.0,1
2019-05-13,7190.0,7210,7100,7150,207.0,1
2019-05-14,7170.0,7200,6980,7200,291.0,1
2019-05-15,7170.0,7170,7110,7160,864.0,1
2019-05-16,7160.0,7180,7150,7180,2477.0,1
2019-05-17,7140.0,7140,7120,7140,230.0,1
2019-05-20,7110.0,7110,6810,7080,169.0,1
2019-05-21,7090.0,7090,7000,7000,462.0,1
2019-05-22,7050.0,7050,7040,7040,16.0,1
2019-05-23,7040.0,7040,7040,7040,210.0,1
2019-05-24,7000.0,7040,7000,7000,262.0,1
2019-05-27,6620.0,6760,6620,6760,1040.0,1
2019-05-28,6860.0,6860,6770,6850,347.0,1
2019-05-29,6880.0,6880,6810,6860,425.0,1
2019-05-30,6890.0,6890,6880,6880,40.0,1
2019-05-31,6890.0,6890,6860,6870,162.0,1
2019-06-03,6870.0,6880,6870,6880,111.0,1
2019-06-04,6880.0,6900,6630,6900,1721.0,1
2019-06-05,6900.0,6980,6830,6980,2416.0,1
2019-06-07,6970.0,6970,6970,6970,0.0,1
2019-06-10,6970.0,7020,6970,6990,1541.0,1
2019-06-11,6950.0,7210,6950,7200,1830.0,1
2019-06-12,7190.0,7190,7100,7100,49.0,1
2019-06-13,7190.0,7190,7020,7160,615.0,1
2019-06-14,7160.0,7160,7160,7160,1.0,1
2019-06-17,7160.0,7180,7160,7180,1522.0,1
2019-06-18,7180.0,7180,7170,7170,16.0,1
2019-06-19,7170.0,7190,7110,7190,1279.0,1
2019-06-20,7190.0,7190,6950,7020,951.0,1
2019-06-21,7040.0,7040,7030,7040,5614.0,1
2019-06-24,7040.0,7040,7040,7040,1010.0,1
2019-06-25,7040.0,7040,6960,6960,6715.0,1
2019-06-26,7000.0,7000,6960,7000,71.0,1
2019-06-27,7000.0,7000,7000,7000,320.0,1
2019-06-28,7000.0,7110,7000,7110,3063.0,1
2019-07-01,7300.0,7300,7200,7200,801.0,1
2019-07-02,7180.0,7180,7020,7120,127.0,1
2019-07-03,7150.0,7150,7070,7070,237.0,1
2019-07-04,7070.0,7070,6700,6960,1778.0,1
2019-07-05,7000.0,7000,6990,6990,306.0,1
2019-07-08,6990.0,6990,6760,6960,64.0,1
2019-07-09,6920.0,6940,6750,6810,67.0,1
2019-07-10,6800.0,7400,6710,6950,6464.0,1
2019-07-11,6820.0,6850,6800,6830,1007.0,1
2019-07-12,6840.0,6840,6810,6820,511.0,1
2019-07-15,6850.0,6850,6820,6820,46.0,1
2019-07-16,6790.0,6810,6790,6790,10674.0,1
2019-07-17,6830.0,6830,6760,6790,230.0,1
2019-07-18,6790.0,6790,6760,6790,86.0,1
2019-07-19,6810.0,6810,6760,6760,6535.0,1
2019-07-22,6800.0,6800,6750,6750,30174.0,1
2019-07-23,6790.0,6790,6560,6650,8190.0,1
2019-07-24,6700.0,6700,6500,6590,1092.0,1
2019-07-25,6590.0,6590,6400,6550,997.0,1
2019-07-26,6400.0,6510,6400,6510,8.0,1
2019-07-29,6300.0,6340,6300,6300,6646.0,1
2019-07-30,6310.0,6380,6310,6380,244.0,1
2019-07-31,6380.0,6420,6380,6420,5.0,1
2019-08-01,6420.0,6460,6390,6400,1026.0,1
2019-08-02,6450.0,6480,6400,6470,308.0,1
2019-08-05,6510.0,6510,6300,6300,7564.0,1
2019-08-06,6250.0,6320,6220,6220,6231.0,1
2019-08-07,6260.0,6300,6230,6290,2073.0,1
2019-08-08,6330.0,6390,6330,6390,359.0,1
2019-08-09,6400.0,6430,6370,6430,1495.0,1
2019-08-12,6470.0,6470,6400,6430,377.0,1
2019-08-13,6470.0,6470,6430,6470,1064.0,1
2019-08-14,6470.0,6510,6470,6510,393.0,1
2019-08-16,6280.0,6500,6280,6490,217.0,1
2019-08-19,6540.0,6600,6490,6600,2281.0,1
2019-08-20,6600.0,6700,6600,6700,78.0,1
2019-08-21,6700.0,6740,6700,6730,1103.0,1
2019-08-22,6750.0,6760,6730,6760,419.0,1
2019-08-23,6760.0,6790,6750,6790,73.0,1
2019-08-26,6790.0,6800,6770,6800,626.0,1
2019-08-27,6810.0,6810,6790,6810,1280.0,1
2019-08-28,6850.0,6850,6770,6770,896.0,1
2019-08-29,6800.0,6800,6800,6800,8002.0,1
2019-08-30,6810.0,6810,6800,6810,909.0,1
2019-09-02,6850.0,6850,6780,6850,704.0,1
2019-09-03,6870.0,6870,6850,6850,3.0,1
2019-09-04,6870.0,6870,6750,6850,323.0,1
2019-09-05,6850.0,6860,6850,6860,119.0,1
2019-09-06,6870.0,6870,6780,6870,47.0,1
2019-09-09,6870.0,6870,6630,6770,125.0,1
2019-09-10,6770.0,6810,6750,6750,62.0,1
2019-09-11,6780.0,6780,6780,6780,26.0,1
2019-09-16,6780.0,6790,6740,6790,1566.0,1
2019-09-17,6790.0,6790,6760,6770,2357.0,1
2019-09-18,6780.0,6780,6780,6780,1186.0,1
2019-09-19,6790.0,6790,6790,6790,933.0,1
2019-09-20,6760.0,6800,6760,6800,89.0,1
2019-09-23,6760.0,6760,6760,6760,29.0,1
2019-09-24,6660.0,6810,6660,6810,253.0,1
2019-09-25,6650.0,6790,6610,6610,1636.0,1
2019-09-26,6610.0,6610,6610,6610,1.0,1
2019-09-27,6640.0,6650,6590,6640,122.0,1
2019-09-30,6660.0,6710,6660,6710,86.0,1
2019-10-01,6700.0,6740,6700,6740,2.0,1
2019-10-02,6740.0,6740,6650,6740,16.0,1
2019-10-04,6820.0,6820,6820,6820,15.0,1
2019-10-07,6860.0,6860,6780,6780,37.0,1
2019-10-08,6780.0,6780,6500,6720,74.0,1
2019-10-10,6720.0,6720,6720,6720,0.0,1
2019-10-11,6720.0,6720,6720,6720,5.0,1
2019-10-14,6720.0,6720,6700,6710,87.0,1
2019-10-15,6680.0,6690,6600,6690,49.0,1
2019-10-16,6690.0,6690,6610,6690,44.0,1
2019-10-17,6690.0,6690,6690,6690,0.0,1
2019-10-18,6690.0,6690,6690,6690,148.0,1
2019-10-21,6690.0,6690,6640,6690,4.0,1
2019-10-22,6690.0,6690,6690,6690,3.0,1
2019-10-23,6600.0,6670,6590,6670,117.0,1
2019-10-24,6660.0,6660,6600,6600,15.0,1
2019-10-25,6650.0,6650,6610,6650,11.0,1
2019-10-28,6650.0,6690,6550,6580,140.0,1
2019-10-29,6580.0,6600,6580,6600,31.0,1
2019-10-30,6630.0,6630,6630,6630,2.0,1
2019-10-31,6630.0,6630,6630,6630,92.0,1
2019-11-01,6560.0,6670,6560,6670,26.0,1
2019-11-04,6780.0,6780,6770,6770,628.0,1
2019-11-05,6770.0,6770,6760,6760,777.0,1
2019-11-06,6770.0,6780,6650,6780,46.0,1
2019-11-07,6610.0,6680,6560,6560,545.0,1
2019-11-08,6640.0,6640,6550,6640,1196.0,1
2019-11-11,6680.0,6680,6670,6670,9186.0,1
2019-11-12,6710.0,6750,6700,6750,8227.0,1
2019-11-13,6760.0,6760,6760,6760,461.0,1
2019-11-14,6790.0,6790,6770,6770,830.0,1
2019-11-15,6810.0,6810,6760,6760,268.0,1
2019-11-18,6760.0,6760,6750,6750,22.0,1
2019-11-19,6750.0,6750,6750,6750,11.0,1
2019-11-20,6700.0,6700,6550,6680,2220.0,1
2019-11-21,6680.0,6680,6680,6680,3.0,1
2019-11-22,6560.0,6610,6500,6510,5633.0,1
2019-11-25,6590.0,6590,6550,6590,1106.0,1
2019-11-26,6560.0,6590,6550,6570,4636.0,1
2019-11-27,6560.0,6560,6550,6550,300.0,1
2019-11-28,6550.0,6560,6530,6550,6713.0,1
2019-11-29,6540.0,6540,6520,6520,557.0,1
2019-12-02,6520.0,6520,6490,6490,1035.0,1
2019-12-03,6480.0,6490,6470,6490,1068.0,1
2019-12-04,6490.0,6490,6470,6490,1927.0,1
2019-12-05,6480.0,6500,6450,6490,1127.0,1
2019-12-06,6490.0,6490,6490,6490,531.0,1
2019-12-09,6480.0,6480,6450,6450,93.0,1
2019-12-10,6470.0,6490,6430,6430,42.0,1
2019-12-11,6450.0,6470,6430,6430,31896.0,1
2019-12-12,6460.0,6470,6430,6460,352.0,1
2019-12-13,6490.0,6500,6480,6500,2129.0,1
2019-12-16,6450.0,6520,6430,6440,257.0,1
2019-12-17,6500.0,6500,6450,6480,751.0,1
2019-12-18,6480.0,6490,6460,6490,189.0,1
2019-12-19,6490.0,6510,6490,6500,462.0,1
2019-12-20,6490.0,6490,6490,6490,30582.0,1
2019-12-23,6470.0,6490,6470,6470,13457.0,1
2019-12-24,6480.0,6480,6450,6480,57051.0,1
2019-12-26,6470.0,6620,6470,6610,194.0,1
2019-12-27,6610.0,6610,6610,6610,10.0,1
2019-12-30,6610.0,6610,6610,6610,1.0,1
2020-01-02,6610.0,6610,6500,6580,13.0,1
2020-01-03,6580.0,6580,6410,6460,599.0,1
2020-01-06,6420.0,6500,6420,6500,23.0,1
2020-01-07,6410.0,6500,6410,6500,41.0,1
2020-01-08,6410.0,6500,6410,6410,127.0,1
2020-01-09,6400.0,6490,6380,6450,142.0,1
2020-01-10,6460.0,6460,6270,6380,1377.0,1
2020-01-13,6430.0,6430,6330,6400,80.0,1
2020-01-14,6300.0,6400,6300,6400,174.0,1
2020-01-15,6350.0,6350,6280,6310,1429.0,1
2020-01-16,6380.0,6380,6280,6300,2883.0,1
2020-01-17,6330.0,6330,6300,6300,133.0,1
2020-01-20,6320.0,6320,6270,6310,49.0,1
2020-01-21,6250.0,6310,6220,6310,6374.0,1
2020-01-22,6310.0,6310,6260,6310,74.0,1
2020-01-23,6310.0,6310,6310,6310,4.0,1
2020-01-28,6200.0,6300,6170,6290,772.0,1
2020-01-29,6290.0,6290,6280,6280,14.0,1
2020-01-30,6290.0,6290,6180,6270,48.0,1
2020-01-31,6270.0,6280,6150,6170,305.0,1
2020-02-03,6250.0,6250,6090,6100,713.0,1
2020-02-04,6020.0,6110,6020,6100,308.0,1
2020-02-05,6050.0,6070,5980,6060,813.0,1
2020-02-06,6060.0,6080,6040,6080,201.0,1
2020-02-07,6090.0,6090,6060,6090,35.0,1
2020-02-10,6090.0,6130,6020,6090,264.0,1
2020-02-11,6120.0,6130,6100,6100,437.0,1
2020-02-12,6100.0,6100,6040,6040,71.0,1
2020-02-13,6090.0,6100,6020,6030,1315.0,1
2020-02-14,6030.0,6030,5960,5960,1723.0,1
2020-02-17,5970.0,5980,5950,5960,657.0,1
2020-02-18,5960.0,5990,5960,5990,916.0,1
2020-02-19,6000.0,6000,5950,6000,917.0,1
2020-02-20,6000.0,6000,5930,5930,851.0,1
2020-02-21,5910.0,5990,5880,5940,440.0,1
2020-02-24,5960.0,5980,5890,5930,706.0,1
2020-02-25,5860.0,5930,5850,5930,25326.0,1
2020-02-26,5930.0,5930,5890,5920,131.0,1
2020-02-27,5850.0,6260,5850,5980,4005.0,1
2020-02-28,5860.0,5880,5850,5850,1953.0,1
2020-03-02,5810.0,5810,5770,5770,396.0,1
2020-03-03,5840.0,5840,5820,5820,54.0,1
2020-03-04,5610.0,5790,5610,5690,377.0,1
2020-03-05,5720.0,5720,5690,5720,490.0,1
2020-03-06,5720.0,5720,5670,5670,182.0,1
2020-03-09,5660.0,5670,5640,5650,128.0,1
2020-03-10,5590.0,5680,5520,5670,310.0,1
2020-03-11,5680.0,5680,5490,5490,220.0,1
2020-03-12,5520.0,5520,5010,5400,1259.0,1
2020-03-13,5190.0,5190,4800,4895,1202.0,1
2020-03-16,4850.0,5120,4835,5000,403.0,1
2020-03-17,5000.0,5000,4925,4930,1638.0,1
2020-03-18,4980.0,4980,4895,4895,68.0,1
2020-03-19,4970.0,4970,4500,4505,723.0,1
2020-03-20,4500.0,4750,4400,4590,7802.0,1
2020-03-23,4250.0,4260,4160,4215,738.0,1
2020-03-24,4070.0,4300,4070,4240,703.0,1
2020-03-25,4125.0,4395,4125,4395,3282.0,1
2020-03-26,4350.0,4450,4200,4450,1526.0,1
2020-03-27,4480.0,4500,4410,4410,2474.0,1
2020-03-30,4410.0,4485,4290,4485,11077.0,1
2020-03-31,4420.0,4620,4420,4620,3949.0,1
2020-04-01,4640.0,4720,4620,4720,348.0,1
2020-04-02,4690.0,4910,4690,4910,760.0,1
2020-04-03,4935.0,4935,4930,4935,403.0,1
2020-04-06,4960.0,4990,4960,4990,712.0,1
2020-04-07,5090.0,5190,5090,5190,1182.0,1
2020-04-08,5050.0,5160,5050,5150,59.0,1
2020-04-09,5550.0,5550,5020,5180,2248.0,1
2020-04-10,5170.0,5170,5020,5130,4278.0,1
2020-04-13,5010.0,5120,5000,5120,9708.0,1
2020-04-14,5050.0,5160,5050,5150,1187.0,1
2020-04-16,5130.0,5140,4900,5140,501.0,1
2020-04-17,5430.0,5430,5180,5220,251.0,1
2020-04-20,5200.0,5220,5200,5220,135.0,1
2020-04-21,5200.0,5240,5120,5220,64058.0,1
2020-04-22,5200.0,5230,5100,5220,55.0,1
2020-04-23,5200.0,5250,5200,5250,5230.0,1
2020-04-24,5280.0,5290,5200,5290,1772.0,1
2020-04-27,5300.0,5500,5300,5400,276.0,1
2020-04-28,5700.0,5700,5400,5600,685.0,1
2020-04-29,5540.0,5620,5540,5610,1035.0,1
2020-05-04,5310.0,5540,5310,5540,5117.0,1
2020-05-06,5250.0,5520,5250,5520,549.0,1
2020-05-07,5520.0,5560,5430,5530,10.0,1
2020-05-08,5600.0,5600,5590,5590,12.0,1
2020-05-11,5750.0,5750,5690,5690,67.0,1
2020-05-12,5600.0,5600,5500,5500,60.0,1
2020-05-13,5470.0,5470,5220,5230,364.0,1
2020-05-14,5200.0,5230,5200,5220,354.0,1
2020-05-15,5230.0,5250,5130,5250,1340.0,1
2020-05-18,5270.0,5270,5230,5230,110.0,1
2020-05-19,5270.0,5350,5270,5350,362.0,1
2020-05-20,5380.0,5400,5300,5400,27.0,1
2020-05-21,5400.0,5400,5370,5400,139.0,1
2020-05-22,5400.0,5400,5370,5370,12.0,1
2020-05-25,5300.0,5380,5300,5380,1203.0,1
2020-05-26,5460.0,5500,5460,5500,802.0,1
2020-05-27,5410.0,5470,5400,5410,4130.0,1
2020-05-28,5420.0,5420,5380,5380,4531.0,1
2020-05-29,5300.0,5370,5300,5370,2610.0,1
2020-06-01,5310.0,5360,5280,5310,2806.0,1
2020-06-02,5310.0,5360,5310,5350,201.0,1
2020-06-03,5310.0,5360,5310,5360,284.0,1
2020-06-04,5390.0,5450,5390,5450,820.0,1
2020-06-05,5400.0,5450,5400,5440,763.0,1
2020-06-08,5480.0,5520,5470,5520,620.0,1
2020-06-09,5550.0,5690,5510,5600,1624.0,1
2020-06-10,5680.0,5690,5600,5650,7414.0,1
2020-06-11,6170.0,6170,5650,5800,1153.0,1
2020-06-12,5500.0,5790,5500,5730,10007.0,1
2020-06-15,5800.0,5920,5600,5650,5076.0,1
2020-06-16,5670.0,5840,5670,5750,411.0,1
2020-06-17,5630.0,6010,5630,6010,15923.0,1
2020-06-18,6080.0,6290,6080,6260,13507.0,1
2020-06-19,6350.0,6400,6010,6050,10581.0,1
2020-06-22,6000.0,6010,5870,5930,878.0,1
2020-06-23,6100.0,6100,5760,5800,2893.0,1
2020-06-24,5800.0,5800,5700,5710,5831.0,1
2020-06-25,5680.0,5680,5510,5600,7304.0,1
2020-06-26,5800.0,5800,5600,5610,5971.0,1
2020-06-29,5550.0,5700,5520,5700,5528.0,1
2020-06-30,6000.0,6000,5590,5670,6169.0,1
2020-07-01,5700.0,5810,5670,5810,3812.0,1
2020-07-02,6000.0,6000,5820,5980,11035.0,1
2020-07-03,6030.0,6030,5910,5990,14161.0,1
2020-07-06,5990.0,6190,5990,6160,17070.0,1
2020-07-07,6170.0,6200,6130,6130,2123.0,1
2020-07-08,6130.0,6220,6010,6020,4412.0,1
2020-07-09,6030.0,6090,5980,6090,12591.0,1
2020-07-10,6090.0,6090,5970,6090,481.0,1
2020-07-13,6010.0,6090,6000,6090,8982.0,1
2020-07-14,6090.0,6190,6050,6190,4398.0,1
2020-07-15,6190.0,6190,6070,6130,453.0,1
2020-07-16,6320.0,6320,6010,6200,1871.0,1
2020-07-17,6200.0,6200,6120,6120,23.0,1
2020-07-20,6200.0,6200,6030,6100,2029.0,1
2020-07-21,6130.0,6150,6060,6060,335.0,1
2020-07-22,6170.0,6180,6060,6070,1198.0,1
2020-07-23,6070.0,6070,6000,6010,422.0,1
2020-07-24,5970.0,6070,5970,6020,4033.0,1
2020-07-27,6000.0,6160,6000,6160,1112.0,1
2020-07-28,6220.0,6220,6040,6190,373.0,1
2020-07-29,6190.0,6190,6110,6180,1072.0,1
2020-07-30,6180.0,6180,6110,6160,427.0,1
2020-07-31,6190.0,6190,6060,6160,1347.0,1
2020-08-03,6150.0,6150,6050,6100,8539.0,1
2020-08-04,6150.0,6150,6060,6150,1800.0,1
2020-08-05,6350.0,6370,6100,6160,5657.0,1
2020-08-06,6120.0,6140,6050,6050,5112.0,1
2020-08-07,6080.0,6080,6040,6080,6656.0,1
2020-08-10,6040.0,6080,6030,6080,16201.0,1
2020-08-11,6100.0,6140,6050,6100,4899.0,1
2020-08-12,6070.0,6200,6050,6200,530.0,1
2020-08-13,6690.0,6690,6100,6120,2902.0,1
2020-08-14,6120.0,6190,6120,6150,6037.0,1
2020-08-18,6190.0,6190,5900,6020,15513.0,1
2020-08-19,6000.0,6020,5950,6020,3794.0,1
2020-08-20,6050.0,6050,5900,5950,1095.0,1
2020-08-21,5970.0,5970,5900,5970,187.0,1
2020-08-24,5940.0,5970,5920,5970,489.0,1
2020-08-25,5970.0,6070,5970,6070,403.0,1
2020-08-26,6020.0,6020,5990,6000,1640.0,1
2020-08-27,6010.0,6040,5990,6040,45.0,1
2020-08-28,6030.0,6030,6030,6030,7.0,1
2020-08-31,5880.0,6010,5880,6010,220.0,1
2020-09-01,6010.0,6070,5910,6070,217.0,1
2020-09-02,6070.0,6100,5900,6080,792.0,1
2020-09-03,6060.0,6060,5950,5970,1087.0,1
2020-09-04,5990.0,6010,5940,5970,939.0,1
2020-09-07,6000.0,6020,5980,6020,1386.0,1
2020-09-08,6190.0,6190,5900,5980,970.0,1
2020-09-09,5980.0,6010,5940,5950,651.0,1
2020-09-10,5930.0,6020,5930,6010,690.0,1
2020-09-11,6150.0,6150,5970,6000,1039.0,1
2020-09-14,6000.0,6000,5990,6000,260.0,1
2020-09-15,6000.0,6010,5970,6000,1538.0,1
2020-09-16,6000.0,6000,5970,5970,1718.0,1
2020-09-17,5930.0,6000,5930,5980,32.0,1
2020-09-18,5980.0,6000,5930,5980,216.0,1
2020-09-21,5980.0,6050,5970,6050,1243.0,1
2020-09-22,6060.0,6060,5740,5860,1570.0,1
2020-09-23,5860.0,6020,5810,6000,310.0,1
2020-09-24,6100.0,6140,5820,5940,715.0,1
2020-09-25,5980.0,5980,5950,5950,182.0,1
2020-09-28,5910.0,6100,5910,6000,51.0,1
2020-09-29,6190.0,6190,6000,6000,861.0,1
2020-10-05,6000.0,6100,5940,6040,645.0,1
2020-10-06,6040.0,6040,5980,6010,1257.0,1
2020-10-07,6020.0,6020,6000,6000,238.0,1
2020-10-08,6040.0,6190,6000,6080,430.0,1
2020-10-12,6060.0,6120,6050,6100,846.0,1
2020-10-13,6060.0,6060,6010,6030,443.0,1
2020-10-14,6030.0,6040,5960,6000,396.0,1
2020-10-15,5960.0,6010,5960,5990,460.0,1
2020-10-16,6000.0,6010,5930,5930,444.0,1
2020-10-19,5990.0,5990,5940,5980,220.0,1
2020-10-20,5980.0,6000,5930,5980,713.0,1
2020-10-21,5980.0,5990,5940,5990,1237.0,1
2020-10-22,6000.0,6000,5990,5990,512.0,1
2020-10-23,5990.0,6000,5990,6000,1380.0,1
2020-10-26,6020.0,6020,5990,6000,65.0,1
2020-10-27,6000.0,6000,5970,5970,552.0,1
2020-10-28,5970.0,5970,5920,5930,865.0,1
2020-10-29,5970.0,5970,5900,5960,138.0,1
2020-10-30,5920.0,5940,5920,5940,203.0,1
2020-11-02,5920.0,5980,5910,5980,411.0,1
2020-11-03,5990.0,6000,5990,5990,256.0,1
2020-11-04,5990.0,6000,5990,6000,44.0,1
2020-11-05,6120.0,6120,6000,6010,757.0,1
2020-11-06,5940.0,6010,5940,5980,426.0,1
2020-11-09,5880.0,6030,5880,6010,1499.0,1
2020-11-10,6040.0,6040,6000,6020,2555.0,1
2020-11-11,6090.0,6200,5990,6160,11832.0,1
2020-11-12,6150.0,6230,6150,6190,8721.0,1
2020-11-13,6230.0,6270,6190,6230,5062.0,1
2020-11-16,6300.0,6310,6240,6290,7597.0,1
2020-11-17,6330.0,6330,6190,6220,2675.0,1
2020-11-18,6220.0,6270,6200,6230,1014.0,1
2020-11-19,6170.0,6230,6140,6160,4075.0,1
2020-11-20,6190.0,6210,6180,6200,261.0,1
2020-11-23,6480.0,6480,6320,6360,1877.0,1
2020-11-24,6360.0,6420,6350,6390,851.0,1
2020-11-25,6390.0,6400,6350,6390,932.0,1
2020-11-26,6350.0,6390,6320,6330,782.0,1
2020-11-27,6320.0,6350,6270,6290,2903.0,1
2020-11-30,6430.0,6430,6320,6390,5360.0,1
2020-12-01,6360.0,6400,6330,6390,3196.0,1
2020-12-02,6360.0,6400,6360,6390,626.0,1
2020-12-03,6360.0,6360,6270,6330,1093.0,1
2020-12-04,6320.0,6330,6050,6300,3148.0,1
2020-12-07,6270.0,6280,6270,6280,414.0,1
2020-12-08,6250.0,6280,6230,6230,5549.0,1
2020-12-09,6260.0,6510,6260,6400,7421.0,1
2020-12-10,6390.0,6390,6300,6300,11222.0,1
2020-12-11,6300.0,6450,6300,6440,9533.0,1
2020-12-14,6320.0,6440,6320,6440,1925.0,1
2020-12-15,6400.0,6400,6350,6380,374.0,1
2020-12-16,6380.0,6380,6350,6360,11627.0,1
2020-12-17,6360.0,6380,6360,6370,11579.0,1
2020-12-18,6420.0,6450,6380,6450,7716.0,1
2020-12-21,6390.0,6510,6390,6470,6007.0,1
2020-12-22,6700.0,6700,6580,6580,49054.0,1
2020-12-23,6600.0,7300,6580,7100,39345.0,1
2020-12-24,7150.0,7200,6900,7200,14910.0,1
2020-12-28,7290.0,7290,6920,7090,2445.0,1
2020-12-29,7270.0,7270,7090,7090,3361.0,1
2020-12-30,7100.0,7100,7000,7030,6143.0,1
2021-01-04,7030.0,7240,7030,7190,8481.0,1
2021-01-05,7290.0,7290,7150,7190,2997.0,1
2021-01-06,7100.0,7100,7000,7000,11881.0,1
2021-01-07,7070.0,7380,7070,7330,10592.0,1
2021-01-08,7330.0,7870,7120,7870,20475.0,1
2021-01-11,7980.0,7980,7500,7760,17439.0,1
2021-01-12,7250.0,7770,7250,7770,16057.0,1
2021-01-13,7680.0,7680,7510,7510,724.0,1
2021-01-14,7510.0,7510,7380,7380,2684.0,1
2021-01-15,7300.0,7400,7300,7390,3957.0,1
2021-01-18,7440.0,7440,7160,7160,1676.0,1
2021-01-19,7100.0,7500,7100,7340,5782.0,1
2021-01-20,7400.0,7600,7400,7510,4291.0,1
2021-01-21,7510.0,7510,7390,7410,6593.0,1
2021-01-22,7410.0,7650,7410,7650,10978.0,1
2021-01-25,7730.0,8160,7700,7740,10785.0,1
2021-01-26,7880.0,7980,7560,7730,4361.0,1
2021-01-27,7680.0,8250,7680,8220,16517.0,1
2021-01-28,8220.0,8220,7730,7730,12345.0,1
2021-01-29,7650.0,7650,7440,7440,8092.0,1
2021-02-01,7440.0,7700,7440,7700,12084.0,1
2021-02-02,9500.0,10000,9500,9870,583246.0,1
2021-02-03,8600.0,8640,8390,8500,193284.0,1
2021-02-04,8360.0,8360,7900,7900,68194.0,1
2021-02-05,7950.0,8000,7870,7980,28347.0,1
2021-02-08,7980.0,7980,7700,7700,56445.0,1
2021-02-09,7650.0,7830,7650,7780,20337.0,1
2021-02-10,7700.0,7880,7700,7780,16983.0,1
2021-02-15,7910.0,8600,7910,8180,51735.0,1
2021-02-16,8180.0,8180,7750,7790,27962.0,1
2021-02-17,7940.0,7970,7740,7970,15371.0,1
2021-02-18,7940.0,7940,7610,7610,10704.0,1
2021-02-19,7600.0,7600,7540,7540,5955.0,1
2021-02-22,7550.0,7550,7400,7410,10444.0,1
2021-02-23,9080.0,9100,7530,7590,237668.0,1
2021-02-24,7560.0,7560,7230,7230,40563.0,1
2021-02-25,7240.0,7310,7240,7270,12256.0,1
2021-02-26,7140.0,7260,7130,7260,6537.0,1
2021-03-02,7270.0,7270,7210,7240,6714.0,1
2021-03-03,7110.0,7230,7110,7150,2618.0,1
2021-03-04,7120.0,7250,7120,7250,4312.0,1
2021-03-05,7250.0,7280,7240,7280,3922.0,1
2021-03-08,7380.0,7380,7200,7220,10570.0,1
2021-03-09,7270.0,7270,7070,7080,3724.0,1
2021-03-10,7170.0,7200,7020,7060,1825.0,1
2021-03-11,7050.0,7080,7040,7080,2465.0,1
2021-03-12,7100.0,7120,7070,7120,3043.0,1
2021-03-15,7100.0,7190,7100,7100,3919.0,1
2021-03-16,7100.0,7110,7080,7080,1704.0,1
2021-03-17,7100.0,7110,7070,7100,1597.0,1
2021-03-18,7100.0,7100,7050,7080,5977.0,1
2021-03-19,7070.0,7080,7050,7060,4386.0,1
2021-03-22,7050.0,7200,7040,7120,1452.0,1
2021-03-23,7120.0,7120,7040,7040,4037.0,1
2021-03-24,7010.0,7040,7010,7040,2533.0,1
2021-03-25,7040.0,7040,6980,6980,3610.0,1
2021-03-26,6980.0,7050,6950,6970,1536.0,1
2021-03-29,6970.0,7030,6950,7020,1263.0,1
2021-03-30,6980.0,7030,6980,7020,1195.0,1
2021-03-31,7040.0,7130,7030,7110,1487.0,1
2021-04-01,7100.0,7120,7100,7100,3296.0,1
2021-04-02,7100.0,7120,7060,7060,4868.0,1
2021-04-05,7040.0,7090,7040,7080,1967.0,1
2021-04-06,7080.0,7110,7030,7100,15762.0,1
2021-04-07,7240.0,7240,7150,7150,5816.0,1
2021-04-08,7160.0,7170,7130,7170,14245.0,1
2021-04-09,7200.0,7300,7200,7300,12774.0,1
2021-04-12,7260.0,7320,7240,7290,7819.0,1
2021-04-13,7270.0,7610,7270,7600,24016.0,1
2021-04-14,7600.0,7600,7480,7520,6610.0,1
2021-04-15,7500.0,7550,7500,7520,2631.0,1
2021-04-16,7590.0,7590,7520,7590,4627.0,1
2021-04-19,7610.0,7680,7610,7660,10699.0,1
2021-04-20,7700.0,8080,7700,8080,19771.0,1
2021-04-21,8210.0,8500,8080,8410,44155.0,1
2021-04-22,8500.0,8500,8390,8390,29212.0,1
2021-04-23,8380.0,8500,8320,8440,13621.0,1
2021-04-26,8500.0,8550,8500,8540,14998.0,1
2021-04-27,8560.0,8560,8450,8500,15478.0,1
2021-04-28,8510.0,8590,8440,8450,6531.0,1
2021-04-29,8400.0,8700,8360,8700,17820.0,1
2021-04-30,8720.0,8970,8720,8940,23783.0,1
2021-05-03,9000.0,9200,8890,8890,23814.0,1
2021-05-04,8770.0,8770,8520,8640,14195.0,1
2021-05-06,8560.0,9120,8560,9020,18736.0,1
2021-05-07,9110.0,9160,9110,9120,14079.0,1
2021-05-10,9430.0,9430,9120,9130,14836.0,1
2021-05-11,9160.0,9160,8900,9000,8128.0,1
2021-05-12,9000.0,9000,8800,8870,4281.0,1
2021-05-13,8870.0,8890,8780,8780,18406.0,1
2021-05-14,8780.0,8830,8770,8770,7112.0,1
2021-05-17,8770.0,8770,8110,8720,18088.0,1
2021-05-18,8370.0,8530,8370,8510,8813.0,1
2021-05-20,8590.0,8590,8390,8510,4131.0,1
2021-05-21,8600.0,8600,8430,8500,6103.0,1
2021-05-24,8700.0,8700,8510,8510,3684.0,1
2021-05-25,8600.0,8600,8520,8550,3027.0,1
2021-05-26,8540.0,8540,8390,8390,5099.0,1
2021-05-27,8400.0,8400,8290,8300,3813.0,1
2021-05-28,8300.0,8390,8210,8390,6098.0,1
2021-05-31,8480.0,8480,8390,8400,3734.0,1
2021-06-01,8400.0,8460,8400,8420,6384.0,1
2021-06-02,8420.0,8790,8420,8610,7943.0,1
2021-06-03,8640.0,8650,8510,8630,3636.0,1
2021-06-04,8750.0,8750,8450,8630,8440.0,1
2021-06-07,8630.0,8750,8210,8750,10762.0,1
2021-06-08,8970.0,8970,8700,8940,5088.0,1
2021-06-09,8950.0,8950,8750,8780,2607.0,1
2021-06-10,8790.0,8990,8790,8890,7567.0,1
2021-06-11,8890.0,8890,8730,8870,3286.0,1
2021-06-14,9040.0,9040,8910,8910,2759.0,1
2021-06-15,8970.0,8970,8850,8850,1971.0,1
2021-06-16,8890.0,8890,8830,8830,6046.0,1
2021-06-17,9000.0,9000,8840,8840,1534.0,1
2021-06-18,8730.0,8760,8600,8760,5348.0,1
2021-06-21,8870.0,8870,8800,8800,1466.0,1
2021-06-22,8800.0,8800,8620,8630,1626.0,1
2021-06-23,8700.0,8700,8600,8630,6147.0,1
2021-06-24,8640.0,8670,8630,8630,3109.0,1
2021-06-25,8630.0,8670,8630,8660,177.0,1
2021-06-28,8530.0,8650,8530,8640,369.0,1
2021-06-29,8670.0,8670,8510,8580,873.0,1
2021-06-30,8580.0,8670,8580,8590,2349.0,1
2021-07-01,8590.0,8690,8590,8680,4571.0,1
2021-07-02,8580.0,8640,8580,8580,123.0,1
2021-07-05,8700.0,8700,8530,8540,2381.0,1
2021-07-06,8650.0,8650,8540,8610,1046.0,1
2021-07-07,8610.0,8610,8490,8490,1263.0,1
2021-07-08,8440.0,8440,8380,8390,4434.0,1
2021-07-09,8390.0,8390,8240,8240,5349.0,1
2021-07-12,8360.0,8360,8170,8280,4953.0,1
2021-07-13,8350.0,8360,8350,8350,409.0,1
2021-07-14,8210.0,8350,8210,8340,3200.0,1
2021-07-15,8360.0,8360,8340,8360,1738.0,1
2021-07-16,8360.0,8360,8350,8360,1033.0,1
2021-07-19,8270.0,8270,8220,8260,1335.0,1
2021-07-20,8290.0,8290,8180,8280,13367.0,1
2021-07-21,8490.0,8490,8140,8150,17727.0,1
2021-07-22,8300.0,8300,8270,8290,19500.0,1
2021-07-23,8310.0,8310,8260,8300,9183.0,1
2021-07-26,8280.0,8280,8190,8210,3244.0,1
2021-07-27,8210.0,8340,8210,8300,2217.0,1
2021-07-28,8300.0,8340,8300,8330,20557.0,1
2021-07-29,8400.0,8460,8310,8460,14315.0,1
2021-07-30,8350.0,8360,8220,8260,4878.0,1
2021-08-02,8260.0,8300,8210,8280,2382.0,1
2021-08-03,8210.0,8260,8200,8210,2622.0,1
2021-08-04,8290.0,8290,8210,8210,3673.0,1
2021-08-05,8210.0,8230,8190,8230,1940.0,1
2021-08-06,8280.0,8280,8270,8270,2854.0,1
2021-08-09,8290.0,8300,8190,8250,904.0,1
2021-08-10,8150.0,8190,8150,8150,1860.0,1
2021-08-11,8150.0,8180,8140,8180,1202.0,1
2021-08-12,8190.0,8190,8180,8190,2568.0,1
2021-08-13,8120.0,8120,8080,8080,2103.0,1
2021-08-17,8150.0,8150,8040,8040,2701.0,1
2021-08-18,8060.0,8060,8000,8040,1427.0,1
2021-08-19,7990.0,8080,7980,7990,2286.0,1
2021-08-20,7930.0,8000,7930,8000,2125.0,1
2021-08-23,8000.0,8040,7920,8040,586.0,1
2021-08-24,8000.0,8020,7970,8010,2175.0,1
2021-08-25,8010.0,8020,7940,7970,930.0,1
2021-08-26,7990.0,7990,7930,7970,3021.0,1
2021-08-27,7990.0,7990,7930,7980,5208.0,1
2021-08-30,7990.0,7990,7930,7950,6728.0,1
2021-08-31,7920.0,7920,7870,7870,5174.0,1
2021-09-01,8160.0,8160,7770,7820,12042.0,1
2021-09-02,7800.0,7820,7800,7810,2680.0,1
2021-09-03,7810.0,7900,7810,7900,8349.0,1
2021-09-06,7900.0,7940,7860,7860,3988.0,1
2021-09-07,7930.0,7930,7820,7820,5036.0,1
2021-09-08,7790.0,7880,7780,7880,10323.0,1
2021-09-09,7860.0,7860,7790,7790,4382.0,1
2021-09-10,7790.0,7830,7770,7800,2334.0,1
2021-09-13,7800.0,7830,7760,7760,1894.0,1
2021-09-14,7800.0,7800,7730,7730,4367.0,1
2021-09-15,7730.0,7730,7710,7720,3030.0,1
2021-09-16,7670.0,7720,7670,7720,3609.0,1
2021-09-17,7750.0,7760,7740,7760,1745.0,1
2021-09-23,7740.0,7740,7680,7700,2158.0,1
2021-09-24,7750.0,7750,7700,7720,3390.0,1
2021-09-27,7720.0,7720,7600,7630,7291.0,1
2021-09-28,7680.0,7680,7480,7580,6393.0,1
2021-09-29,7470.0,7470,7350,7360,9430.0,1
2021-09-30,7430.0,7430,7350,7430,16729.0,1
2021-10-01,7410.0,7410,7250,7250,8849.0,1
2021-10-05,7250.0,7280,6990,6990,14984.0,1
2021-10-06,7010.0,7010,6850,6880,25754.0,1
2021-10-07,6920.0,7000,6920,7000,1277.0,1
2021-10-08,7030.0,7080,7010,7030,7143.0,1
2021-10-12,7030.0,7040,7000,7040,195.0,1
2021-10-13,7040.0,7080,7030,7070,3466.0,1
2021-10-14,7160.0,7180,7100,7180,574.0,1
2021-10-15,7140.0,7270,7140,7200,3198.0,1
2021-10-18,7200.0,7240,7160,7230,192.0,1
2021-10-19,7290.0,7300,7240,7280,1470.0,1
2021-10-20,7310.0,7340,7240,7240,7763.0,1
2021-10-21,7240.0,7270,7210,7270,914.0,1
2021-10-22,7240.0,7270,7240,7260,254.0,1
2021-10-25,7260.0,7290,7260,7260,4807.0,1
2021-10-26,7280.0,7280,7240,7260,10692.0,1
2021-10-27,7270.0,7270,7160,7190,11244.0,1
2021-10-28,7200.0,7210,7160,7200,16043.0,1
2021-10-29,7200.0,7260,7160,7160,489.0,1
2021-11-01,7160.0,7200,7070,7130,9895.0,1
2021-11-02,7140.0,7180,7140,7140,9264.0,1
2021-11-03,7170.0,7170,7090,7100,7438.0,1
2021-11-04,7150.0,7150,7040,7040,9383.0,1
2021-11-05,7040.0,7070,7040,7040,7043.0,1
2021-11-08,7040.0,7040,7040,7040,2421.0,1
2021-11-09,7130.0,7130,7010,7020,7694.0,1
2021-11-10,7080.0,7080,6970,6970,94.0,1
2021-11-11,6970.0,6970,6930,6970,307.0,1
2021-11-12,6970.0,7100,6920,7100,270.0,1
2021-11-15,7100.0,7200,7100,7200,379.0,1
2021-11-16,7200.0,7220,7200,7220,1000.0,1
2021-11-17,7220.0,7220,7170,7220,67.0,1
2021-11-18,7210.0,7210,7210,7210,426.0,1
2021-11-19,7210.0,7210,7120,7210,1687.0,1
2021-11-22,7210.0,7210,7180,7210,928.0,1
2021-11-23,7350.0,7350,7220,7280,579.0,1
2021-11-24,7280.0,7390,7180,7180,2322.0,1
2021-11-25,7250.0,7250,7200,7220,45.0,1
2021-11-26,7220.0,7220,7160,7200,226.0,1
2021-11-29,7000.0,7190,7000,7190,632.0,1
2021-11-30,7150.0,7150,7010,7040,2334.0,1
2021-12-01,7120.0,7120,7030,7120,154.0,1
2021-12-02,7170.0,7170,7120,7170,30.0,1
2021-12-03,7170.0,7200,7170,7200,60.0,1
2021-12-06,7200.0,7200,7180,7190,214.0,1
2021-12-07,7170.0,7170,7160,7160,4368.0,1
2021-12-08,7170.0,7190,7120,7160,4051.0,1
2021-12-09,7170.0,7170,7160,7170,1325.0,1
2021-12-10,7180.0,7320,7170,7320,1239.0,1
2021-12-13,7240.0,7300,7240,7280,1838.0,1
2021-12-14,7330.0,7330,7240,7250,2427.0,1
2021-12-15,7260.0,7350,7260,7290,2881.0,1
2021-12-16,7400.0,7400,7240,7280,3484.0,1
2021-12-17,7290.0,7490,7290,7490,2774.0,1
2021-12-20,7490.0,7490,7190,7390,1482.0,1
2021-12-21,7380.0,7380,7190,7190,2700.0,1
2021-12-22,7200.0,7270,7200,7260,10562.0,1
2021-12-23,7330.0,7330,7200,7200,2336.0,1
2021-12-24,7210.0,7250,7210,7240,1491.0,1
2021-12-27,7240.0,7350,7240,7350,3305.0,1
2021-12-28,7330.0,7390,7320,7380,4878.0,1
2021-12-29,7480.0,7480,7290,7290,194.0,1
2021-12-30,7290.0,7290,7190,7200,2383.0,1
2022-01-03,7170.0,7200,7120,7200,1341.0,1
2022-01-04,7130.0,7220,7130,7220,2136.0,1
2022-01-05,7380.0,7380,7180,7190,68.0,1
2022-01-06,7330.0,7330,7290,7290,11.0,1
2022-01-07,7370.0,7370,7210,7340,689.0,1
2022-01-10,7340.0,7340,7200,7200,3094.0,1
2022-01-11,7210.0,7270,7200,7210,148.0,1
2022-01-12,7210.0,7260,7160,7160,2146.0,1
2022-01-13,7170.0,7310,7160,7300,1284.0,1
2022-01-14,7200.0,7280,7200,7280,378.0,1
2022-01-17,7250.0,7250,7230,7230,173.0,1
2022-01-18,7170.0,7290,7170,7180,881.0,1
2022-01-19,7150.0,7190,7150,7190,1366.0,1
2022-01-20,7230.0,7300,7230,7300,554.0,1
2022-01-21,7300.0,7300,7250,7250,219.0,1
2022-01-24,7250.0,7250,7170,7220,3566.0,1
2022-01-25,7180.0,7180,7010,7020,2487.0,1
2022-01-26,7020.0,7020,6970,7000,1217.0,1
2022-01-27,6960.0,6960,6880,6890,1228.0,1
2022-01-28,6830.0,6930,6830,6930,6111.0,1
2022-02-03,7030.0,7030,6970,7030,2710.0,1
2022-02-04,7030.0,7110,7030,7090,56.0,1
2022-02-07,7090.0,7100,7090,7090,247.0,1
2022-02-08,7050.0,7090,7050,7090,1112.0,1
2022-02-09,7100.0,7100,7010,7080,1182.0,1
2022-02-10,7060.0,7110,7040,7090,2713.0,1
2022-02-11,7100.0,7100,7010,7080,677.0,1
2022-02-14,7000.0,7070,7000,7070,41.0,1
2022-02-15,7000.0,7090,6990,6990,2168.0,1
2022-02-16,7060.0,7100,7020,7090,4442.0,1
2022-02-17,7100.0,7100,7060,7060,475.0,1
2022-02-18,7000.0,7090,7000,7060,1234.0,1
2022-02-21,7070.0,7070,7050,7070,93.0,1
2022-02-22,6990.0,7070,6990,7020,1107.0,1
2022-02-23,7040.0,7040,6980,7040,1101.0,1
2022-02-24,7040.0,7090,6970,7060,1422.0,1
2022-02-25,7060.0,7060,6970,6970,1569.0,1
2022-02-28,6970.0,6970,6900,6960,2594.0,1
2022-03-02,6970.0,7120,6970,7100,5761.0,1
2022-03-03,7100.0,7100,7070,7100,1651.0,1
2022-03-04,7100.0,7100,6980,6980,8352.0,1
2022-03-07,7090.0,7090,7000,7000,1629.0,1
2022-03-08,7030.0,7090,7010,7010,620.0,1
2022-03-10,7100.0,7100,7030,7030,608.0,1
2022-03-11,7030.0,7090,7030,7080,437.0,1
2022-03-14,7080.0,7090,7050,7070,1013.0,1
2022-03-15,7070.0,7070,7050,7050,1048.0,1
2022-03-16,7090.0,7090,7050,7060,267.0,1
2022-03-17,7100.0,7100,7060,7060,2946.0,1
2022-03-18,7100.0,7100,7040,7070,1376.0,1
2022-03-21,7100.0,7100,7070,7070,260.0,1
2022-03-22,7070.0,7110,7030,7070,830.0,1
2022-03-23,7100.0,7190,7070,7130,210.0,1
2022-03-24,7280.0,7280,7090,7180,686.0,1
2022-03-25,7250.0,7250,7100,7140,5773.0,1
2022-03-28,7140.0,7140,7050,7100,4048.0,1
2022-03-29,7100.0,7100,7050,7090,858.0,1
2022-03-30,7110.0,7130,7110,7120,157.0,1
2022-03-31,7070.0,7150,7070,7150,2880.0,1
2022-04-01,7150.0,7200,7130,7130,1118.0,1
2022-04-04,7280.0,7280,7150,7150,3433.0,1
2022-04-05,7230.0,7230,7130,7160,1441.0,1
2022-04-06,7160.0,7170,7150,7150,149.0,1
2022-04-07,7160.0,7180,7130,7160,2875.0,1
2022-04-08,7160.0,7280,7160,7170,2466.0,1
2022-04-11,7190.0,7190,7150,7190,5971.0,1
2022-04-12,7180.0,7230,7180,7220,2906.0,1
2022-04-13,7300.0,7300,7210,7250,1393.0,1
2022-04-14,7300.0,7300,7220,7270,4258.0,1
2022-04-15,7320.0,7320,7210,7250,3345.0,1
2022-04-18,7250.0,7290,7210,7250,465.0,1
2022-04-19,7250.0,7260,7250,7260,2379.0,1
2022-04-20,7290.0,7300,7260,7300,6712.0,1
2022-04-21,7300.0,7300,7260,7300,13842.0,1
2022-04-22,7310.0,7310,7250,7310,3995.0,1
2022-04-25,7300.0,7300,7240,7270,5223.0,1
2022-04-26,7270.0,7410,7270,7350,7140.0,1
2022-04-27,7370.0,7370,7240,7250,2871.0,1
2022-04-28,7260.0,7260,7230,7260,11526.0,1
2022-04-29,7270.0,7300,7250,7280,5744.0,1
2022-05-02,7250.0,7420,7250,7420,1982.0,1
2022-05-03,7420.0,7420,7260,7330,2291.0,1
2022-05-04,7330.0,7350,7290,7290,889.0,1
2022-05-06,7250.0,7270,7250,7250,1670.0,1
2022-05-09,7250.0,7290,7110,7110,4802.0,1
2022-05-10,7150.0,7150,7020,7080,2889.0,1
2022-05-11,7200.0,7200,7110,7110,2476.0,1
2022-05-12,7110.0,7110,6970,6970,3102.0,1
2022-05-13,6990.0,7050,6970,7050,677.0,1
2022-05-16,7500.0,7500,7260,7260,3345.0,1
2022-05-17,7300.0,7410,7300,7400,5845.0,1
2022-05-18,7340.0,7400,7340,7360,369.0,1
2022-05-19,7360.0,7360,7180,7190,2471.0,1
2022-05-20,7200.0,7400,7200,7360,3306.0,1
2022-05-23,7370.0,7370,7290,7360,847.0,1
2022-05-24,7370.0,7370,7210,7230,446.0,1
2022-05-25,7240.0,7240,7190,7200,1234.0,1
2022-05-26,7200.0,7270,7170,7270,245.0,1
2022-05-27,7310.0,7410,7310,7310,247.0,1
2022-05-30,7390.0,7390,7300,7300,67.0,1
2022-05-31,7300.0,7300,7280,7300,1745.0,1
2022-06-02,7220.0,7310,7220,7290,289.0,1
2022-06-03,7440.0,7440,7240,7300,563.0,1
2022-06-07,7330.0,7330,7300,7300,2130.0,1
2022-06-08,7300.0,7300,7250,7250,1194.0,1
2022-06-09,7380.0,7380,7300,7300,861.0,1
2022-06-10,7300.0,7300,7290,7290,32.0,1
2022-06-13,7250.0,7250,7050,7060,1869.0,1
2022-06-14,7010.0,7090,6920,6940,1916.0,1
2022-06-15,6780.0,6930,6780,6860,524.0,1
2022-06-16,6870.0,6950,6820,6820,438.0,1
2022-06-17,6830.0,6830,6750,6810,867.0,1
2022-06-20,6820.0,6820,6670,6670,696.0,1
2022-06-21,6670.0,6790,6650,6790,1085.0,1
2022-06-22,6720.0,6760,6720,6730,1769.0,1
2022-06-23,6580.0,6590,6520,6590,2144.0,1
2022-06-24,6700.0,6820,6620,6820,1519.0,1
2022-06-27,6820.0,6890,6820,6890,549.0,1
2022-06-28,6890.0,6890,6790,6790,321.0,1
2022-06-29,6790.0,6850,6790,6850,212.0,1
2022-06-30,6900.0,6900,6710,6710,122.0,1
2022-07-01,6850.0,6850,6680,6850,19.0,1
2022-07-04,6920.0,6920,6610,6740,193.0,1
2022-07-05,6690.0,6780,6690,6770,100.0,1
2022-07-06,6810.0,6810,6540,6540,202.0,1
2022-07-07,6580.0,6890,6580,6790,576.0,1
2022-07-08,6790.0,6830,6680,6830,88.0,1
2022-07-11,6880.0,6880,6830,6870,3.0,1
2022-07-12,6830.0,6890,6650,6650,373.0,1
2022-07-13,6650.0,6720,6650,6720,251.0,1
2022-07-14,6720.0,7330,6720,7330,1374.0,1
2022-07-15,7150.0,7150,6870,7010,731.0,1
2022-07-18,7010.0,7010,6800,6890,574.0,1
2022-07-19,6780.0,6880,6730,6850,1208.0,1
2022-07-20,6850.0,6880,6820,6850,1256.0,1
2022-07-21,6800.0,6910,6800,6910,288.0,1
2022-07-22,6910.0,6910,6860,6910,254.0,1
2022-07-25,6890.0,6910,6890,6910,409.0,1
2022-07-26,6910.0,6930,6880,6930,232.0,1
2022-07-27,6900.0,6930,6850,6930,231.0,1
2022-07-28,6930.0,6940,6850,6880,420.0,1
2022-07-29,6880.0,6920,6850,6920,1338.0,1
2022-08-01,6900.0,6940,6900,6940,242.0,1
2022-08-02,6950.0,6950,6860,6950,291.0,1
2022-08-03,6850.0,6950,6790,6950,2440.0,1
2022-08-04,6970.0,7030,6970,7010,1729.0,1
2022-08-05,7000.0,7010,7000,7000,3077.0,1
2022-08-08,7000.0,7050,7000,7050,390.0,1
2022-08-09,7090.0,7090,7010,7030,318.0,1
2022-08-10,7000.0,7070,7000,7070,3798.0,1
2022-08-11,7110.0,7110,7030,7060,1705.0,1
2022-08-12,7110.0,7180,7090,7160,574.0,1
2022-08-16,7190.0,7300,7190,7200,1508.0,1
2022-08-17,7190.0,7190,7180,7190,787.0,1
2022-08-18,7150.0,7150,7070,7110,647.0,1
2022-08-19,7180.0,7250,7170,7250,2653.0,1
2022-08-22,7300.0,7300,7180,7180,1945.0,1
2022-08-23,7150.0,7310,7150,7280,1967.0,1
2022-08-24,7300.0,7300,7200,7240,318.0,1
2022-08-25,7280.0,7340,7240,7240,1649.0,1
2022-08-26,7290.0,7310,7190,7190,980.0,1
2022-08-29,7150.0,7190,7100,7190,636.0,1
2022-08-30,7190.0,7250,7150,7250,290.0,1
2022-08-31,7210.0,7450,7210,7410,4552.0,1
2022-09-01,7450.0,7450,7370,7380,604.0,1
2022-09-02,7380.0,7420,7310,7410,883.0,1
2022-09-05,7420.0,7450,7420,7420,2723.0,1
2022-09-06,7500.0,7600,7500,7560,14424.0,1
2022-09-07,7600.0,7730,7600,7650,17469.0,1
2022-09-08,7660.0,7660,7360,7640,8336.0,1
2022-09-13,7660.0,7660,7600,7610,2484.0,1
2022-09-14,7650.0,7650,7560,7560,160.0,1
2022-09-15,7560.0,7560,7460,7520,829.0,1
2022-09-16,7560.0,7560,7500,7500,945.0,1
2022-09-19,7500.0,7540,7420,7420,3494.0,1
2022-09-20,7400.0,7500,7400,7460,227.0,1
2022-09-21,7540.0,7540,7450,7450,61.0,1
2022-09-22,7450.0,7540,7440,7540,145.0,1
2022-09-23,7560.0,7610,7560,7560,1832.0,1
2022-09-26,7520.0,7520,7170,7200,1866.0,1
2022-09-27,7110.0,7230,7060,7230,805.0,1
2022-09-28,7190.0,7270,7180,7180,262.0,1
2022-09-29,7180.0,7320,7160,7320,1852.0,1
2022-09-30,7290.0,7370,7250,7250,517.0,1
2022-10-04,7310.0,7310,7260,7290,55.0,1
2022-10-05,7340.0,7340,7320,7320,626.0,1
2022-10-06,7310.0,7380,7310,7380,51.0,1
2022-10-07,7430.0,7510,7430,7500,9209.0,1
2022-10-11,7590.0,7590,7360,7360,1591.0,1
2022-10-12,7370.0,7370,7220,7220,75.0,1
2022-10-13,7220.0,7220,7190,7190,2062.0,1
2022-10-14,7180.0,7300,7160,7300,1027.0,1
2022-10-17,7310.0,7350,7310,7320,116.0,1
2022-10-18,7370.0,7370,7320,7350,62.0,1
2022-10-19,7390.0,7390,7350,7350,44.0,1
2022-10-20,7360.0,7370,7360,7370,35.0,1
2022-10-21,7200.0,7240,7190,7210,3942.0,1
2022-10-24,7330.0,7370,7220,7370,1951.0,1
2022-10-25,7450.0,7550,7450,7530,2962.0,1
2022-10-26,7580.0,7580,7470,7510,1023.0,1
2022-10-27,7460.0,7570,7450,7570,2119.0,1
2022-10-28,7570.0,7600,7570,7600,3484.0,1
2022-10-31,7670.0,7670,7580,7580,1413.0,1
2022-11-01,7580.0,7700,7580,7690,2162.0,1
2022-11-02,7710.0,8000,7710,8000,10043.0,1
2022-11-03,8010.0,8010,7840,7850,11381.0,1
2022-11-04,8000.0,8000,7880,7880,1081.0,1
2022-11-07,7900.0,8000,7900,8000,7968.0,1
2022-11-08,8010.0,8030,8010,8020,9208.0,1
2022-11-09,8080.0,8080,8060,8080,3729.0,1
2022-11-10,8200.0,8300,8170,8300,14209.0,1
2022-11-11,8300.0,8320,8210,8320,6850.0,1
2022-11-14,8370.0,8680,8370,8670,21020.0,1
2022-11-15,8670.0,9000,8670,9000,22942.0,1
2022-11-16,9190.0,9190,9000,9140,24937.0,1
2022-11-17,9240.0,9400,9240,9400,29522.0,1
2022-11-18,9490.0,9490,8850,8850,26926.0,1
2022-11-21,8850.0,8950,8820,8950,14330.0,1
2022-11-22,8720.0,9080,8720,9080,10818.0,1
2022-11-23,9110.0,9110,8900,8910,13843.0,1
2022-11-24,8820.0,8850,8770,8850,4109.0,1
2022-11-25,8900.0,9180,8900,9180,10193.0,1
2022-11-28,9200.0,9200,8990,8990,12724.0,1
2022-11-29,9000.0,9040,8900,8900,11825.0,1
2022-11-30,8900.0,9010,8900,9010,9584.0,1
2022-12-01,9020.0,9350,9020,9310,26606.0,1
2022-12-02,9350.0,9360,9120,9240,7143.0,1
2022-12-05,9500.0,9630,9500,9630,23966.0,1
2022-12-06,9650.0,9650,8800,8810,26619.0,1
2022-12-07,8820.0,9050,8700,9000,10349.0,1
2022-12-08,9010.0,9010,8700,8790,11073.0,1
2022-12-09,8750.0,8770,8660,8760,10829.0,1
2022-12-12,8700.0,8750,8300,8390,5819.0,1
2022-12-13,8390.0,8390,8300,8340,21524.0,1
2022-12-14,8370.0,8380,8300,8300,49629.0,1
2022-12-15,8470.0,8470,8310,8310,8418.0,1
2022-12-16,8310.0,8340,8310,8320,2773.0,1
2022-12-19,8290.0,8290,8150,8150,15102.0,1
2022-12-20,8180.0,8180,8020,8020,17804.0,1
2022-12-21,8190.0,8190,8010,8040,8157.0,1
2022-12-22,8070.0,8070,8010,8010,17666.0,1
2022-12-23,8010.0,8010,7850,7930,5605.0,1
2022-12-26,7950.0,7980,7910,7980,12615.0,1
2022-12-27,7980.0,8150,7980,8100,14050.0,1
2022-12-28,8100.0,8250,8100,8200,27927.0,1
2022-12-29,8200.0,8290,8090,8120,13941.0,1
2023-01-02,8200.0,8200,8120,8140,22316.0,1
2023-01-03,8210.0,8300,8160,8300,13759.0,1
2023-01-04,8320.0,8600,8320,8600,8857.0,1
2023-01-05,8600.0,8820,8600,8700,12541.0,1
2023-01-06,8690.0,8730,8400,8720,10269.0,1
2023-01-09,8730.0,8780,8720,8720,10685.0,1
2023-01-10,8720.0,8830,8720,8720,23466.0,1
2023-01-11,8730.0,8730,8600,8600,20791.0,1
2023-01-12,8530.0,8530,8460,8460,7588.0,1
2023-01-13,8430.0,8650,8390,8600,43966.0,1
2023-01-16,8800.0,8800,8570,8570,23094.0,1
2023-01-17,8550.0,8670,8500,8540,21223.0,1
2023-01-18,8500.0,8560,8400,8400,13791.0,1
2023-01-19,8350.0,8360,8300,8300,19989.0,1
2023-01-20,8250.0,8400,8250,8360,16165.0,1
2023-01-25,8370.0,8370,8260,8290,10709.0,1
2023-01-26,8300.0,8380,8250,8380,3914.0,1
2023-01-27,8360.0,8450,8310,8370,24407.0,1
2023-01-30,8350.0,8390,8300,8370,9977.0,1
2023-01-31,8340.0,8550,8340,8510,37976.0,1
2023-02-01,8520.0,9340,8520,8990,94329.0,1
2023-02-02,9200.0,9300,8940,8940,60301.0,1
2023-02-03,8850.0,8850,8700,8700,25064.0,1
2023-02-06,8630.0,8700,8530,8700,13269.0,1
2023-02-07,8650.0,9010,8650,9010,13979.0,1
2023-02-08,9040.0,9050,8780,8790,11459.0,1
2023-02-09,8810.0,8880,8800,8800,6341.0,1
2023-02-10,8740.0,8750,8620,8670,12889.0,1
2023-02-13,8670.0,8680,8600,8660,9079.0,1
2023-02-14,8660.0,8720,8660,8660,21172.0,1
2023-02-15,8690.0,8700,8500,8520,9064.0,1
2023-02-16,8600.0,8600,8520,8550,20812.0,1
2023-02-17,8540.0,8660,8540,8650,45115.0,1
2023-02-20,8700.0,8800,8700,8730,37730.0,1
2023-02-21,8790.0,8790,8660,8660,25800.0,1
2023-02-22,8700.0,9000,8700,9000,28438.0,1
2023-02-23,9110.0,9250,9040,9250,13701.0,1
2023-02-24,9260.0,9380,9230,9300,18169.0,1
2023-02-27,9340.0,9350,9300,9300,15934.0,1
2023-02-28,9360.0,9370,9320,9360,6694.0,1
2023-03-02,9500.0,9500,9440,9470,13713.0,1
2023-03-03,9500.0,11450,9500,10500,78355.0,1
2023-03-06,10500.0,12300,10500,12300,117588.0,1
2023-03-07,12380.0,12980,11720,12150,50724.0,1
2023-03-08,11700.0,11700,11280,11380,32327.0,1
2023-03-09,11450.0,12000,11450,11740,26435.0,1
2023-03-10,11730.0,11730,10900,11250,26766.0,1
2023-03-13,10950.0,11100,10700,11010,15818.0,1
2023-03-14,11010.0,11010,10630,10670,23246.0,1
2023-03-15,10900.0,10940,10850,10940,9999.0,1
2023-03-16,10940.0,11020,10940,11020,5660.0,1
2023-03-17,11000.0,11190,10900,10940,10437.0,1
2023-03-20,10940.0,10940,10690,10690,5418.0,1
2023-03-21,10750.0,10750,10510,10660,5464.0,1
2023-03-22,10700.0,10700,10290,10290,8953.0,1
2023-03-23,10260.0,10260,9960,10030,6799.0,1
2023-03-24,10000.0,10000,9730,9850,9846.0,1
2023-03-27,10010.0,10030,9910,9950,8601.0,1
2023-03-28,9950.0,9950,9810,9930,9212.0,1
2023-03-29,9890.0,10100,9890,10100,4464.0,1
2023-03-30,10100.0,10100,9870,10030,4768.0,1
2023-03-31,9920.0,10020,9880,10020,3582.0,1
2023-04-03,10020.0,10200,10020,10020,2354.0,1
2023-04-04,10020.0,10180,10020,10030,3836.0,1
2023-04-05,9990.0,10020,9940,9990,1759.0,1
2023-04-06,9980.0,9980,9850,9930,2758.0,1
2023-04-07,9880.0,10220,9880,10180,3948.0,1
2023-04-10,10100.0,10100,9830,10000,3941.0,1
2023-04-11,10000.0,10000,9830,9900,3976.0,1
2023-04-12,9860.0,10000,9860,9950,5548.0,1
2023-04-13,9850.0,9960,9850,9940,6035.0,1
2023-04-14,9980.0,9980,9850,9940,7262.0,1
2023-04-17,9980.0,10050,9900,10050,6126.0,1
2023-04-18,10100.0,10100,9900,9950,16578.0,1
2023-04-19,9950.0,9960,9930,9950,3912.0,1
2023-04-20,9970.0,10010,9970,9970,5040.0,1
2023-04-21,9980.0,9980,9860,9900,7351.0,1
2023-04-24,9900.0,9900,8500,8540,31668.0,1
2023-04-25,8210.0,8210,7900,8080,18403.0,1
2023-04-26,8050.0,8160,8050,8100,10871.0,1
2023-04-27,8070.0,8120,8000,8010,7954.0,1
2023-04-28,8100.0,8400,8100,8350,8458.0,1
2023-05-02,8350.0,8350,8300,8330,5546.0,1
2023-05-03,8220.0,8250,8220,8230,2607.0,1
2023-05-04,8230.0,8230,8060,8110,3581.0,1
2023-05-08,8100.0,8200,8100,8170,4427.0,1
2023-05-09,8100.0,8100,8040,8040,5587.0,1
2023-05-10,8040.0,8150,8040,8040,4181.0,1
2023-05-11,8050.0,8070,8050,8050,3863.0,1
2023-05-12,8050.0,8100,8040,8060,1666.0,1
2023-05-15,8050.0,8050,7970,8000,3026.0,1
2023-05-16,7920.0,7920,7890,7890,7073.0,1
2023-05-17,7870.0,7930,7850,7850,3087.0,1
2023-05-18,7860.0,7950,7860,7880,2535.0,1
2023-05-19,7880.0,7950,7850,7920,1987.0,1
2023-05-22,7950.0,7980,7900,7900,2623.0,1
2023-05-23,7910.0,7950,7910,7940,2481.0,1
2023-05-24,7900.0,7940,7900,7920,3170.0,1
2023-05-25,7870.0,7920,7860,7870,3027.0,1
2023-05-26,7860.0,7860,7780,7790,2245.0,1
2023-05-30,7760.0,7800,7690,7800,7332.0,1
2023-05-31,7800.0,7810,7800,7800,1854.0,1
2023-06-01,7850.0,7890,7710,7770,2472.0,1
2023-06-02,7820.0,7860,7820,7850,1395.0,1
2023-06-05,7900.0,7990,7900,7980,1125.0,1
2023-06-07,7980.0,7980,7880,7900,2879.0,1
2023-06-08,7800.0,7800,7790,7790,2259.0,1
2023-06-09,7810.0,7900,7810,7840,15080.0,1
2023-06-12,7900.0,7900,7820,7830,3403.0,1
2023-06-13,7830.0,7850,7820,7820,2322.0,1
2023-06-14,7800.0,7990,7800,7850,2958.0,1
2023-06-15,7850.0,7850,7790,7790,1844.0,1
2023-06-16,7800.0,7800,7740,7740,6356.0,1
2023-06-19,7680.0,7680,7590,7610,6064.0,1
2023-06-20,7720.0,7720,7560,7580,2741.0,1
2023-06-21,7540.0,7540,7500,7500,2465.0,1
2023-06-22,7500.0,7530,7500,7520,887.0,1
2023-06-23,7520.0,7520,7390,7400,12787.0,1
2023-06-26,7400.0,7410,7360,7410,3769.0,1
2023-06-27,7370.0,7390,7330,7360,5755.0,1
2023-06-28,7350.0,7350,7310,7320,1476.0,1
2023-06-29,7320.0,7380,7310,7320,191.0,1
2023-06-30,7320.0,7530,7310,7530,3123.0,1
2023-07-03,7540.0,7720,7500,7500,4333.0,1
2023-07-04,7450.0,7870,7450,7480,1114.0,1
2023-07-05,7430.0,7430,7410,7410,791.0,1
2023-07-06,7410.0,7440,7350,7350,654.0,1
2023-07-07,7350.0,7350,7270,7270,365.0,1
2023-07-10,7290.0,7290,7270,7270,2948.0,1
2023-07-11,7270.0,7280,7270,7270,259.0,1
2023-07-12,7270.0,7290,7240,7260,631.0,1
2023-07-13,7250.0,7300,7230,7290,2617.0,1
2023-07-14,7290.0,7290,7210,7250,13755.0,1
2023-07-17,7250.0,7290,7250,7280,5211.0,1
2023-07-18,7250.0,7250,7220,7250,2399.0,1
2023-07-19,7220.0,7250,7210,7220,1218.0,1
2023-07-20,7220.0,7220,7200,7200,872.0,1
2023-07-21,7110.0,7120,7090,7100,2627.0,1
2023-07-24,7080.0,7080,6860,6880,2486.0,1
2023-07-25,6880.0,6880,6770,6870,1737.0,1
2023-07-26,6790.0,6790,6640,6640,4802.0,1
2023-07-27,6630.0,6810,6630,6810,565.0,1
2023-07-28,6800.0,6900,6750,6900,7708.0,1
2023-07-31,6730.0,6860,6730,6800,1866.0,1
2023-08-01,6800.0,6900,6800,6880,1863.0,1
2023-08-02,6830.0,6830,6820,6820,693.0,1
2023-08-03,6890.0,6890,6770,6780,550.0,1
2023-08-04,6780.0,6820,6780,6790,354.0,1
2023-08-07,6780.0,6820,6760,6760,211.0,1
2023-08-08,6770.0,6770,6740,6750,518.0,1
2023-08-09,6740.0,6820,6680,6720,1146.0,1
2023-08-10,6720.0,6780,6690,6740,215.0,1
2023-08-11,6780.0,6840,6720,6740,4861.0,1
2023-08-14,6860.0,6860,6700,6700,704.0,1
2023-08-16,6700.0,6700,6630,6630,2052.0,1
2023-08-17,6630.0,6630,6590,6630,1328.0,1
2023-08-18,6630.0,6700,6610,6700,1854.0,1
2023-08-21,6630.0,6690,6630,6650,862.0,1
2023-08-22,6650.0,6650,6560,6610,1503.0,1
2023-08-23,6620.0,6620,6560,6570,1108.0,1
2023-08-24,6540.0,6580,6540,6570,630.0,1
2023-08-25,6570.0,6620,6540,6570,373.0,1
2023-08-28,6600.0,6650,6550,6650,575.0,1
2023-08-29,6750.0,6750,6600,6710,496.0,1
2023-08-30,6710.0,6890,6710,6870,7553.0,1
2023-08-31,6900.0,6900,6780,6890,261.0,1
2023-09-01,6890.0,6900,6790,6890,566.0,1
2023-09-04,6890.0,6890,6750,6860,331.0,1
2023-09-05,6860.0,6860,6730,6830,432.0,1
2023-09-06,6810.0,6960,6780,6820,666.0,1
2023-09-07,6720.0,6830,6720,6770,106.0,1
2023-09-08,6760.0,6770,6760,6770,270.0,1
2023-09-11,6770.0,6770,6710,6730,324.0,1
2023-09-12,6730.0,6750,6710,6710,655.0,1
2023-09-13,6710.0,6760,6710,6750,1160.0,1
2023-09-14,6850.0,6850,6750,6830,634.0,1
2023-09-15,6830.0,6960,6830,6940,2342.0,1
2023-09-18,6950.0,6970,6780,6960,297.0,1
2023-09-19,6960.0,6960,6760,6930,607.0,1
2023-09-20,6930.0,6940,6840,6880,361.0,1
2023-09-21,6840.0,6880,6740,6740,894.0,1
2023-09-22,6720.0,6720,6710,6710,233.0,1
2023-09-25,6700.0,6710,6700,6710,37.0,1
2023-09-26,6680.0,6800,6680,6700,110.0,1
2023-09-27,6680.0,6730,6680,6730,193.0,1
2023-10-04,6730.0,6730,6600,6650,1256.0,1
2023-10-05,6660.0,6660,6600,6600,96.0,1
2023-10-06,6600.0,6620,6510,6520,245.0,1
2023-10-10,6640.0,6640,6450,6460,923.0,1
2023-10-11,6490.0,6520,6470,6520,913.0,1
2023-10-12,6470.0,6550,6470,6540,681.0,1
2023-10-13,6540.0,6560,6490,6560,169.0,1
2023-10-16,6630.0,6630,6500,6500,406.0,1
2023-10-17,6500.0,6530,6500,6500,2085.0,1
2023-10-18,6500.0,6510,6480,6480,341.0,1
2023-10-19,6490.0,6490,6440,6450,1133.0,1
2023-10-20,6440.0,6440,6380,6400,5385.0,1
2023-10-23,6400.0,6420,6200,6310,906.0,1
2023-10-24,6400.0,6440,6250,6420,940.0,1
2023-10-25,6360.0,6460,6340,6340,890.0,1
2023-10-26,6280.0,6410,6280,6350,1282.0,1
2023-10-27,6350.0,6400,6320,6390,758.0,1
2023-10-30,6270.0,6390,6270,6390,77.0,1
2023-10-31,6320.0,6400,6310,6310,562.0,1
2023-11-01,6290.0,6580,6290,6580,89.0,1
2023-11-02,6520.0,6580,6520,6580,1286.0,1
2023-11-03,6580.0,6610,6570,6580,63.0,1
2023-11-06,7000.0,7000,6600,6740,1652.0,1
2023-11-07,6740.0,6740,6440,6670,738.0,1
2023-11-08,6690.0,6750,6690,6750,281.0,1
2023-11-09,6790.0,6790,6770,6780,142.0,1
2023-11-10,6840.0,6840,6710,6830,354.0,1
2023-11-13,6550.0,6750,6550,6750,529.0,1
2023-11-14,6750.0,6830,6750,6810,75.0,1
2023-11-15,6860.0,6860,6800,6820,365.0,1
2023-11-16,6720.0,7050,6720,7050,751.0,1
2023-11-17,6990.0,7070,6980,6980,1191.0,1
2023-11-20,7050.0,7050,6970,6970,1162.0,1
2023-11-21,7080.0,7080,7030,7030,166.0,1
2023-11-22,7030.0,7030,7000,7020,6288.0,1
2023-11-23,7090.0,7090,7000,7050,364.0,1
2023-11-24,7050.0,7090,6980,7060,545.0,1
2023-11-27,7070.0,7080,7050,7050,394.0,1
2023-11-28,7030.0,7030,6920,6930,1413.0,1
2023-11-29,6920.0,7100,6760,6760,2668.0,1
2023-11-30,6890.0,7030,6890,7010,3553.0,1
2023-12-01,7010.0,7050,7000,7040,4135.0,1
2023-12-04,7050.0,7260,7050,7220,5270.0,1
2023-12-05,7220.0,7220,7120,7160,3244.0,1
2023-12-06,7190.0,7190,7090,7190,2375.0,1
2023-12-07,7260.0,7260,7090,7170,1317.0,1
2023-12-08,7140.0,7170,7130,7130,803.0,1
2023-12-11,7150.0,7230,7110,7140,3195.0,1
2023-12-12,7200.0,7330,7090,7330,6538.0,1
2023-12-13,7350.0,7350,7170,7300,963.0,1
2023-12-14,7280.0,7380,7220,7340,2140.0,1
2023-12-15,7450.0,7450,7270,7350,109.0,1
2023-12-18,7350.0,7350,7300,7320,1117.0,1
2023-12-19,7210.0,7360,7210,7320,21.0,1
2023-12-20,7460.0,7470,7400,7440,5001.0,1
2023-12-21,7480.0,7480,7210,7460,1439.0,1
2023-12-22,7440.0,7480,7330,7350,2570.0,1
2023-12-26,7360.0,7420,7260,7260,7534.0,1
2023-12-27,7040.0,7050,6930,6970,2810.0,1
2023-12-28,6980.0,7030,6910,7030,7249.0,1
2024-01-02,6910.0,7020,6910,6980,985.0,1
2024-01-03,6950.0,7000,6910,6990,1167.0,1
2024-01-04,6910.0,6980,6870,6940,2413.0,1
2024-01-05,6900.0,7000,6900,6930,1441.0,1
2024-01-08,6940.0,7000,6940,7000,996.0,1
2024-01-09,6990.0,7000,6950,7000,785.0,1
2024-01-10,7030.0,7030,6950,6950,1118.0,1
2024-01-11,7000.0,7000,6950,7000,1752.0,1
2024-01-12,6980.0,7000,6890,7000,1478.0,1
2024-01-15,6980.0,7100,6800,7010,2861.0,1
2024-01-16,6990.0,7010,6830,6970,1106.0,1
2024-01-17,6970.0,6970,6780,6860,3153.0,1
2024-01-18,6860.0,6950,6720,6950,4249.0,1
2024-01-19,6840.0,7030,6840,6950,1202.0,1
2024-01-22,6950.0,6950,6850,6950,355.0,1
2024-01-23,6870.0,7000,6790,6980,3384.0,1
2024-01-24,6960.0,7150,6870,6880,6770.0,1
2024-01-25,6880.0,6900,6790,6840,2362.0,1
2024-01-26,6850.0,6960,6850,6960,3189.0,1
2024-01-29,7090.0,7090,6900,6950,4152.0,1
2024-01-30,7000.0,7200,6910,7070,13245.0,1
2024-01-31,7050.0,7150,6990,7040,6221.0,1
2024-02-01,7040.0,7270,6970,7150,38965.0,1
2024-02-02,7240.0,7240,7100,7150,10473.0,1
2024-02-05,7320.0,7320,7100,7150,21081.0,1
2024-02-06,7140.0,7290,7110,7110,48978.0,1
2024-02-07,7150.0,7550,7120,7340,72659.0,1
2024-02-08,7400.0,7530,7360,7470,33899.0,1
2024-02-13,7560.0,7560,7300,7430,24488.0,1
2024-02-14,7360.0,7420,7300,7390,11827.0,1
2024-02-15,7390.0,7390,7220,7370,4477.0,1
2024-02-16,7370.0,7370,7290,7330,9702.0,1
2024-02-19,7350.0,7530,7350,7510,14488.0,1
2024-02-20,7560.0,7650,7450,7630,1850.0,1
2024-02-21,7680.0,7690,7320,7600,12529.0,1
2024-02-22,7600.0,7680,7450,7640,1741.0,1
2024-02-23,7720.0,7720,7540,7600,9956.0,1
2024-02-26,7600.0,7700,7470,7520,4421.0,1
2024-02-27,7520.0,7670,7500,7500,26310.0,1
2024-02-28,7510.0,7580,7360,7360,8935.0,1
2024-02-29,7350.0,7600,7350,7600,12372.0,1
2024-03-04,7570.0,7780,7340,7770,4647.0,1
2024-03-05,7780.0,7800,7520,7670,1443.0,1
2024-03-06,7670.0,7700,7540,7690,590.0,1
2024-03-07,7690.0,7690,7650,7660,118.0,1
2024-03-08,7640.0,7750,7500,7510,2454.0,1
2024-03-11,7510.0,7650,7490,7490,19008.0,1
2024-03-12,7490.0,7550,7450,7460,395.0,1
2024-03-13,7430.0,7600,7430,7500,176.0,1
2024-03-14,7660.0,7670,7440,7500,29666.0,1
2024-03-15,7550.0,7560,7500,7550,8485.0,1
2024-03-18,7570.0,7690,7330,7450,911.0,1
2024-03-19,7450.0,7490,7420,7490,287.0,1
2024-03-20,7490.0,7600,7420,7450,3414.0,1
2024-03-21,7530.0,7540,7270,7480,1894.0,1
2024-03-22,7470.0,7520,7450,7520,1480.0,1
2024-03-25,7540.0,7560,7520,7520,859.0,1
2024-03-26,7630.0,7630,7500,7500,616.0,1
2024-03-27,7490.0,7500,7430,7500,1349.0,1
2024-03-28,7510.0,7580,7450,7560,1025.0,1
2024-03-29,7580.0,7600,7480,7510,791.0,1
2024-04-01,7470.0,7510,7380,7400,18809.0,1
2024-04-02,7420.0,7540,7320,7540,26072.0,1
2024-04-03,7460.0,7520,7380,7480,460.0,1
2024-04-04,7320.0,7520,7110,7450,24687.0,1
2024-04-05,7450.0,7540,7350,7470,1161.0,1
2024-04-08,7460.0,7470,7320,7380,1042.0,1
2024-04-09,7450.0,7600,7400,7470,6344.0,1
2024-04-11,7480.0,7500,7200,7430,9661.0,1
2024-04-12,7300.0,7360,7230,7300,2157.0,1
2024-04-15,7300.0,7370,7140,7360,1527.0,1
2024-04-16,7320.0,7350,7170,7320,923.0,1
2024-04-17,7320.0,7350,7260,7320,3998.0,1
2024-04-18,7320.0,7390,7240,7370,533.0,1
2024-04-19,7370.0,7370,7210,7310,919.0,1
2024-04-22,7310.0,7380,7300,7340,365.0,1
2024-04-23,7350.0,7470,7350,7470,1083.0,1
2024-04-24,7470.0,7600,7410,7540,5105.0,1
2024-04-25,7460.0,7580,7420,7550,1700.0,1
2024-04-26,7560.0,7600,7510,7550,2134.0,1
2024-04-29,7400.0,7570,7400,7570,3159.0,1
2024-04-30,7600.0,7690,7550,7680,7778.0,1
2024-05-02,7680.0,7700,7520,7630,523.0,1
2024-05-03,7610.0,7620,7450,7480,434.0,1
2024-05-07,7670.0,7670,7460,7560,5055.0,1
2024-05-08,7500.0,7650,7430,7580,11767.0,1
2024-05-09,7650.0,7680,7550,7630,50999.0,1
2024-05-10,7570.0,7690,7560,7650,31971.0,1
2024-05-13,7650.0,7680,7560,7630,4938.0,1
2024-05-14,7680.0,7680,7580,7640,845.0,1
2024-05-16,7680.0,7680,7600,7600,10214.0,1
2024-05-17,7680.0,7710,7530,7660,10796.0,1
2024-05-20,7690.0,7700,7560,7700,19834.0,1
2024-05-21,7740.0,7740,7620,7670,785.0,1
2024-05-22,7580.0,7670,7580,7660,197.0,1
2024-05-23,7660.0,7700,7580,7630,10792.0,1
2024-05-24,7600.0,7680,7500,7660,14134.0,1
2024-05-27,7700.0,7700,7540,7550,2629.0,1
2024-05-28,7560.0,7660,7550,7630,6982.0,1
2024-05-29,7600.0,7670,7600,7670,6678.0,1
2024-05-30,7600.0,7660,7570,7630,13348.0,1
2024-05-31,7630.0,7650,7600,7650,933.0,1
2024-06-03,7650.0,7730,7600,7700,57774.0,1
2024-06-04,7690.0,7700,7650,7650,406.0,1
2024-06-05,7620.0,7690,7620,7680,2711.0,1
2024-06-07,7690.0,7720,7680,7720,943.0,1
2024-06-10,7720.0,7720,7570,7650,7004.0,1
2024-06-11,7660.0,7750,7620,7740,5345.0,1
2024-06-12,7740.0,7740,7640,7690,437.0,1
2024-06-13,7740.0,7740,7650,7690,937.0,1
2024-06-14,7690.0,7750,7600,7650,17883.0,1
2024-06-17,7660.0,7760,7610,7750,5908.0,1
2024-06-18,7750.0,7980,7750,7950,25292.0,1
2024-06-19,7970.0,7980,7720,7790,7267.0,1
2024-06-20,7740.0,7850,7740,7820,557.0,1
2024-06-21,7820.0,7830,7740,7750,2186.0,1
2024-06-24,7900.0,7970,7770,7810,5845.0,1
2024-06-25,7850.0,7860,7760,7810,2154.0,1
2024-06-26,7770.0,7930,7750,7790,4566.0,1
2024-06-27,7800.0,7800,7500,7690,1923.0,1
2024-06-28,7690.0,7820,7690,7750,1503.0,1
2024-07-01,7750.0,7780,7700,7750,2517.0,1
2024-07-02,7700.0,7730,7640,7710,391.0,1
2024-07-03,7750.0,7750,7650,7740,803.0,1
2024-07-04,7740.0,7740,7630,7660,20653.0,1
2024-07-05,7760.0,7760,7610,7680,38150.0,1
2024-07-08,7730.0,7730,7700,7720,54.0,1
2024-07-09,7770.0,7770,7650,7740,98.0,1
2024-07-10,7660.0,7800,7660,7700,377.0,1
2024-07-11,7870.0,7870,7650,7670,10699.0,1
2024-07-12,7680.0,7690,7640,7690,282.0,1
2024-07-15,7690.0,7720,7670,7700,2612.0,1
2024-07-16,7700.0,7700,7650,7690,7433.0,1
2024-07-17,7690.0,7700,7660,7700,4439.0,1
2024-07-18,7740.0,7740,7600,7670,4489.0,1
2024-07-19,7670.0,7690,7620,7660,725.0,1
2024-07-22,7790.0,7790,7550,7630,10174.0,1
2024-07-23,7800.0,7810,7600,7650,760.0,1
2024-07-24,7620.0,7880,7510,7630,12831.0,1
2024-07-25,7680.0,7680,7510,7530,1681.0,1
2024-07-26,7550.0,7670,7530,7650,1514.0,1
2024-07-29,8210.0,9300,7840,7960,217448.0,1
2024-07-30,7920.0,8080,7770,7780,17549.0,1
2024-07-31,7700.0,7950,7700,7930,12205.0,1
2024-08-01,7940.0,8000,7820,7860,8011.0,1
2024-08-02,7840.0,7840,7600,7600,25601.0,1
2024-08-05,7600.0,7600,7170,7190,57567.0,1
2024-08-06,7370.0,7390,7130,7300,13526.0,1
2024-08-07,7200.0,7400,7200,7330,5980.0,1
2024-08-08,7240.0,7370,7240,7350,1282.0,1
2024-08-09,7550.0,7640,7300,7380,3693.0,1
2024-08-12,7440.0,8050,7350,7510,27547.0,1
2024-08-13,7520.0,7630,7520,7580,2262.0,1
2024-08-14,7740.0,7740,7540,7720,1650.0,1
2024-08-16,7800.0,7860,7690,7710,11998.0,1
2024-08-19,7720.0,7760,7640,7760,11858.0,1
2024-08-20,7740.0,7950,7740,7840,3499.0,1
2024-08-21,7800.0,7890,7800,7820,12826.0,1
2024-08-22,7800.0,7840,7780,7800,6271.0,1
2024-08-23,7750.0,7930,7750,7890,10790.0,1
2024-08-26,7880.0,7990,7850,7930,4921.0,1
2024-08-27,7940.0,8000,7870,7980,5776.0,1
2024-08-28,7820.0,8040,7820,7990,2956.0,1
2024-08-29,7830.0,8060,7830,8050,1459.0,1
2024-08-30,7870.0,7980,7860,7920,509.0,1
2024-09-02,7930.0,8030,7790,7880,1407.0,1
2024-09-03,7760.0,7960,7760,7920,1303.0,1
2024-09-04,7920.0,7930,7500,7700,8910.0,1
2024-09-05,7880.0,7880,7700,7720,10545.0,1
2024-09-06,7850.0,7870,7620,7800,8382.0,1
2024-09-09,7800.0,7860,7600,7780,10958.0,1
2024-09-10,7880.0,7880,7650,7700,340.0,1
2024-09-11,7640.0,7760,7640,7700,6455.0,1
2024-09-12,7780.0,7820,7710,7800,13852.0,1
2024-09-13,7880.0,7880,7730,7770,599.0,1
2024-09-19,7700.0,7880,7700,7860,7304.0,1
2024-09-20,7800.0,7880,7800,7870,620.0,1
2024-09-23,7870.0,7870,7700,7830,232.0,1
2024-09-24,7970.0,7970,7710,7760,944.0,1
2024-09-25,7870.0,7880,7720,7790,4513.0,1
2024-09-26,7720.0,7950,7720,7930,2248.0,1
2024-09-27,7990.0,7990,7760,7870,2518.0,1
2024-09-30,7860.0,7860,7790,7860,4570.0,1
2024-10-02,7800.0,7850,7680,7810,3610.0,1
2024-10-04,7810.0,7810,7660,7730,1856.0,1
2024-10-07,7870.0,7870,7730,7810,570.0,1
2024-10-08,7840.0,7880,7800,7820,661.0,1
2024-10-10,7730.0,7970,7730,7860,2681.0,1
2024-10-11,7860.0,7970,7810,7880,597.0,1
2024-10-14,7880.0,7930,7800,7930,2597.0,1
2024-10-15,7880.0,7970,7880,7950,2480.0,1
2024-10-16,7850.0,7970,7610,7860,552.0,1
2024-10-17,7860.0,7910,7690,7730,6708.0,1
2024-10-18,7900.0,7900,7700,7700,741.0,1
2024-10-21,7710.0,7740,7690,7710,1399.0,1
2024-10-22,7760.0,7760,7610,7720,1132.0,1
2024-10-23,7800.0,7800,7680,7740,183.0,1
2024-10-24,7740.0,7920,7720,7720,489.0,1
2024-10-25,7750.0,7750,7590,7600,3393.0,1
2024-10-28,7700.0,7700,7600,7650,1416.0,1
2024-10-29,7700.0,7900,7600,7730,6420.0,1
2024-10-30,7900.0,7900,7700,7730,3899.0,1
2024-10-31,7800.0,7800,7620,7740,854.0,1
2024-11-01,7700.0,7940,7700,7830,357.0,1
2024-11-04,7890.0,8000,7760,7830,6711.0,1
2024-11-05,7980.0,7980,7870,7910,1872.0,1
2024-11-06,7840.0,7950,7830,7850,873.0,1
2024-11-07,7960.0,7960,7820,7860,187.0,1
2024-11-08,7860.0,7900,7770,7820,414.0,1
2024-11-11,7770.0,7960,7770,7770,362.0,1
2024-11-12,7950.0,7950,7480,7550,721.0,1
2024-11-13,7870.0,7870,7340,7360,3027.0,1
2024-11-14,7500.0,7500,7360,7440,4750.0,1
2024-11-15,7490.0,7490,7310,7380,6519.0,1
2024-11-18,7500.0,7750,7430,7530,12780.0,1
2024-11-19,7690.0,7850,7690,7750,4618.0,1
2024-11-20,7870.0,7900,7780,7800,6089.0,1
2024-11-21,7950.0,7950,7670,7700,2017.0,1
2024-11-22,7800.0,7800,7600,7770,556.0,1
2024-11-25,7770.0,7770,7710,7770,2991.0,1
2024-11-26,7800.0,7940,7750,7870,3805.0,1
2024-11-27,7820.0,7940,7820,7900,1335.0,1
2024-11-28,7940.0,7940,7730,7820,938.0,1
2024-11-29,7950.0,7950,7690,7830,5017.0,1
2024-12-02,7920.0,7930,7630,7690,3193.0,1
2024-12-03,7620.0,7800,7620,7710,3955.0,1
2024-12-04,7510.0,7880,7510,7700,2139.0,1
2024-12-05,7830.0,7830,7660,7760,6543.0,1
2024-12-06,7670.0,7820,7670,7810,4899.0,1
2024-12-09,7530.0,7850,7530,7690,9307.0,1
2024-12-10,7850.0,7850,7700,7720,5024.0,1
2024-12-11,7720.0,7940,7710,7830,3966.0,1
2024-12-12,7840.0,7900,7790,7870,5200.0,1
2024-12-13,7870.0,7940,7860,7920,4960.0,1
2024-12-16,7970.0,7970,7900,7950,1561.0,1
2024-12-17,7970.0,7970,7860,7900,2613.0,1
2024-12-18,7960.0,8060,7900,8010,11236.0,1
2024-12-19,8070.0,8070,7960,7980,2808.0,1
2024-12-20,8080.0,8080,7850,7860,2793.0,1
2024-12-23,7860.0,7960,7830,7960,2730.0,1
2024-12-24,7990.0,7990,7850,7960,1950.0,1
2024-12-26,7950.0,7950,7850,7880,2300.0,1
2024-12-27,7810.0,7850,7520,7520,712.0,1
2024-12-30,7520.0,7700,7520,7620,206.0,1
2025-01-02,7370.0,7840,7370,7630,962.0,1
2025-01-03,7800.0,7800,7430,7630,1159.0,1
2025-01-06,7680.0,7680,7600,7610,1460.0,1
2025-01-07,7540.0,7750,7540,7640,355.0,1
2025-01-08,7640.0,7750,7580,7690,705.0,1
2025-01-09,7630.0,7630,7550,7580,3228.0,1
2025-01-10,7580.0,7590,7460,7540,2910.0,1
2025-01-13,7400.0,7500,7350,7370,1035.0,1
2025-01-14,7450.0,7530,7350,7530,2962.0,1
2025-01-15,7610.0,7680,7530,7530,561.0,1
2025-01-16,7580.0,7620,7560,7560,295.0,1
2025-01-17,7680.0,7680,7510,7510,1435.0,1
2025-01-20,7690.0,7710,7500,7500,4526.0,1
2025-01-21,7720.0,7720,7520,7570,412.0,1
2025-01-22,7770.0,7770,7520,7560,1325.0,1
2025-01-23,7520.0,7540,7480,7540,373.0,1
2025-01-24,7600.0,7600,7530,7560,652.0,1
2025-01-31,7560.0,7890,7500,7550,33465.0,1
2025-02-03,7530.0,7880,7510,7570,25543.0,1
2025-02-04,7610.0,7780,7410,7470,17830.0,1
2025-02-05,7470.0,7860,7440,7530,9883.0,1
2025-02-06,7590.0,7810,7530,7610,10288.0,1
2025-02-07,7550.0,7880,7550,7660,22436.0,1
2025-02-10,7670.0,7720,7670,7690,4440.0,1
2025-02-11,7850.0,8070,7690,7840,20437.0,1
2025-02-12,7880.0,8000,7850,7900,3978.0,1
2025-02-13,7900.0,7960,7790,7940,1693.0,1
2025-02-14,7990.0,7990,7870,7940,360.0,1
2025-02-17,7870.0,8160,7870,7890,31306.0,1
2025-02-18,7890.0,8110,7870,8030,16725.0,1
2025-02-19,8030.0,8170,7950,8000,19518.0,1
2025-02-20,8060.0,8160,7960,8000,3398.0,1
2025-02-21,8040.0,8040,7940,7950,633.0,1
2025-02-24,7950.0,8000,7870,7920,943.0,1
2025-02-25,7920.0,7920,7830,7830,793.0,1
2025-02-26,7830.0,8150,7830,7930,9044.0,1
2025-02-27,8040.0,8040,7830,7920,10753.0,1
2025-02-28,8050.0,8050,7710,7770,6770.0,1
2025-03-04,7800.0,7950,7610,7610,2671.0,1
2025-03-05,7790.0,7990,7610,7670,14952.0,1
2025-03-06,7900.0,7900,7620,7760,2156.0,1
2025-03-07,7590.0,7800,7580,7650,5597.0,1
2025-03-10,7650.0,7930,7650,7680,21325.0,1
2025-03-11,7610.0,7920,7520,7740,35315.0,1
2025-03-12,7770.0,7840,7680,7750,8449.0,1
2025-03-13,7780.0,7780,7700,7750,11435.0,1
2025-03-14,7720.0,7750,7690,7700,398.0,1
2025-03-17,7700.0,7700,7680,7680,604.0,1
2025-03-18,7660.0,7790,7660,7720,2174.0,1
2025-03-19,7720.0,7720,7670,7700,224.0,1
2025-03-20,7670.0,7830,7650,7650,1430.0,1
2025-03-21,7700.0,7700,7570,7650,1562.0,1
2025-03-24,7630.0,7770,7540,7670,16632.0,1
2025-03-25,7700.0,7940,7590,7610,8780.0,1
2025-03-26,7610.0,7680,7480,7630,7239.0,1
2025-03-27,7650.0,7850,7550,7630,27837.0,1
2025-03-28,7680.0,7680,7560,7630,3265.0,1
2025-03-31,7690.0,7690,7500,7570,11212.0,1
2025-04-01,7840.0,7870,7540,7600,3244.0,1
2025-04-02,7610.0,7640,7550,7610,4187.0,1
2025-04-03,7730.0,7730,7520,7570,3024.0,1
2025-04-04,7590.0,7610,7490,7510,1410.0,1
2025-04-07,7470.0,7510,7020,7200,41136.0,1
2025-04-08,7200.0,7400,7130,7170,6152.0,1
2025-04-09,7470.0,7470,7100,7200,10982.0,1
2025-04-10,7200.0,7440,7200,7410,4378.0,1
2025-04-11,7350.0,7580,7240,7370,13156.0,1
2025-04-14,7520.0,7520,7240,7260,19246.0,1
2025-04-15,7330.0,7610,7270,7490,42808.0,1
2025-04-16,7480.0,7630,7370,7390,10619.0,1
2025-04-17,7390.0,7570,7310,7450,37076.0,1
2025-04-18,7460.0,7540,7360,7480,23244.0,1
2025-04-21,7480.0,7600,7410,7410,12793.0,1
2025-04-22,7470.0,7470,7390,7450,1374.0,1
2025-04-23,7500.0,7620,7450,7510,19758.0,1
2025-04-24,7420.0,7620,7420,7530,10089.0,1
2025-04-25,7530.0,7800,7450,7660,35636.0,1
2025-04-28,7800.0,7800,7430,7640,25058.0,1
2025-04-29,7630.0,7710,7580,7630,4829.0,1
2025-04-30,7690.0,7690,7550,7640,456.0,1
2025-05-02,7710.0,7840,7570,7750,13482.0,1
2025-05-07,7650.0,7870,7650,7850,4671.0,1
2025-05-08,7860.0,8100,7710,7900,19564.0,1
2025-05-09,7900.0,8130,7790,7940,62440.0,1
2025-05-12,7720.0,8060,7720,8000,23536.0,1
2025-05-13,8050.0,8080,7970,8010,1602.0,1
2025-05-14,8020.0,8140,7970,8100,16725.0,1
2025-05-15,7980.0,8100,7980,8030,676.0,1
2025-05-16,8020.0,8130,8020,8100,6521.0,1
2025-05-19,8100.0,8190,8060,8090,4554.0,1
2025-05-20,8130.0,8280,8080,8200,10329.0,1
2025-05-21,8230.0,8440,8070,8280,43228.0,1
2025-05-22,8020.0,8440,8020,8200,11435.0,1
2025-05-23,8240.0,8750,8160,8690,48687.0,1
2025-05-26,8780.0,9190,8640,9020,112221.0,1
2025-05-27,9020.0,9090,8830,8950,27630.0,1
2025-05-28,8950.0,9180,8920,9030,20574.0,1
2025-05-29,9040.0,9430,8960,9250,37538.0,1
2025-05-30,9260.0,9300,9010,9130,9728.0,1
2025-06-02,9130.0,9220,8960,9040,7059.0,1
2025-06-04,9170.0,9740,9170,9490,142743.0,1
2025-06-05,9490.0,9700,9320,9480,48793.0,1
2025-06-09,9750.0,9840,9750,9810,27711.0,1
2025-06-10,9610.0,9870,9540,9590,11281.0,1
2025-06-11,9590.0,9670,9410,9640,17919.0,1
2025-06-12,9600.0,9740,9470,9570,10709.0,1
2025-06-13,9500.0,9710,9170,9170,19063.0,1
2025-06-16,9190.0,9770,8940,9740,37152.0,1
2025-06-17,9740.0,10150,9510,9630,50168.0,1
2025-06-18,9690.0,9730,9510,9590,12171.0,1
2025-06-19,9580.0,9750,9520,9740,14622.0,1
2025-06-20,9870.0,9870,9580,9770,21595.0,1
2025-06-23,9770.0,9920,9630,9810,23761.0,1
2025-06-24,9850.0,10080,9850,9940,9956.0,1
2025-06-25,9910.0,10370,9760,10200,65856.0,1
2025-06-26,10200.0,10360,9860,10170,54063.0,1
2025-06-27,10170.0,10260,9970,9980,29232.0,1
2025-06-30,10170.0,10230,9930,10080,14745.0,1
2025-07-01,10030.0,11030,10030,10740,80678.0,1
2025-07-02,10810.0,11050,10680,10890,26599.0,1
2025-07-03,11100.0,11100,10440,10910,44204.0,1
2025-07-04,10910.0,10980,10700,10840,39088.0,1
2025-07-07,10840.0,11040,10510,10770,37237.0,1
2025-07-08,10570.0,10830,10570,10770,12657.0,1
2025-07-09,10800.0,10900,10650,10770,21358.0,1
2025-07-10,10770.0,10950,10710,10890,13234.0,1
2025-07-11,11000.0,11060,10780,10880,10012.0,1
2025-07-14,10990.0,11500,10780,11200,23329.0,1
2025-07-15,11300.0,11390,11030,11150,26241.0,1
2025-07-16,11160.0,11230,10830,11080,24099.0,1
2025-07-17,11120.0,11160,10740,10880,18383.0,1
2025-07-18,11000.0,11000,10590,10790,20641.0,1
2025-07-21,10790.0,10880,10400,10590,44552.0,1
2025-07-22,10710.0,10710,10280,10290,24092.0,1
2025-07-23,10380.0,10380,10100,10100,3989.0,1
2025-07-24,10100.0,10320,9910,9910,10547.0,1
2025-07-25,10100.0,10250,9850,10140,30246.0,1
2025-07-28,10150.0,10180,9840,9970,21478.0,1
2025-07-29,10110.0,10110,9860,10000,10086.0,1
2025-07-30,10160.0,10160,9910,9970,4033.0,1
2025-07-31,9970.0,10110,9810,9830,4408.0,1
2025-08-01,9940.0,9940,9310,9360,12992.0,1
2025-08-04,9350.0,9580,9190,9480,12469.0,1
2025-08-05,9500.0,9620,9300,9480,5602.0,1
2025-08-06,9500.0,9610,9340,9520,10746.0,1
2025-08-07,9520.0,9550,9390,9430,10599.0,1
2025-08-08,9490.0,9560,9340,9370,8859.0,1
2025-08-11,9420.0,9420,9250,9250,2450.0,1
2025-08-12,9240.0,9450,9140,9250,17847.0,1
2025-08-13,9250.0,9300,9060,9070,11112.0,1
2025-08-14,9130.0,9130,9000,9050,3817.0,1
2025-08-18,9010.0,9010,8880,8900,2643.0,1
2025-08-19,8900.0,8900,8750,8780,4732.0,1
2025-08-20,8740.0,8830,8470,8720,18608.0,1
2025-08-21,8900.0,8900,8630,8740,34060.0,1
2025-08-22,8750.0,8750,8220,8580,30872.0,1
2025-08-25,8610.0,8780,8560,8770,11905.0,1
2025-08-26,8770.0,8920,8730,8810,926.0,1
2025-08-27,8770.0,8960,8750,8750,6066.0,1
2025-08-28,8760.0,8920,8710,8890,2652.0,1
2025-08-29,8930.0,9160,8890,8900,14103.0,1
2025-09-01,9090.0,9090,8860,8860,13203.0,1
2025-09-02,8860.0,9000,8780,8820,14967.0,1
2025-09-03,8820.0,8840,8800,8830,981.0,1
2025-09-04,8850.0,9030,8830,8830,6105.0,1
2025-09-05,8920.0,8920,8800,8870,900.0,1
2025-09-08,8870.0,8870,8690,8860,2522.0,1
2025-09-09,8860.0,9050,8840,8900,14386.0,1
2025-09-10,8950.0,9000,8870,8990,4333.0,1
2025-09-11,9030.0,9060,8910,9000,2271.0,1
2025-09-12,9010.0,9040,8990,9040,1555.0,1
2025-09-15,9040.0,9430,8960,9240,31565.0,1
2025-09-16,9270.0,9270,9150,9220,2840.0,1
2025-09-17,9190.0,9310,9170,9230,6609.0,1
2025-09-18,9230.0,9250,9180,9230,3179.0,1
2025-09-19,9300.0,9300,9140,9180,2148.0,1
2025-09-22,9230.0,9300,9120,9180,5482.0,1
2025-09-23,9340.0,9340,9080,9120,5781.0,1
2025-09-24,9130.0,9220,9030,9040,1370.0,1
2025-09-25,9040.0,9270,8980,9090,5652.0,1
2025-09-26,8980.0,9150,8920,8920,12533.0,1
2025-09-29,9130.0,9160,8930,9050,18654.0,1
2025-09-30,9050.0,9130,8990,8990,3019.0,1
2025-10-01,9000.0,9050,8840,8870,10169.0,1
2025-10-02,8880.0,8950,8810,8880,12786.0,1
2025-10-10,8890.0,8890,8770,8830,6539.0,1
2025-10-13,8830.0,8830,8700,8800,3558.0,1
2025-10-14,8800.0,8800,8600,8640,11622.0,1
2025-10-15,8580.0,8690,8550,8600,46252.0,1
2025-10-16,8610.0,8640,8540,8630,4319.0,1
2025-10-17,8640.0,8650,8540,8570,2660.0,1
2025-10-20,8580.0,8640,8520,8620,2917.0,1
2025-10-21,8580.0,8670,8540,8640,4993.0,1
2025-10-22,8610.0,8700,8590,8690,1607.0,1
2025-10-23,8690.0,8740,8630,8670,1152.0,1
2025-10-24,8630.0,8650,8550,8650,19183.0,1
2025-10-27,8660.0,8780,8630,8780,4941.0,1
2025-10-28,8780.0,8930,8670,8710,5701.0,1
2025-10-29,8710.0,8710,8610,8650,2619.0,1
2025-10-30,8570.0,8630,8560,8590,5704.0,1
2025-10-31,8560.0,8600,8510,8600,1820.0,1
2025-11-03,8600.0,8600,8520,8550,6568.0,1
2025-11-04,8540.0,8570,8400,8570,5125.0,1
2025-11-05,8550.0,8700,8330,8530,6067.0,1
2025-11-06,8550.0,8670,8510,8670,1512.0,1
2025-11-07,8690.0,8690,8480,8570,6603.0,1
2025-11-10,8790.0,8970,8590,8960,11232.0,1
2025-11-11,8960.0,9040,8840,8920,10406.0,1
2025-11-12,8930.0,8990,8870,8990,2100.0,1
2025-11-13,9000.0,9010,8700,8820,3749.0,1
2025-11-14,8780.0,8860,8780,8800,2417.0,1
2025-11-17,8900.0,8900,8700,8800,4674.0,1
2025-11-18,8890.0,8890,8770,8800,2466.0,1
2025-11-19,8870.0,8870,8750,8850,2018.0,1
2025-11-20,8850.0,8910,8770,8910,1666.0,1
2025-11-21,9010.0,9010,8650,8900,786.0,1
2025-11-24,8990.0,9070,8720,8840,3579.0,1
2025-11-25,8970.0,8970,8780,8910,1753.0,1
2025-11-26,8970.0,8970,8790,8870,9321.0,1
2025-11-27,8920.0,9030,8850,9030,8403.0,1
2025-11-28,9140.0,9150,8970,8970,4673.0,1
2025-12-01,9050.0,9110,8930,8980,8594.0,1
2025-12-02,9070.0,9080,8960,9080,1677.0,1
2025-12-03,9120.0,9240,9100,9240,9715.0,1
2025-12-04,9270.0,9270,9120,9240,14230.0,1
2025-12-05,9310.0,9310,9210,9250,11022.0,1
2025-12-08,9320.0,9320,9200,9200,2230.0,1
2025-12-09,9270.0,9270,9160,9160,2741.0,1
2025-12-10,9240.0,9240,9150,9210,1002.0,1
2025-12-11,9280.0,9330,9200,9330,2185.0,1
2025-12-12,9330.0,9480,9260,9440,17819.0,1
2025-12-15,9450.0,9640,9440,9550,38464.0,1
2025-12-16,9610.0,9660,9500,9600,12622.0,1
2025-12-17,9660.0,9680,9600,9650,4782.0,1
2025-12-18,9690.0,9690,9460,9680,5973.0,1
2025-12-19,9690.0,9730,9620,9730,3389.0,1
2025-12-22,9760.0,9910,9750,9910,3653.0,1
2025-12-23,9850.0,9940,9780,9780,3449.0,1
2025-12-24,9800.0,10020,9580,9660,6201.0,1
2025-12-26,9680.0,9680,9490,9570,9533.0,1
2025-12-29,9560.0,9560,9220,9280,3428.0,1
2025-12-30,9350.0,9350,9150,9270,3343.0,1
