seed,epoch,train_loss,val_rmse,val_mae,val_corr,val_confi_mean,val_y_hat_variance,lr
0,1,0.7332411751798962,0.7919408679008484,0.47131168842315674,0.051184721291065216,0.8588953614234924,0.05743645876646042,0.00019981253920068581
0,2,0.6748934504778489,0.7410684823989868,0.42683395743370056,0.05355357751250267,0.8043313026428223,0.054410357028245926,0.0001992508966248754
0,3,0.6626670982526697,0.7256945967674255,0.4225616753101349,0.051679667085409164,0.7978104948997498,0.055155202746391296,0.00019831728881922545
0,4,0.6590558646813683,0.7701029777526855,0.45075249671936035,0.05851193144917488,0.8508690595626831,0.03636312484741211,0.00019701540030721995
0,5,0.654371686603712,0.6970081329345703,0.3845847249031067,0.06533044576644897,0.7679186463356018,0.03802250698208809,0.00019535036904803958
0,6,0.6505274960528249,0.7798357009887695,0.456332266330719,0.05686485767364502,0.8546546697616577,0.03498098626732826,0.00019332876615938386
0,7,0.6433613365111144,0.7648082375526428,0.43935659527778625,0.06287867575883865,0.8497136235237122,0.029904823750257492,0.00019095856998427185
0,8,0.6392845129189284,0.7226182818412781,0.4063347578048706,0.0670040175318718,0.7998092174530029,0.02660021185874939,0.000188249134604167
0,9,0.6373235628656719,0.7428236603736877,0.4186956584453583,0.06229243054986,0.8144064545631409,0.021084018051624298,0.00018521115292269142
0,10,0.630759201619936,0.7770392298698425,0.44882625341415405,0.06478942185640335,0.8594024777412415,0.02044031210243702,0.00018185661446562
0,11,0.6216976344585419,0.7286660075187683,0.4118903875350952,0.06244375556707382,0.8120996952056885,0.023143641650676727,0.00017819875806369996
0,12,0.6201007560543392,0.7396925687789917,0.42098990082740784,0.0627020001411438,0.8237394094467163,0.024029426276683807,0.00017425201960503408
0,13,0.614929393581722,0.724824845790863,0.4071619510650635,0.06802898645401001,0.806283712387085,0.016640475019812584,0.0001700319750632254
0,14,0.6109142731065336,0.7563953399658203,0.4349915683269501,0.061140310019254684,0.8406654596328735,0.031145181506872177,0.0001655552790261255
0,15,0.606850213330725,0.7034835815429688,0.38879671692848206,0.06750965118408203,0.780648946762085,0.03865395113825798,0.00016083959896778495
0,16,0.6041631782832353,0.7121169567108154,0.39731544256210327,0.07285076379776001,0.7955220341682434,0.021430980414152145,0.00015590354552300466
0,17,0.5953656551630601,0.6683774590492249,0.3619805574417114,0.07408302277326584,0.7468824982643127,0.03749190270900726,0.00015076659903966294
0,18,0.5932497939337855,0.739954948425293,0.4208894371986389,0.06445851176977158,0.8233494758605957,0.021051548421382904,0.0001454490326986819
0,19,0.5876778856567715,0.7408387660980225,0.4261575937271118,0.06879033893346786,0.8282991647720337,0.018815869465470314,0.0001399718325050444
0,20,0.5804847161407056,0.72735196352005,0.41417059302330017,0.07067657262086868,0.817008376121521,0.016078932210803032,0.00013435661446561999
0,21,0.5737440190885378,0.6792820692062378,0.3759582042694092,0.05983024463057518,0.7574447393417358,0.025797778740525246,0.0001286255392806612
0,22,0.5724563585675281,0.6110228300094604,0.32027962803840637,0.07656729966402054,0.6810852289199829,0.018245069310069084,0.00012280122488564387
0,23,0.5686577564996221,0.6432489156723022,0.34285780787467957,0.08052431792020798,0.72126704454422,0.016005968675017357,0.00011690665718860895
0,24,0.5587339459554009,0.6610389351844788,0.36015939712524414,0.07361634820699692,0.7448220252990723,0.013638094067573547,0.0001109650993552848
0,25,0.5524349108986233,0.6630383133888245,0.3625190854072571,0.07443831115961075,0.7457565069198608,0.020672796294093132,0.00010500000000000002
0,26,0.548733435895132,0.6645063757896423,0.3639291822910309,0.07223130762577057,0.7445996999740601,0.017187906429171562,9.903490064471525e-05
0,27,0.5420860382525817,0.6339492201805115,0.337239146232605,0.08155163377523422,0.7076482176780701,0.016631590202450752,9.309334281139112e-05
0,28,0.5361157513183096,0.6570573449134827,0.35923445224761963,0.06380408257246017,0.7330067157745361,0.023282594978809357,8.719877511435618e-05
0,29,0.5279250540163206,0.6467540860176086,0.34922921657562256,0.06584054231643677,0.7197942137718201,0.02235141396522522,8.13744607193388e-05
0,30,0.5200319115234457,0.6160377860069275,0.3203960359096527,0.0848727896809578,0.6847755312919617,0.016144977882504463,7.564338553438004e-05
0,31,0.5125805929951046,0.6205032467842102,0.32654640078544617,0.07289402931928635,0.689938485622406,0.018948111683130264,7.002816749495564e-05
0,32,0.5057310306507609,0.5902224183082581,0.30429789423942566,0.0681239441037178,0.6493365168571472,0.02440967783331871,6.455096730131812e-05
0,33,0.4997558885294458,0.6258953809738159,0.330903559923172,0.07667240500450134,0.6985739469528198,0.019217342138290405,5.923340096033705e-05
0,34,0.4909567625626274,0.5961176156997681,0.3061748147010803,0.08206041157245636,0.6619494557380676,0.01754002645611763,5.409645447699531e-05
0,35,0.4851802490327669,0.5763730406761169,0.2945999503135681,0.07299524545669556,0.6353310942649841,0.021479278802871704,4.916040103221507e-05
0,36,0.47719433903694153,0.592647910118103,0.30421844124794006,0.0825200080871582,0.6602314710617065,0.018128450959920883,4.444472097387448e-05
0,37,0.4710755063139874,0.5870922803878784,0.30239713191986084,0.0807846412062645,0.6522572040557861,0.020018408074975014,3.996802493677458e-05
0,38,0.46620535526586615,0.5965998768806458,0.30764487385749817,0.08346012234687805,0.6629804372787476,0.019497670233249664,3.574798039496593e-05
0,39,0.4639517781527146,0.5927703380584717,0.3059219717979431,0.08049832284450531,0.6593433618545532,0.01925506629049778,3.180124193630004e-05
0,40,0.5031987655421962,0.5805057883262634,0.29240158200263977,0.08824191242456436,0.6489124298095703,0.01163252629339695,2.8143385534380006e-05
0,41,0.4939963143804799,0.5896775126457214,0.29978907108306885,0.08716924488544464,0.6599106192588806,0.01240586582571268,2.4788847077308593e-05
0,42,0.48792893471925153,0.5977842211723328,0.30833110213279724,0.08349940925836563,0.668449342250824,0.016286291182041168,2.1750865395832963e-05
0,43,0.4842467644940252,0.5870181322097778,0.29798924922943115,0.08888063579797745,0.6562171578407288,0.013787698931992054,1.9041430015728164e-05
0,44,0.48006775521713757,0.5814756751060486,0.29562440514564514,0.08493684232234955,0.6478531956672668,0.016071097925305367,1.6671233840616125e-05
0,45,0.4767533534246942,0.583411455154419,0.29702287912368774,0.08671943843364716,0.6496567130088806,0.016332361847162247,1.4649630951960416e-05
0,46,0.47493812441825867,0.5794876217842102,0.2933553159236908,0.08633101731538773,0.6459570527076721,0.015699604526162148,1.298459969278006e-05
0,47,0.4727334419022436,0.5814948081970215,0.2949059307575226,0.08642256259918213,0.6482429504394531,0.015848446637392044,1.1682711180774572e-05
0,48,0.4708092283943425,0.5733593702316284,0.2897719740867615,0.08520618826150894,0.6368356347084045,0.017552202567458153,1.0749103375124612e-05
0,49,0.4693523379771606,0.5804510116577148,0.2950078547000885,0.08574485778808594,0.6458249092102051,0.01682705618441105,1.0187460799314202e-05
0,50,0.46708332973977795,0.5775637626647949,0.29220205545425415,0.08628959953784943,0.6426743268966675,0.01664859801530838,1e-05
1,1,0.7156923095817151,0.7494048476219177,0.44857558608055115,0.05403778702020645,0.8168354630470276,0.07295053452253342,0.00019981253920068581
1,2,0.6726350868525712,0.763710618019104,0.44796785712242126,0.05830537527799606,0.8361060619354248,0.06145550683140755,0.0001992508966248754
1,3,0.6640621216400809,0.7163129448890686,0.41420304775238037,0.06175070255994797,0.7933862209320068,0.05992889031767845,0.00019831728881922545
1,4,0.6565023414466692,0.6889095306396484,0.38628941774368286,0.06060970947146416,0.7633873224258423,0.05415772274136543,0.00019701540030721995
1,5,0.6526738826347434,0.6652581691741943,0.364154577255249,0.06581085175275803,0.7471462488174438,0.026879409328103065,0.00019535036904803958
1,6,0.6463181888279708,0.732469916343689,0.42123943567276,0.062220148742198944,0.8181198239326477,0.027025369927287102,0.00019332876615938386
1,7,0.6413558449434198,0.745387852191925,0.4287605285644531,0.0659945160150528,0.8278270959854126,0.027627307921648026,0.00019095856998427185
1,8,0.639420949894449,0.6989971995353699,0.3881003260612488,0.06190085411071777,0.7742530107498169,0.023638244718313217,0.000188249134604167
1,9,0.6341097957414129,0.734011173248291,0.42025867104530334,0.06314901262521744,0.8115997314453125,0.036318425089120865,0.00018521115292269142
1,10,0.6289208537858465,0.6956807374954224,0.37894317507743835,0.06572885066270828,0.7658959031105042,0.02314298413693905,0.00018185661446562
1,11,0.6221342404251513,0.6549434065818787,0.35055971145629883,0.07735344022512436,0.7308535575866699,0.018086599186062813,0.00017819875806369996
1,12,0.6194053791139437,0.6974455118179321,0.3855806291103363,0.07301660627126694,0.7788471579551697,0.02212977409362793,0.00017425201960503408
1,13,0.6137308147938355,0.6948322653770447,0.3863479495048523,0.06929244846105576,0.7792940735816956,0.018694672733545303,0.0001700319750632254
1,14,0.6095224690178166,0.703355610370636,0.3928486406803131,0.07736286520957947,0.7914612889289856,0.01265530101954937,0.0001655552790261255
1,15,0.6039205174083295,0.6612924933433533,0.36098983883857727,0.07467225939035416,0.7426469922065735,0.015194375067949295,0.00016083959896778495
1,16,0.5990360469921775,0.6950191855430603,0.3887929618358612,0.07159657776355743,0.7793579697608948,0.013395886868238449,0.00015590354552300466
1,17,0.5953396733688272,0.6570379137992859,0.36110761761665344,0.07531613856554031,0.7393059134483337,0.017649229615926743,0.00015076659903966294
1,18,0.5878534193920053,0.6804141402244568,0.37678879499435425,0.07847195863723755,0.76328444480896,0.01479627750813961,0.0001454490326986819
1,19,0.584496844721877,0.6384325623512268,0.34703919291496277,0.07414372265338898,0.7123268246650696,0.0291149765253067,0.0001399718325050444
1,20,0.5792743077744609,0.6776577234268188,0.3746105134487152,0.07432250678539276,0.7581530213356018,0.01789628155529499,0.00013435661446561999
1,21,0.5734398604735084,0.6858235001564026,0.3831866383552551,0.07428363710641861,0.7719575762748718,0.017064522951841354,0.0001286255392806612
1,22,0.5661764825167863,0.6909950375556946,0.3900984227657318,0.07535701990127563,0.7764011025428772,0.0185721255838871,0.00012280122488564387
1,23,0.5601398005433704,0.6398340463638306,0.343841016292572,0.08096113801002502,0.718291699886322,0.019644156098365784,0.00011690665718860895
1,24,0.5540727856366531,0.6613183617591858,0.3643157482147217,0.07405491173267365,0.7414262294769287,0.0244817603379488,0.0001109650993552848
1,25,0.5465624112149944,0.6917394995689392,0.3916061818599701,0.06179969385266304,0.7720179557800293,0.02450552210211754,0.00010500000000000002
1,26,0.5428004439758218,0.6393832564353943,0.34525153040885925,0.07689055055379868,0.7128996253013611,0.019267644733190536,9.903490064471525e-05
1,27,0.5351798722277517,0.6841123700141907,0.3903634548187256,0.063499815762043,0.7636832594871521,0.03043520264327526,9.309334281139112e-05
1,28,0.5274596246688262,0.6475517153739929,0.3520435392856598,0.07309550791978836,0.7239587903022766,0.02148113027215004,8.719877511435618e-05
1,29,0.5189862322548161,0.6584491729736328,0.3660469353199005,0.07014729082584381,0.7317674160003662,0.026151107624173164,8.13744607193388e-05
1,30,0.5157602733891943,0.6201786398887634,0.33153480291366577,0.07303120940923691,0.6878668069839478,0.024202881380915642,7.564338553438004e-05
1,31,0.5078850932743239,0.6546090245246887,0.36041468381881714,0.06404789537191391,0.7290197610855103,0.024881284683942795,7.002816749495564e-05
1,32,0.5005347897177157,0.6413956880569458,0.35112836956977844,0.06260856986045837,0.710975706577301,0.02864222414791584,6.455096730131812e-05
1,33,0.4940304030542788,0.6352158784866333,0.34477823972702026,0.06789516657590866,0.707533597946167,0.02357606031000614,5.923340096033705e-05
1,34,0.4861625232126402,0.6421293020248413,0.3513668179512024,0.06178070604801178,0.7126593589782715,0.02837921306490898,5.409645447699531e-05
1,35,0.4812193344468656,0.6273508667945862,0.3399707078933716,0.06034817174077034,0.6908403635025024,0.030689092352986336,4.916040103221507e-05
1,36,0.47385839405267133,0.6086299419403076,0.32197970151901245,0.068525530397892,0.6718083024024963,0.026664743199944496,4.444472097387448e-05
1,37,0.46908031857532,0.6046414971351624,0.3207879066467285,0.06924881041049957,0.666169285774231,0.026891835033893585,3.996802493677458e-05
1,38,0.4622495880593424,0.601794421672821,0.3178807497024536,0.06622186303138733,0.6613684892654419,0.026101455092430115,3.574798039496593e-05
1,39,0.45790132167546643,0.6020199656486511,0.3164181113243103,0.0700291097164154,0.6668197512626648,0.023814382031559944,3.180124193630004e-05
1,40,0.4983615305112756,0.5995921492576599,0.30949410796165466,0.07456070184707642,0.670587420463562,0.017958063632249832,2.8143385534380006e-05
1,41,0.48677062405192334,0.59917813539505,0.3106759190559387,0.07970376312732697,0.671798586845398,0.01568734459578991,2.4788847077308593e-05
1,42,0.4808179185442302,0.6046807169914246,0.3123658299446106,0.074916772544384,0.6764840483665466,0.015415221452713013,2.1750865395832963e-05
1,43,0.4761717623990515,0.6016692519187927,0.311363160610199,0.07913241535425186,0.6740511059761047,0.016036247834563255,1.9041430015728164e-05
1,44,0.47323499879111414,0.5946905612945557,0.30661478638648987,0.07788190990686417,0.6648794412612915,0.016972359269857407,1.6671233840616125e-05
1,45,0.47024578050426813,0.5965427756309509,0.3089042007923126,0.07586091756820679,0.6652528643608093,0.01796833798289299,1.4649630951960416e-05
1,46,0.4679618600917899,0.6009826064109802,0.31048694252967834,0.07588521391153336,0.6715933680534363,0.017748530954122543,1.298459969278006e-05
1,47,0.4661128993915475,0.6011202931404114,0.31151220202445984,0.07770851254463196,0.672524631023407,0.017192695289850235,1.1682711180774572e-05
1,48,0.4661043072524278,0.5911149382591248,0.3024706244468689,0.07919710129499435,0.6601627469062805,0.01663275435566902,1.0749103375124612e-05
1,49,0.46360626751961914,0.5952968001365662,0.3054344356060028,0.07742412388324738,0.6650151014328003,0.017163218930363655,1.0187460799314202e-05
1,50,0.46164439553799835,0.600151002407074,0.3099266290664673,0.07318048924207687,0.6694418787956238,0.018663879483938217,1e-05
2,1,0.7341584232838257,0.7662794589996338,0.4605931043624878,0.051948174834251404,0.83482426404953,0.04912926256656647,0.00019981253920068581
2,2,0.675250046926996,0.7954492568969727,0.47232168912887573,0.053358472883701324,0.8744506239891052,0.03456881269812584,0.0001992508966248754
2,3,0.6637089705985525,0.796368420124054,0.4719405770301819,0.05622474476695061,0.8830012083053589,0.027112476527690887,0.00019831728881922545
2,4,0.6570130664369335,0.7354714870452881,0.41813158988952637,0.06492497026920319,0.8230524659156799,0.025038648396730423,0.00019701540030721995
2,5,0.6520605754593144,0.7357572913169861,0.4159752130508423,0.06571166217327118,0.8157234787940979,0.027775131165981293,0.00019535036904803958
2,6,0.6466581802005353,0.719030499458313,0.40401169657707214,0.06515969336032867,0.804447591304779,0.02176891639828682,0.00019332876615938386
2,7,0.6413111693185308,0.7622013688087463,0.4363439381122589,0.06612329185009003,0.8458069562911987,0.024664606899023056,0.00019095856998427185
2,8,0.6375006592792013,0.7136644124984741,0.3967286944389343,0.07117664813995361,0.7942258715629578,0.022379212081432343,0.000188249134604167
2,9,0.6318465231553368,0.7513865828514099,0.4311533272266388,0.06748519837856293,0.8363222479820251,0.017426006495952606,0.00018521115292269142
2,10,0.6270134805337243,0.7442288398742676,0.4260341227054596,0.0685335099697113,0.8334426879882812,0.019251998513936996,0.00018185661446562
2,11,0.6224336151195609,0.7255576252937317,0.41012677550315857,0.07236824184656143,0.8120514750480652,0.02347828447818756,0.00017819875806369996
2,12,0.6174995497516964,0.7130387425422668,0.39930078387260437,0.06793857365846634,0.7979128956794739,0.02605000138282776,0.00017425201960503408
2,13,0.6147131252547969,0.7099538445472717,0.3986479640007019,0.06836598366498947,0.7928032875061035,0.022151684388518333,0.0001700319750632254
2,14,0.6087927066761515,0.7630571126937866,0.44194093346595764,0.063973568379879,0.851482093334198,0.02703595533967018,0.0001655552790261255
2,15,0.6031343178904575,0.7155990600585938,0.39851894974708557,0.0757455974817276,0.8006611466407776,0.021878492087125778,0.00016083959896778495
2,16,0.5985797987036083,0.7274815440177917,0.41389477252960205,0.06764420866966248,0.8123724460601807,0.02984604984521866,0.00015590354552300466
2,17,0.593011885881424,0.7323487401008606,0.41816064715385437,0.06150542199611664,0.813123881816864,0.029912026599049568,0.00015076659903966294
2,18,0.5862850047971891,0.7491111755371094,0.4308837950229645,0.06901790201663971,0.8382494449615479,0.01558409072458744,0.0001454490326986819
2,19,0.5821151597344357,0.6235069632530212,0.3246958553791046,0.06691566109657288,0.6852263808250427,0.02145606279373169,0.0001399718325050444
2,20,0.578537810107936,0.7028092741966248,0.3936285376548767,0.07199439406394958,0.7888903617858887,0.025007303804159164,0.00013435661446561999
2,21,0.5704264187294504,0.6801895499229431,0.37420809268951416,0.06356534361839294,0.7539415955543518,0.0394086129963398,0.0001286255392806612
2,22,0.5650288125743037,0.6666305065155029,0.3581446707248688,0.07442758232355118,0.740256667137146,0.022158680483698845,0.00012280122488564387
2,23,0.5605546793212062,0.6924750804901123,0.3844287097454071,0.061815932393074036,0.773388683795929,0.025041887536644936,0.00011690665718860895
2,24,0.5555533507595891,0.7039234042167664,0.39209362864494324,0.06638810783624649,0.7834204435348511,0.02647402696311474,0.0001109650993552848
2,25,0.5448256426531336,0.7033602595329285,0.39042747020721436,0.06944862753152847,0.7825856804847717,0.02205214835703373,0.00010500000000000002
2,26,0.5387389653402826,0.7498204708099365,0.43210354447364807,0.06141658499836922,0.8341965079307556,0.023031072691082954,9.903490064471525e-05
2,27,0.5301868999781816,0.7066041827201843,0.3977676033973694,0.06418950110673904,0.7896934747695923,0.024029484018683434,9.309334281139112e-05
2,28,0.5260258362345074,0.6749134063720703,0.3725949823856354,0.057946741580963135,0.7477876543998718,0.030089374631643295,8.719877511435618e-05
2,29,0.5191820665546085,0.6766917109489441,0.37087753415107727,0.06754051893949509,0.754150390625,0.02192320115864277,8.13744607193388e-05
2,30,0.5109993841337122,0.6789776682853699,0.3766395151615143,0.05595006048679352,0.7522210478782654,0.028877872973680496,7.564338553438004e-05
2,31,0.5036852035833441,0.6633832454681396,0.3633044362068176,0.060607682913541794,0.7353256940841675,0.027302144095301628,7.002816749495564e-05
2,32,0.4981571682121443,0.6932790279388428,0.39304250478744507,0.049641333520412445,0.7651827931404114,0.034243181347846985,6.455096730131812e-05
2,33,0.4900407110867293,0.6576199531555176,0.35768768191337585,0.06338120996952057,0.7304347157478333,0.024885734543204308,5.923340096033705e-05
2,34,0.4837331843117009,0.6311778426170349,0.3417348861694336,0.05659450963139534,0.6949008107185364,0.03002091497182846,5.409645447699531e-05
2,35,0.4748846946851067,0.6448458433151245,0.34808671474456787,0.06200292706489563,0.7150954008102417,0.02524281106889248,4.916040103221507e-05
2,36,0.4683487804039665,0.5979672074317932,0.3116925060749054,0.05974392592906952,0.6596985459327698,0.023366423323750496,4.444472097387448e-05
2,37,0.4611020645369654,0.5867748856544495,0.3043844699859619,0.06339048594236374,0.648497998714447,0.02385120838880539,3.996802493677458e-05
2,38,0.4545996227990026,0.5497555732727051,0.27827903628349304,0.05802121385931969,0.5984309911727905,0.028843529522418976,3.574798039496593e-05
2,39,0.4494782193847325,0.5171508193016052,0.2504878342151642,0.0674041360616684,0.5618706345558167,0.02196209691464901,3.180124193630004e-05
2,40,0.4891587489325067,0.5257301330566406,0.25548088550567627,0.08542042970657349,0.5826882123947144,0.01624411717057228,2.8143385534380006e-05
2,41,0.47762478110582934,0.5072812438011169,0.24142618477344513,0.08425723016262054,0.558684229850769,0.014917931519448757,2.4788847077308593e-05
2,42,0.4705738243849381,0.5185193419456482,0.24935412406921387,0.08240953087806702,0.5731831192970276,0.015391899272799492,2.1750865395832963e-05
2,43,0.46411093875117926,0.4873755872249603,0.22797167301177979,0.08424106985330582,0.5351454019546509,0.016428204253315926,1.9041430015728164e-05
2,44,0.46108121133368946,0.4871254861354828,0.22713252902030945,0.08547160029411316,0.5350983142852783,0.01570066064596176,1.6671233840616125e-05
2,45,0.4570403772851695,0.43466728925704956,0.19055494666099548,0.0876121073961258,0.46424514055252075,0.016567574813961983,1.4649630951960416e-05
2,46,0.4522138944138651,0.429893434047699,0.1865111142396927,0.08833683282136917,0.45911476016044617,0.015824273228645325,1.298459969278006e-05
2,47,0.44626325433668884,0.347881555557251,0.13291844725608826,0.09145583212375641,0.3494096100330353,0.01536492258310318,1.1682711180774572e-05
2,48,0.432338480392228,0.20528964698314667,0.05511397495865822,0.09853407740592957,0.16690586507320404,0.013065563514828682,1.0749103375124612e-05
2,49,0.4087103125841721,0.16270039975643158,0.03588828817009926,0.11565753817558289,0.11430077254772186,0.012913591228425503,1.0187460799314202e-05
2,50,0.39436367478059686,0.1566333770751953,0.033562205731868744,0.12118595093488693,0.10759253054857254,0.013544118963181973,1e-05
3,1,0.7255427092313766,0.7797697186470032,0.46624043583869934,0.0529138408601284,0.8579522967338562,0.04609019309282303,0.00019981253920068581
3,2,0.6707076002722201,0.7164230346679688,0.4068845808506012,0.057164814323186874,0.7877200245857239,0.048100441694259644,0.0001992508966248754
3,3,0.6631519217853961,0.784951388835907,0.46118977665901184,0.05677196756005287,0.8631460070610046,0.041942376643419266,0.00019831728881922545
3,4,0.6580064588266871,0.7144919633865356,0.3993701636791229,0.06588916480541229,0.790646493434906,0.036469098180532455,0.00019701540030721995
3,5,0.6534313559532166,0.737645149230957,0.41760924458503723,0.05506449192762375,0.8110670447349548,0.03983370587229729,0.00019535036904803958
3,6,0.6497258751288705,0.7162843942642212,0.40044498443603516,0.05463942885398865,0.8009033203125,0.019379431381821632,0.00019332876615938386
3,7,0.6432693134183469,0.7744633555412292,0.451558381319046,0.056995488703250885,0.8598549365997314,0.027378065511584282,0.00019095856998427185
3,8,0.6373636191305907,0.6846498847007751,0.3733053505420685,0.06528015434741974,0.7563621997833252,0.034628890454769135,0.000188249134604167
3,9,0.6332669970781907,0.7093830108642578,0.3944498896598816,0.07271860539913177,0.795568585395813,0.022531043738126755,0.00018521115292269142
3,10,0.6287811068089112,0.7136168479919434,0.4019571840763092,0.06601870059967041,0.7942754626274109,0.03693593665957451,0.00018185661446562
3,11,0.6254625586063965,0.6945501565933228,0.3829079866409302,0.07010240107774734,0.7797132730484009,0.020690830424427986,0.00017819875806369996
3,12,0.6217604843170746,0.6512070894241333,0.3427567183971405,0.07086533308029175,0.7168270945549011,0.014147660695016384,0.00017425201960503408
3,13,0.6161200935425966,0.6716315150260925,0.3627544641494751,0.0703694224357605,0.749817967414856,0.018435996025800705,0.0001700319750632254
3,14,0.6123455179774243,0.7395799160003662,0.42126232385635376,0.06779556721448898,0.8314408659934998,0.01459418423473835,0.0001655552790261255
3,15,0.6047115170437357,0.6875868439674377,0.3792079985141754,0.07386286556720734,0.7714301943778992,0.016741476953029633,0.00016083959896778495
3,16,0.6001125554675641,0.7417168021202087,0.4226815402507782,0.07153704017400742,0.8290473818778992,0.015671253204345703,0.00015590354552300466
3,17,0.5962998134934384,0.7289605140686035,0.41273677349090576,0.07359414547681808,0.8200681209564209,0.01652384363114834,0.00015076659903966294
3,18,0.5893630715815917,0.7160532474517822,0.4034092128276825,0.07206635922193527,0.8061766624450684,0.019825028255581856,0.0001454490326986819
3,19,0.5848913361196932,0.7051936984062195,0.39318230748176575,0.07373341917991638,0.793688952922821,0.015269131399691105,0.0001399718325050444
3,20,0.57723018138305,0.6826731562614441,0.37164443731307983,0.07151558995246887,0.7639216780662537,0.01487867720425129,0.00013435661446561999
3,21,0.5734068077543507,0.710277795791626,0.3958576023578644,0.07048377394676208,0.7967897653579712,0.01924082078039646,0.0001286255392806612
3,22,0.5700979459544887,0.6863495707511902,0.37980157136917114,0.0678255707025528,0.7701740264892578,0.02410668134689331,0.00012280122488564387
3,23,0.5648103758044865,0.6612234115600586,0.3556678593158722,0.07495126128196716,0.7371293306350708,0.01864452473819256,0.00011690665718860895
3,24,0.5573058070048041,0.691856324672699,0.38141173124313354,0.07330141961574554,0.7776376605033875,0.01614920236170292,0.0001109650993552848
3,25,0.5518412376227586,0.6383765339851379,0.33559587597846985,0.08001311123371124,0.7111004590988159,0.01646929606795311,0.00010500000000000002
3,26,0.5456071470094763,0.6735810041427612,0.3678989112377167,0.07977113872766495,0.756540060043335,0.017102783545851707,9.903490064471525e-05
3,27,0.5393249398988226,0.6797360181808472,0.3753935396671295,0.07562988251447678,0.761635422706604,0.01839572563767433,9.309334281139112e-05
3,28,0.530842996161917,0.6736392974853516,0.37143534421920776,0.07763352245092392,0.7601448893547058,0.017226211726665497,8.719877511435618e-05
3,29,0.5245341606762098,0.688520610332489,0.38338375091552734,0.07554623484611511,0.7735798954963684,0.024167243391275406,8.13744607193388e-05
3,30,0.5179592986469683,0.6886067390441895,0.3836129605770111,0.07383988052606583,0.774966299533844,0.02094254270195961,7.564338553438004e-05
3,31,0.5109285906605099,0.6563275456428528,0.3542657494544983,0.07153423130512238,0.7331703901290894,0.023422440513968468,7.002816749495564e-05
3,32,0.5050185912329218,0.6677761673927307,0.36581000685691833,0.07035268098115921,0.7534830570220947,0.018867075443267822,6.455096730131812e-05
3,33,0.4972711354494095,0.6507593393325806,0.34994176030158997,0.07290399074554443,0.7306438088417053,0.0200683381408453,5.923340096033705e-05
3,34,0.49141375526137976,0.651801347732544,0.35246554017066956,0.07132679969072342,0.7343131899833679,0.019887108355760574,5.409645447699531e-05
3,35,0.48532171029111615,0.6618894338607788,0.3618423044681549,0.0707906186580658,0.7432765364646912,0.021683216094970703,4.916040103221507e-05
3,36,0.4777125631985457,0.6482914090156555,0.3489433825016022,0.07093720138072968,0.7262576222419739,0.021977772936224937,4.444472097387448e-05
3,37,0.4726781365664109,0.6306346654891968,0.33620426058769226,0.07253652065992355,0.7051458954811096,0.02212482877075672,3.996802493677458e-05
3,38,0.46447180665057636,0.625159740447998,0.33203867077827454,0.06996352225542068,0.7000380158424377,0.020585309714078903,3.574798039496593e-05
3,39,0.4617986568938131,0.637501060962677,0.34286755323410034,0.06932709366083145,0.7152692079544067,0.02076481655240059,3.180124193630004e-05
3,40,0.49613092645354895,0.646910548210144,0.3497818112373352,0.07665979117155075,0.7322951555252075,0.015143142081797123,2.8143385534380006e-05
3,41,0.48635240676610364,0.6483240127563477,0.3513219356536865,0.07474859058856964,0.7330880165100098,0.016908083111047745,2.4788847077308593e-05
3,42,0.4814831562664198,0.6393677592277527,0.34317752718925476,0.07524020969867706,0.7198023796081543,0.017788492143154144,2.1750865395832963e-05
3,43,0.4781917197548825,0.6355924606323242,0.33846938610076904,0.07419484108686447,0.7156673669815063,0.01830626092851162,1.9041430015728164e-05
3,44,0.4746818646140721,0.6352910399436951,0.34021463990211487,0.074286088347435,0.7159966826438904,0.019116075709462166,1.6671233840616125e-05
3,45,0.47108663165051007,0.635007917881012,0.3402094542980194,0.07469187676906586,0.715353786945343,0.01947258599102497,1.4649630951960416e-05
3,46,0.4692138433456421,0.6336182355880737,0.3382767140865326,0.07387831062078476,0.713639497756958,0.019169405102729797,1.298459969278006e-05
3,47,0.4670429696207461,0.6390202045440674,0.3440669775009155,0.07355233281850815,0.7196273803710938,0.019432252272963524,1.1682711180774572e-05
3,48,0.4659884559071582,0.6366731524467468,0.3416520059108734,0.07326572388410568,0.7159786820411682,0.020567065104842186,1.0749103375124612e-05
3,49,0.4644794366929842,0.6340106725692749,0.339457243680954,0.07282988727092743,0.7121337652206421,0.02118496410548687,1.0187460799314202e-05
3,50,0.4637528534816659,0.6384264230728149,0.34287184476852417,0.07407719641923904,0.7190881967544556,0.02016368880867958,1e-05
4,1,0.7251329441433367,0.7768272161483765,0.47019484639167786,0.04536691680550575,0.8356891870498657,0.0687931552529335,0.00019981253920068581
4,2,0.6738063427417175,0.7714154720306396,0.4521820843219757,0.052987366914749146,0.8332281708717346,0.07111328095197678,0.0001992508966248754
4,3,0.6676884850730067,0.7436728477478027,0.4296260476112366,0.05833107605576515,0.8092125654220581,0.05166558176279068,0.00019831728881922545
4,4,0.6594490201576896,0.7550483345985413,0.4402214586734772,0.06235605850815773,0.8362584710121155,0.041635144501924515,0.00019701540030721995
4,5,0.6538132079269575,0.7760292887687683,0.45033106207847595,0.06193685159087181,0.8584370017051697,0.03690063953399658,0.00019535036904803958
4,6,0.6467323899269104,0.7019557356834412,0.3901675343513489,0.06710364669561386,0.781783401966095,0.03156260773539543,0.00019332876615938386
4,7,0.6414554909519528,0.7248640060424805,0.40665072202682495,0.06623585522174835,0.7986696362495422,0.03597598895430565,0.00019095856998427185
4,8,0.6398034393787384,0.7805784940719604,0.4537031650543213,0.0602908656001091,0.8641055226325989,0.0278038140386343,0.000188249134604167
4,9,0.6345749892618345,0.7354763746261597,0.41561877727508545,0.06240028515458107,0.8130306601524353,0.024347610771656036,0.00018521115292269142
4,10,0.630245197078456,0.7224553227424622,0.40538111329078674,0.06778398901224136,0.8000178337097168,0.028419706970453262,0.00018185661446562
4,11,0.6239622598109038,0.7098653316497803,0.3997343182563782,0.06699687987565994,0.793956995010376,0.029435155913233757,0.00017819875806369996
4,12,0.6185432581797891,0.6737335324287415,0.3661043643951416,0.07226242125034332,0.7507067918777466,0.020089304074645042,0.00017425201960503408
4,13,0.6148364258849103,0.7175993919372559,0.40367281436920166,0.07161720842123032,0.8073912262916565,0.01896430179476738,0.0001700319750632254
4,14,0.6101804239594418,0.6998842358589172,0.38838493824005127,0.07202532887458801,0.784334659576416,0.031906865537166595,0.0001655552790261255
4,15,0.6064526840396549,0.7153019905090332,0.40326088666915894,0.06957682222127914,0.8000293374061584,0.03368997573852539,0.00016083959896778495
4,16,0.6018063089121943,0.7424535155296326,0.42670899629592896,0.06630069762468338,0.8326483964920044,0.025367656722664833,0.00015590354552300466
4,17,0.5944792880960132,0.6955572962760925,0.3868215084075928,0.06727756559848785,0.7821386456489563,0.020819703117012978,0.00015076659903966294
4,18,0.5921458090129106,0.7213189005851746,0.40831393003463745,0.0706007108092308,0.8113014698028564,0.02199927717447281,0.0001454490326986819
4,19,0.5863123782303022,0.6710914969444275,0.3638439476490021,0.07339493930339813,0.7506070733070374,0.0212252140045166,0.0001399718325050444
4,20,0.582342891589455,0.7095195055007935,0.39433935284614563,0.0716727077960968,0.7950349450111389,0.021181149408221245,0.00013435661446561999
4,21,0.5751432789408643,0.6982588171958923,0.38517600297927856,0.07153118401765823,0.7831205725669861,0.021852899342775345,0.0001286255392806612
4,22,0.5710817581933477,0.7040533423423767,0.394914448261261,0.06842198967933655,0.7910864353179932,0.02101069502532482,0.00012280122488564387
4,23,0.5633927305107531,0.6999449133872986,0.3887409269809723,0.06855732947587967,0.782600462436676,0.024362193420529366,0.00011690665718860895
4,24,0.558726882804995,0.6908687353134155,0.38153326511383057,0.07038646191358566,0.7778456807136536,0.020363042131066322,0.0001109650993552848
4,25,0.5518037229776382,0.7178794145584106,0.4062294363975525,0.06794387847185135,0.8070838451385498,0.025225959718227386,0.00010500000000000002
4,26,0.5478907985531766,0.6776227951049805,0.3709321916103363,0.06897737830877304,0.7624844908714294,0.020878616720438004,9.903490064471525e-05
4,27,0.5383952726488528,0.683006227016449,0.37591996788978577,0.06729163974523544,0.7665773034095764,0.020828252658247948,9.309334281139112e-05
4,28,0.5333912158789842,0.6745114326477051,0.3683878779411316,0.061088379472494125,0.7466139197349548,0.027029136195778847,8.719877511435618e-05
4,29,0.52541548985502,0.6601800918579102,0.35590651631355286,0.0674164742231369,0.738534152507782,0.02157500386238098,8.13744607193388e-05
4,30,0.520090057798054,0.6655092835426331,0.36313948035240173,0.06864646822214127,0.7469746470451355,0.02043626457452774,7.564338553438004e-05
4,31,0.5135328724332477,0.6792801022529602,0.3745783865451813,0.06162839010357857,0.7583658695220947,0.034550487995147705,7.002816749495564e-05
4,32,0.5076534748077393,0.667339563369751,0.36484435200691223,0.06369898468255997,0.7464369535446167,0.018867317587137222,6.455096730131812e-05
4,33,0.4976543440766957,0.6607951521873474,0.3589857816696167,0.06280209124088287,0.7382354736328125,0.02667166478931904,5.923340096033705e-05
4,34,0.4928944564383963,0.6718218326568604,0.36875420808792114,0.06257148832082748,0.7497560977935791,0.025757547467947006,5.409645447699531e-05
4,35,0.4860032116589339,0.6464250087738037,0.34813520312309265,0.06463956087827682,0.7210022211074829,0.024296697229146957,4.916040103221507e-05
4,36,0.47900875754978345,0.6625917553901672,0.35946524143218994,0.06419343501329422,0.7410799860954285,0.022153038531541824,4.444472097387448e-05
4,37,0.4739400660214217,0.6538127064704895,0.35523152351379395,0.06151263043284416,0.7310927510261536,0.024292178452014923,3.996802493677458e-05
4,38,0.46673442941644916,0.6337084174156189,0.3388519585132599,0.06579049676656723,0.7055742144584656,0.02570156566798687,3.574798039496593e-05
4,39,0.4649888011424438,0.6417884826660156,0.3445366621017456,0.06667418032884598,0.718006432056427,0.022794660180807114,3.180124193630004e-05
4,40,0.49774883622708527,0.642301082611084,0.3421444296836853,0.07675578445196152,0.722847044467926,0.0172413419932127,2.8143385534380006e-05
4,41,0.4906702566406001,0.642510712146759,0.3435477316379547,0.07607883214950562,0.7236652970314026,0.01982235722243786,2.4788847077308593e-05
4,42,0.4845263925583466,0.6385772228240967,0.3413477838039398,0.07561653852462769,0.7180432677268982,0.02109570801258087,2.1750865395832963e-05
4,43,0.48046656600807025,0.6396530270576477,0.34114760160446167,0.07268978655338287,0.7184703350067139,0.020820941776037216,1.9041430015728164e-05
4,44,0.47782774140005524,0.642485499382019,0.3463115096092224,0.0720067098736763,0.7204713821411133,0.02383732981979847,1.6671233840616125e-05
4,45,0.4758461661960768,0.6362926959991455,0.3387737572193146,0.0738844946026802,0.7143049836158752,0.021193545311689377,1.4649630951960416e-05
4,46,0.47298248954441235,0.6366835832595825,0.339458167552948,0.07352244108915329,0.7150483727455139,0.02269592322409153,1.298459969278006e-05
4,47,0.47198877321637195,0.6456995606422424,0.3459177017211914,0.07090442627668381,0.7241466045379639,0.02318204753100872,1.1682711180774572e-05
4,48,0.47031536827916687,0.6298478245735168,0.3337385058403015,0.07354537397623062,0.7062989473342896,0.023561593145132065,1.0749103375124612e-05
4,49,0.4684749057759409,0.6268959641456604,0.3318735659122467,0.07156004756689072,0.7009579539299011,0.02381901443004608,1.0187460799314202e-05
4,50,0.46709318264670996,0.6256687641143799,0.3311915397644043,0.07299093902111053,0.6995760202407837,0.02333151362836361,1e-05
5,1,0.713320048606914,0.7740654945373535,0.4592286944389343,0.058158401399850845,0.845385730266571,0.060361597687006,0.00019981253920068581
5,2,0.6707051519466483,0.7999518513679504,0.47740402817726135,0.053824637085199356,0.8723452091217041,0.052422717213630676,0.0001992508966248754
5,3,0.6619435665400132,0.7649355530738831,0.4459017217159271,0.05873599275946617,0.8475044965744019,0.029923006892204285,0.00019831728881922545
5,4,0.6558882574672285,0.8007267117500305,0.47477036714553833,0.06397179514169693,0.886959433555603,0.025577284395694733,0.00019701540030721995
5,5,0.6498057246208191,0.7334954142570496,0.41436898708343506,0.06360442191362381,0.8133317232131958,0.028561828657984734,0.00019535036904803958
5,6,0.6478515371032383,0.7508680820465088,0.4325598180294037,0.06235725060105324,0.8341072201728821,0.02501123957335949,0.00019332876615938386
5,7,0.6414127472950064,0.7021287083625793,0.39147794246673584,0.06607773154973984,0.7815456390380859,0.029173225164413452,0.00019095856998427185
5,8,0.6403444584297098,0.7212461233139038,0.4037390351295471,0.0692555159330368,0.806214451789856,0.019358446821570396,0.000188249134604167
5,9,0.6318816840648651,0.7341442704200745,0.41751813888549805,0.06706289201974869,0.815143346786499,0.02530476823449135,0.00018521115292269142
5,10,0.6270615847214408,0.7039804458618164,0.39462995529174805,0.06933338940143585,0.7873746752738953,0.024768467992544174,0.00018185661446562
5,11,0.6218679223371588,0.7240889668464661,0.4128805696964264,0.06474531441926956,0.8116912841796875,0.023031430318951607,0.00017819875806369996
5,12,0.618676008089729,0.7525978088378906,0.4357845187187195,0.06757856905460358,0.8432981371879578,0.015219911932945251,0.00017425201960503408
5,13,0.6128647495871005,0.7249445915222168,0.4112849831581116,0.06856697052717209,0.808938205242157,0.019893154501914978,0.0001700319750632254
5,14,0.6087936156469843,0.7484453320503235,0.4333668053150177,0.06615277379751205,0.8328535556793213,0.022086281329393387,0.0001655552790261255
5,15,0.6050826673922332,0.7160117030143738,0.4065644443035126,0.06570638716220856,0.8015090227127075,0.022586070001125336,0.00016083959896778495
5,16,0.6014437941105469,0.6923049688339233,0.3858003318309784,0.0711672455072403,0.7716304063796997,0.01773938350379467,0.00015590354552300466
5,17,0.597458985188733,0.7158083915710449,0.4084838032722473,0.06822817772626877,0.7980144619941711,0.025459079071879387,0.00015076659903966294
5,18,0.5899761260851569,0.7006900310516357,0.3960823118686676,0.06858017295598984,0.7835734486579895,0.026360081508755684,0.0001454490326986819
5,19,0.5818653715693433,0.6926665902137756,0.3895145654678345,0.07107130438089371,0.7746902108192444,0.029538515955209732,0.0001399718325050444
5,20,0.579758072676866,0.6636250019073486,0.3615598976612091,0.07526414841413498,0.7344095706939697,0.023647243157029152,0.00013435661446561999
5,21,0.5736678948868876,0.7245369553565979,0.41727501153945923,0.07106174528598785,0.8114159107208252,0.022455353289842606,0.0001286255392806612
5,22,0.5669639084650122,0.6656215190887451,0.3669591248035431,0.07839202880859375,0.7418974041938782,0.028483714908361435,0.00012280122488564387
5,23,0.5631569183391073,0.6853602528572083,0.3812720477581024,0.07225864380598068,0.7663113474845886,0.021682539954781532,0.00011690665718860895
5,24,0.5544664833856665,0.6901269555091858,0.38900843262672424,0.06997723132371902,0.7696930766105652,0.020987464115023613,0.0001109650993552848
5,25,0.5478145590294963,0.7069363594055176,0.40277495980262756,0.0647362694144249,0.7907885313034058,0.02441703900694847,0.00010500000000000002
5,26,0.541325415606084,0.6818284392356873,0.3819761872291565,0.07564853131771088,0.76286381483078,0.022913290187716484,9.903490064471525e-05
5,27,0.5373950367388518,0.6891134977340698,0.3876964747905731,0.06415806710720062,0.772638738155365,0.023343931883573532,9.309334281139112e-05
5,28,0.5270898504101712,0.657801628112793,0.3617915213108063,0.06970326602458954,0.7345923185348511,0.02093411423265934,8.719877511435618e-05
5,29,0.5211051819117173,0.6790738105773926,0.3811269700527191,0.07095018774271011,0.7601759433746338,0.02488836646080017,8.13744607193388e-05
5,30,0.5140114284080007,0.6290498971939087,0.33349111676216125,0.07291978597640991,0.698254406452179,0.018530866131186485,7.564338553438004e-05
5,31,0.5070039318955463,0.652374267578125,0.35446351766586304,0.07142076641321182,0.7280628085136414,0.02222275547683239,7.002816749495564e-05
5,32,0.5012078421271365,0.64631187915802,0.35164767503738403,0.07031602412462234,0.7224560379981995,0.020957501605153084,6.455096730131812e-05
5,33,0.49530115658822266,0.6595752239227295,0.36364611983299255,0.069054014980793,0.7376329302787781,0.023750966414809227,5.923340096033705e-05
5,34,0.4870763505282609,0.643922746181488,0.35020026564598083,0.06910572946071625,0.7188686728477478,0.02243858575820923,5.409645447699531e-05
5,35,0.48143213987350464,0.6395797729492188,0.34422674775123596,0.07104718685150146,0.7168474197387695,0.02065216936171055,4.916040103221507e-05
5,36,0.47381527009217633,0.655290424823761,0.36027437448501587,0.07004427909851074,0.736502468585968,0.021716782823204994,4.444472097387448e-05
5,37,0.46759226205556287,0.6386576890945435,0.346671462059021,0.06891108304262161,0.7126468420028687,0.02394743822515011,3.996802493677458e-05
5,38,0.4620614012946253,0.6346049308776855,0.3429778218269348,0.07194582372903824,0.7096534371376038,0.022320346906781197,3.574798039496593e-05
5,39,0.4593041662288749,0.6154516935348511,0.3253457248210907,0.07158085703849792,0.689754843711853,0.018915800377726555,3.180124193630004e-05
5,40,0.49454596573891846,0.6159050464630127,0.3254162073135376,0.07302899658679962,0.6928362846374512,0.01615133322775364,2.8143385534380006e-05
5,41,0.48469966844372125,0.6157065033912659,0.3234814405441284,0.07238852232694626,0.6921058297157288,0.014942292124032974,2.4788847077308593e-05
5,42,0.4794280256914056,0.6321517825126648,0.338654488325119,0.07128194719552994,0.7125445008277893,0.01625773124396801,2.1750865395832963e-05
5,43,0.47499168437460193,0.6201795935630798,0.32616570591926575,0.07250189036130905,0.6968458294868469,0.015741951763629913,1.9041430015728164e-05
5,44,0.471834773602693,0.6089723110198975,0.3188323676586151,0.07292047888040543,0.6825814247131348,0.015817567706108093,1.6671233840616125e-05
5,45,0.46880064321600873,0.6154044270515442,0.32303526997566223,0.07099292427301407,0.6907631754875183,0.015813877806067467,1.4649630951960416e-05
5,46,0.4671708863714467,0.6111822724342346,0.3200001120567322,0.07184834778308868,0.6847795844078064,0.016914643347263336,1.298459969278006e-05
5,47,0.4649479233700296,0.6167413592338562,0.3250376284122467,0.07135140150785446,0.6933731436729431,0.015995904803276062,1.1682711180774572e-05
5,48,0.4637992712466613,0.6142941117286682,0.32231685519218445,0.0724669098854065,0.6899493932723999,0.016590222716331482,1.0749103375124612e-05
5,49,0.4632946492537208,0.6168174147605896,0.32515549659729004,0.07223881036043167,0.6930850744247437,0.017102811485528946,1.0187460799314202e-05
5,50,0.4618195081534593,0.620903491973877,0.32876941561698914,0.0719621479511261,0.6982599496841431,0.017685871571302414,1e-05
6,1,0.7589288729688396,1.009625792503357,0.6180323362350464,0.04396789148449898,0.9949150681495667,0.05734061822295189,0.00019981253920068581
6,2,0.7025384870560273,1.0085906982421875,0.6138709783554077,0.04681626707315445,0.9974526166915894,0.04689588397741318,0.0001992508966248754
6,3,0.697261125497196,1.0061475038528442,0.6110877990722656,0.053008291870355606,0.9983722567558289,0.039366334676742554,0.00019831728881922545
6,4,0.6914526658213657,1.0042763948440552,0.6105397343635559,0.0514242984354496,0.9988929033279419,0.030496682971715927,0.00019701540030721995
6,5,0.687574425469274,1.0022504329681396,0.6016689538955688,0.06119697540998459,0.999071478843689,0.028733249753713608,0.00019535036904803958
6,6,0.6820143493621246,0.9920403361320496,0.6013914346694946,0.06275001913309097,0.9980185627937317,0.032061461359262466,0.00019332876615938386
6,7,0.6590037203353384,0.7673777341842651,0.43272268772125244,0.06562863290309906,0.8321406841278076,0.037861455231904984,0.00019095856998427185
6,8,0.6437872881474702,0.7318689227104187,0.4105622172355652,0.06377867609262466,0.8121828436851501,0.04820356145501137,0.000188249134604167
6,9,0.6406334865352382,0.6887707710266113,0.3727433979511261,0.07408808916807175,0.7673758864402771,0.022611431777477264,0.00018521115292269142
6,10,0.6331072935591573,0.6884352564811707,0.37845245003700256,0.06706816703081131,0.7661089897155762,0.02254442684352398,0.00018185661446562
6,11,0.6260123077941977,0.7738511562347412,0.43958988785743713,0.06214039772748947,0.8487219214439392,0.01684485375881195,0.00017819875806369996
6,12,0.6233305218427078,0.7508643269538879,0.4287618100643158,0.07211382687091827,0.8409265279769897,0.011999166570603848,0.00017425201960503408
6,13,0.6184604699197023,0.6884501576423645,0.37545210123062134,0.07752105593681335,0.767860472202301,0.012737935408949852,0.0001700319750632254
6,14,0.6160522291193837,0.7005441784858704,0.3837800621986389,0.07474672049283981,0.7805994749069214,0.01310951728373766,0.0001655552790261255
6,15,0.6070188322792882,0.7399194240570068,0.4193241596221924,0.07363811880350113,0.8310415744781494,0.01686408370733261,0.00016083959896778495
6,16,0.6012607482464417,0.7379717826843262,0.4152052104473114,0.07281273603439331,0.8251804709434509,0.013577720150351524,0.00015590354552300466
6,17,0.5995825982612112,0.7342503070831299,0.4165201187133789,0.06987220793962479,0.8219762444496155,0.023861996829509735,0.00015076659903966294
6,18,0.5936105089343112,0.6745744347572327,0.36714333295822144,0.07823783904314041,0.7560113668441772,0.02187114581465721,0.0001454490326986819
6,19,0.5885475699020468,0.751910388469696,0.4327622056007385,0.06758929044008255,0.8409393429756165,0.018704000860452652,0.0001399718325050444
6,20,0.5829445337471755,0.6893083453178406,0.38153156638145447,0.07733742892742157,0.7749603390693665,0.022036541253328323,0.00013435661446561999
6,21,0.580193759954494,0.7195720672607422,0.4083227515220642,0.06892665475606918,0.8065086007118225,0.01879371702671051,0.0001286255392806612
6,22,0.5740328793940337,0.6950536966323853,0.3865411579608917,0.07753976434469223,0.7776587009429932,0.02132045105099678,0.00012280122488564387
6,23,0.566399057922156,0.6737578511238098,0.3654220700263977,0.07425591349601746,0.751568078994751,0.01763979159295559,0.00011690665718860895
6,24,0.5608893827251766,0.6674044132232666,0.36269211769104004,0.075924351811409,0.747917890548706,0.021100612357258797,0.0001109650993552848
6,25,0.5541316180125527,0.6651769280433655,0.3621040880680084,0.07216908037662506,0.7422229051589966,0.02801836095750332,0.00010500000000000002
6,26,0.5498742065999819,0.6510077714920044,0.35168102383613586,0.07637196779251099,0.7285595536231995,0.01951126754283905,9.903490064471525e-05
6,27,0.5453272034292636,0.6214756965637207,0.3253515660762787,0.08156147599220276,0.6969493627548218,0.01577724702656269,9.309334281139112e-05
6,28,0.5376187653645225,0.6427717208862305,0.3415025472640991,0.08165096491575241,0.716703474521637,0.017153959721326828,8.719877511435618e-05
6,29,0.5305987486372823,0.636794924736023,0.3395278751850128,0.0750269964337349,0.7112794518470764,0.017487356439232826,8.13744607193388e-05
6,30,0.5241662497105806,0.6113342642784119,0.31905776262283325,0.07979177683591843,0.6809152364730835,0.015530894510447979,7.564338553438004e-05
6,31,0.5123451157756473,0.6155658960342407,0.318252295255661,0.08490465581417084,0.6839155554771423,0.016524706035852432,7.002816749495564e-05
6,32,0.5087072583644286,0.6063939332962036,0.31415340304374695,0.07647719979286194,0.6723188757896423,0.018853729590773582,6.455096730131812e-05
6,33,0.4974904144587724,0.5923080444335938,0.30166032910346985,0.08411724120378494,0.6553346514701843,0.017139971256256104,5.923340096033705e-05
6,34,0.4871048946743426,0.5222011208534241,0.24581198394298553,0.08599049597978592,0.5608659386634827,0.01687408797442913,5.409645447699531e-05
6,35,0.4769486895074015,0.4401644766330719,0.1891501247882843,0.07694444805383682,0.45947644114494324,0.013941213488578796,4.916040103221507e-05
6,36,0.468801363006882,0.30591845512390137,0.10200661420822144,0.09772471338510513,0.27468082308769226,0.013084999285638332,4.444472097387448e-05
6,37,0.4352335139461186,0.1205655187368393,0.022577578201889992,0.25702103972435,0.07671019434928894,0.010510050691664219,3.996802493677458e-05
6,38,0.3911487084368001,0.13038741052150726,0.025654923170804977,0.2763311266899109,0.08772238343954086,0.014169048517942429,3.574798039496593e-05
6,39,0.38042909943539166,0.13131046295166016,0.0256806593388319,0.2963807284832001,0.08647417277097702,0.01353389210999012,3.180124193630004e-05
6,40,0.34908020399186923,0.08459624648094177,0.01332383044064045,0.5527887940406799,0.04993715509772301,0.008412455208599567,2.8143385534380006e-05
6,41,0.24051799503681454,0.02736550197005272,0.0021371361799538136,0.7595122456550598,0.00795432273298502,0.021713795140385628,2.4788847077308593e-05
6,42,0.14402562841449096,0.025075821205973625,0.00195901351980865,0.9352747201919556,0.007687834557145834,0.013828909024596214,2.1750865395832963e-05
6,43,0.10727097369406534,0.030459212139248848,0.0025668498128652573,0.9599737524986267,0.010130263864994049,0.01396216917783022,1.9041430015728164e-05
6,44,0.09559179267481617,0.02124127373099327,0.0014207527274265885,0.9885552525520325,0.005724664311856031,0.011353492736816406,1.6671233840616125e-05
6,45,0.07501333308122728,0.015328559093177319,0.0008266492513939738,0.987953782081604,0.003274717601016164,0.012281491421163082,1.4649630951960416e-05
6,46,0.07498853252795727,0.01680143177509308,0.0009503604960627854,0.9936826825141907,0.003875985275954008,0.007656096946448088,1.298459969278006e-05
6,47,0.06442963967666678,0.01828846149146557,0.0010924441739916801,0.9936967492103577,0.004459423013031483,0.008425126783549786,1.1682711180774572e-05
6,48,0.061619693474115236,0.01717151515185833,0.0009850446367636323,0.9942320585250854,0.003964451607316732,0.011494857259094715,1.0749103375124612e-05
6,49,0.05956311297157536,0.01844879984855652,0.0011145049938932061,0.9947240352630615,0.004493029788136482,0.013685164973139763,1.0187460799314202e-05
6,50,0.05795491189169495,0.01686701737344265,0.0009498422150500119,0.9950891733169556,0.003898048307746649,0.010862890630960464,1e-05
7,1,0.7311177940472312,1.009591817855835,0.6213085055351257,0.0433284267783165,0.9952217936515808,0.05267007648944855,0.00019981253920068581
7,2,0.7030064755159876,1.015273094177246,0.6243460774421692,0.04518349468708038,0.9974414706230164,0.06047931686043739,0.0001992508966248754
7,3,0.6968375275964322,1.007000207901001,0.6154161691665649,0.05283480882644653,0.998367190361023,0.039771419018507004,0.00019831728881922545
7,4,0.6916919655126074,1.0058540105819702,0.6109042763710022,0.05510789528489113,0.999042272567749,0.035251278430223465,0.00019701540030721995
7,5,0.6869247335454692,1.0045663118362427,0.6080843210220337,0.05899997800588608,0.9991878867149353,0.03243988752365112,0.00019535036904803958
7,6,0.6834505517845568,1.0060557126998901,0.6128740906715393,0.05990813300013542,0.9993704557418823,0.03769654780626297,0.00019332876615938386
7,7,0.6783773283595624,1.0039492845535278,0.6083793044090271,0.06146382540464401,0.9994884133338928,0.034593936055898666,0.00019095856998427185
7,8,0.6739686137956121,0.9640631079673767,0.5919508337974548,0.05582861602306366,0.9885842204093933,0.05760088190436363,0.000188249134604167
7,9,0.6446209083432737,0.7915729880332947,0.45505037903785706,0.06390441209077835,0.8535529375076294,0.034046635031700134,0.00018521115292269142
7,10,0.6362929493188858,0.8099764585494995,0.47274449467658997,0.06162172555923462,0.8859173655509949,0.03748103976249695,0.00018185661446562
7,11,0.6301277791676314,0.8126139044761658,0.47455334663391113,0.06040721386671066,0.8866352438926697,0.018353451043367386,0.00017819875806369996
7,12,0.6272999274989833,0.7965888381004333,0.4627683460712433,0.06130237877368927,0.8727236986160278,0.0190518070012331,0.00017425201960503408
7,13,0.6221494059199872,0.7783520221710205,0.4484345316886902,0.06223786994814873,0.861393928527832,0.012850363738834858,0.0001700319750632254
7,14,0.6145806079325469,0.7013079524040222,0.38442784547805786,0.07089817523956299,0.7742072343826294,0.018362758681178093,0.0001655552790261255
7,15,0.6094030860973441,0.7822691798210144,0.4502779245376587,0.06618150323629379,0.8620144128799438,0.015247644856572151,0.00016083959896778495
7,16,0.606155791360399,0.7674401998519897,0.4380526840686798,0.06474880874156952,0.8486707210540771,0.015494533814489841,0.00015590354552300466
7,17,0.5994061665690463,0.7297180891036987,0.40759268403053284,0.06347329914569855,0.803736686706543,0.018978511914610863,0.00015076659903966294
7,18,0.5966489574183589,0.7638312578201294,0.4342869222164154,0.06478271633386612,0.8436866402626038,0.01681825891137123,0.0001454490326986819
7,19,0.5904712080955505,0.7476241588592529,0.4246044158935547,0.06724578142166138,0.8272229433059692,0.020736081525683403,0.0001399718325050444
7,20,0.5877928785655809,0.7547281384468079,0.42758455872535706,0.0680096223950386,0.8332704901695251,0.019141076132655144,0.00013435661446561999
7,21,0.5806210572304933,0.7708682417869568,0.44387510418891907,0.0651296079158783,0.8512423038482666,0.02584259584546089,0.0001286255392806612
7,22,0.5750807860623235,0.7408092021942139,0.41906383633613586,0.06648527830839157,0.8223119974136353,0.0239158496260643,0.00012280122488564387
7,23,0.569746261705523,0.7632802724838257,0.4389974772930145,0.06804575771093369,0.8417690992355347,0.03288468345999718,0.00011690665718860895
7,24,0.5612431971923165,0.7655242681503296,0.4398873448371887,0.06754019111394882,0.845868706703186,0.021242480725049973,0.0001109650993552848
7,25,0.5569886351409166,0.7287713885307312,0.412394255399704,0.06897924840450287,0.8071598410606384,0.02313830889761448,0.00010500000000000002
7,26,0.5530328245266624,0.7032172083854675,0.3893764913082123,0.07041284441947937,0.7760041356086731,0.022288648411631584,9.903490064471525e-05
7,27,0.5421441968368448,0.7317696213722229,0.41586777567863464,0.06914089620113373,0.8028134107589722,0.029494185000658035,9.309334281139112e-05
7,28,0.5395418826652609,0.704379141330719,0.3905683159828186,0.07165918499231339,0.7746186852455139,0.026710551232099533,8.719877511435618e-05
7,29,0.5317371047061422,0.717723548412323,0.40099629759788513,0.07060647755861282,0.7909249067306519,0.02961578592658043,8.13744607193388e-05
7,30,0.5227372056764105,0.6966558694839478,0.38640835881233215,0.07271256297826767,0.7675720453262329,0.02721596322953701,7.564338553438004e-05
7,31,0.516240925244663,0.6795189380645752,0.36909136176109314,0.07272838801145554,0.7498502135276794,0.030145563185214996,7.002816749495564e-05
7,32,0.5103923723749493,0.7018113136291504,0.3940613567829132,0.06892922520637512,0.7732569575309753,0.037258271127939224,6.455096730131812e-05
7,33,0.5054590656705524,0.6654488444328308,0.3594032824039459,0.07380613684654236,0.7324002981185913,0.033286888152360916,5.923340096033705e-05
7,34,0.4983609228030495,0.6569299101829529,0.35176360607147217,0.07271264493465424,0.7207883596420288,0.02897818200290203,5.409645447699531e-05
7,35,0.49196635769761127,0.6483322978019714,0.34591081738471985,0.07251422852277756,0.7116265296936035,0.030459994450211525,4.916040103221507e-05
7,36,0.4836422412291817,0.665713369846344,0.36032962799072266,0.06817255914211273,0.7286940813064575,0.034323472529649734,4.444472097387448e-05
7,37,0.4781621726958648,0.6609204411506653,0.3549955487251282,0.07119320333003998,0.7260614037513733,0.030255606397986412,3.996802493677458e-05
7,38,0.47334305488544964,0.6260198950767517,0.3281700909137726,0.07279685139656067,0.6814818978309631,0.032863032072782516,3.574798039496593e-05
7,39,0.47040230813233747,0.6407819986343384,0.3400617241859436,0.07124562561511993,0.7050846815109253,0.02620895579457283,3.180124193630004e-05
7,40,0.5023163058187651,0.6387778520584106,0.3352084755897522,0.07922061532735825,0.7105809450149536,0.018863454461097717,2.8143385534380006e-05
7,41,0.4922905642053355,0.6451814770698547,0.34066349267959595,0.07803301513195038,0.7171342968940735,0.023286452516913414,2.4788847077308593e-05
7,42,0.4851863714663879,0.6281710267066956,0.327328085899353,0.08199169486761093,0.6956275701522827,0.023815009742975235,2.1750865395832963e-05
7,43,0.48172990070736926,0.6285398006439209,0.32677432894706726,0.08069228380918503,0.6949747204780579,0.024059493094682693,1.9041430015728164e-05
7,44,0.47954298296700354,0.6229135990142822,0.32272690534591675,0.08136174082756042,0.6893392205238342,0.02449829690158367,1.6671233840616125e-05
7,45,0.4754240428623946,0.623760998249054,0.32527685165405273,0.07918242365121841,0.6882498860359192,0.025392180308699608,1.4649630951960416e-05
7,46,0.47292517125606537,0.6224159002304077,0.32417258620262146,0.07942591607570648,0.6861323714256287,0.027250824496150017,1.298459969278006e-05
7,47,0.47184175836003345,0.6109554171562195,0.31403252482414246,0.0807543396949768,0.6721275448799133,0.026324797421693802,1.1682711180774572e-05
7,48,0.46936909465686133,0.6178239583969116,0.3191485106945038,0.08079268783330917,0.6819846630096436,0.02629712224006653,1.0749103375124612e-05
7,49,0.4680499227150627,0.6080453395843506,0.31167131662368774,0.08080074936151505,0.6687475442886353,0.02876843698322773,1.0187460799314202e-05
7,50,0.4661982564822487,0.6074888110160828,0.3117961287498474,0.08112448453903198,0.6698936820030212,0.026217663660645485,1e-05
8,1,0.7282855808734894,1.0090030431747437,0.6186661124229431,0.0445687435567379,0.9962270259857178,0.048498135060071945,0.00019981253920068581
8,2,0.701841894051303,1.0074737071990967,0.6139857172966003,0.04784489795565605,0.9979516267776489,0.04033035412430763,0.0001992508966248754
8,3,0.6957925739495651,1.0074609518051147,0.6089645624160767,0.05316600576043129,0.9987117052078247,0.03918899968266487,0.00019831728881922545
8,4,0.6906313442665598,1.0068268775939941,0.6085783243179321,0.057196758687496185,0.9990378618240356,0.03708905726671219,0.00019701540030721995
8,5,0.6839186231727186,1.0018442869186401,0.6056153178215027,0.060751840472221375,0.9992116093635559,0.028011061251163483,0.00019535036904803958
8,6,0.6616704703673072,0.7806653380393982,0.44906681776046753,0.06303620338439941,0.8547486066818237,0.02629038318991661,0.00019332876615938386
8,7,0.6457028972065967,0.7671962976455688,0.4382548928260803,0.06519132107496262,0.8496684432029724,0.019132906571030617,0.00019095856998427185
8,8,0.6407337635755539,0.727982759475708,0.40483328700065613,0.07122644037008286,0.8064365386962891,0.016974328085780144,0.000188249134604167
8,9,0.6362174516138823,0.7984229326248169,0.463042676448822,0.06364915519952774,0.8755319714546204,0.01614398881793022,0.00018521115292269142
8,10,0.6273585020200066,0.7245372533798218,0.40220361948013306,0.07013412564992905,0.8069121241569519,0.019852561876177788,0.00018185661446562
8,11,0.6222170176713363,0.7458971738815308,0.4187822639942169,0.07183534651994705,0.8264623880386353,0.0165298692882061,0.00017819875806369996
8,12,0.6216296398121378,0.7481333017349243,0.42231062054634094,0.07129157334566116,0.8308120965957642,0.014931232668459415,0.00017425201960503408
8,13,0.617704183511112,0.8122098445892334,0.4739936888217926,0.07101131975650787,0.893598735332489,0.018813591450452805,0.0001700319750632254
8,14,0.612074520924817,0.6976496577262878,0.3812524974346161,0.07548307627439499,0.777918815612793,0.017524272203445435,0.0001655552790261255
8,15,0.6060371217520341,0.7439040541648865,0.42141351103782654,0.07278431206941605,0.8317965865135193,0.01696506142616272,0.00016083959896778495
8,16,0.5997647241405819,0.7359381318092346,0.4164254069328308,0.06480110436677933,0.820345938205719,0.016723236069083214,0.00015590354552300466
8,17,0.5964281746874684,0.7471032738685608,0.4250810444355011,0.07232766598463058,0.8346757888793945,0.023175662383437157,0.00015076659903966294
8,18,0.5877037929451984,0.6863934993743896,0.3763187825679779,0.07483701407909393,0.767271101474762,0.02445933036506176,0.0001454490326986819
8,19,0.5860133559807487,0.7419003844261169,0.41885727643966675,0.07183569669723511,0.8282737731933594,0.02275731973350048,0.0001399718325050444
8,20,0.5810906517764797,0.7257647514343262,0.40785765647888184,0.07599357515573502,0.8152973651885986,0.02144254371523857,0.00013435661446561999
8,21,0.5731484669706096,0.7023005485534668,0.38668859004974365,0.07581304013729095,0.7852298617362976,0.0154733220115304,0.0001286255392806612
8,22,0.5684439228928607,0.680967390537262,0.37180399894714355,0.07692250609397888,0.7652717232704163,0.01736336760222912,0.00012280122488564387
8,23,0.5645753248878147,0.6977670192718506,0.38274165987968445,0.0779189020395279,0.7819434404373169,0.01707262173295021,0.00011690665718860895
8,24,0.5561329793670903,0.7010879516601562,0.3898901641368866,0.07369991391897202,0.7879551649093628,0.015657413750886917,0.0001109650993552848
8,25,0.5531840622425079,0.7026917338371277,0.38844436407089233,0.07445959001779556,0.7867670059204102,0.02069741301238537,0.00010500000000000002
8,26,0.5443743162828943,0.6838638782501221,0.37506112456321716,0.07162820547819138,0.766610860824585,0.016777098178863525,9.903490064471525e-05
8,27,0.5392840193665546,0.7038640975952148,0.39231690764427185,0.07384047657251358,0.7902736663818359,0.018706446513533592,9.309334281139112e-05
8,28,0.534039190929869,0.6812605857849121,0.370331734418869,0.07617764174938202,0.7594252824783325,0.024811768904328346,8.719877511435618e-05
8,29,0.5274851639633593,0.6640096306800842,0.36026257276535034,0.06516751646995544,0.7385324835777283,0.02078273892402649,8.13744607193388e-05
8,30,0.5179726999738942,0.6958316564559937,0.3858641982078552,0.06990319490432739,0.7781496644020081,0.021358663216233253,7.564338553438004e-05
8,31,0.5117613887009413,0.6747942566871643,0.36897724866867065,0.07040151953697205,0.7520578503608704,0.022951601073145866,7.002816749495564e-05
8,32,0.5037001151105632,0.6690870523452759,0.3647479712963104,0.06956439465284348,0.7467027902603149,0.02043253742158413,6.455096730131812e-05
8,33,0.49723871117052826,0.655197024345398,0.3533582091331482,0.07293877750635147,0.7315546274185181,0.02221725508570671,5.923340096033705e-05
8,34,0.4900389903265497,0.6529902219772339,0.3514789342880249,0.0724397599697113,0.7283246517181396,0.0228761974722147,5.409645447699531e-05
8,35,0.48402840741302655,0.6534038782119751,0.3520360589027405,0.07105201482772827,0.7288944721221924,0.022691477090120316,4.916040103221507e-05
8,36,0.47749098876248236,0.6671469807624817,0.36410441994667053,0.07048135995864868,0.7436010837554932,0.02517049014568329,4.444472097387448e-05
8,37,0.4715924444405929,0.6437674760818481,0.3478472828865051,0.06490369886159897,0.7150463461875916,0.027536291629076004,3.996802493677458e-05
8,38,0.4661857945763547,0.6643292307853699,0.36319196224212646,0.06698160618543625,0.7379168272018433,0.03181345760822296,3.574798039496593e-05
8,39,0.4623320744089458,0.6386315226554871,0.34203311800956726,0.07031358033418655,0.7107658982276917,0.02651270478963852,3.180124193630004e-05
8,40,0.4908738874870798,0.644602358341217,0.346346378326416,0.07658830285072327,0.7252854704856873,0.01800117827951908,2.8143385534380006e-05
8,41,0.48350062448045483,0.622382402420044,0.3281542956829071,0.07485562562942505,0.6950280666351318,0.021266523748636246,2.4788847077308593e-05
8,42,0.4779573361510816,0.6328570246696472,0.3379213213920593,0.07327275723218918,0.706285834312439,0.025978991761803627,2.1750865395832963e-05
8,43,0.4736972315155942,0.619098961353302,0.3253284692764282,0.07846537977457047,0.6924441456794739,0.02134626917541027,1.9041430015728164e-05
8,44,0.47020697852839594,0.6139853000640869,0.3209712505340576,0.08246258646249771,0.6864305138587952,0.02088204398751259,1.6671233840616125e-05
8,45,0.46693975705167523,0.6111325621604919,0.31894367933273315,0.08066657185554504,0.6826332807540894,0.020697280764579773,1.4649630951960416e-05
8,46,0.4647892519183781,0.60261070728302,0.3118751645088196,0.08176568150520325,0.6732298731803894,0.020395075902342796,1.298459969278006e-05
8,47,0.46267188437606976,0.6080663204193115,0.31648096442222595,0.0790582075715065,0.6789478063583374,0.022011160850524902,1.1682711180774572e-05
8,48,0.46192670386770496,0.6120011806488037,0.3191845118999481,0.08079952001571655,0.6845917701721191,0.020875459536910057,1.0749103375124612e-05
8,49,0.4602698327406593,0.6007732152938843,0.3112080693244934,0.08142875880002975,0.6702767610549927,0.021629374474287033,1.0187460799314202e-05
8,50,0.45908581821814826,0.6009721755981445,0.31127259135246277,0.08192580938339233,0.6706886291503906,0.021881435066461563,1e-05
9,1,0.7141824688600458,0.7758207321166992,0.46781301498413086,0.052918773144483566,0.8465144634246826,0.053465235978364944,0.00019981253920068581
9,2,0.6731647764858992,0.8140630125999451,0.49729111790657043,0.05590423196554184,0.8880967497825623,0.04419373348355293,0.0001992508966248754
9,3,0.6633294587549956,0.7452728152275085,0.43759238719940186,0.06358333677053452,0.8226128816604614,0.0434725321829319,0.00019831728881922545
9,4,0.658107727766037,0.800404965877533,0.48078256845474243,0.05874752998352051,0.8782075047492981,0.041705548763275146,0.00019701540030721995
9,5,0.6503734510877858,0.7245242595672607,0.4164789021015167,0.06650924682617188,0.8003196120262146,0.03921288251876831,0.00019535036904803958
9,6,0.6453939650369727,0.732336163520813,0.4272553026676178,0.0672699511051178,0.8044402003288269,0.04247269779443741,0.00019332876615938386
9,7,0.6416053519300793,0.7329976558685303,0.42239174246788025,0.06951077282428741,0.8160582184791565,0.02753348834812641,0.00019095856998427185
9,8,0.6391652330108311,0.7454928159713745,0.4320259988307953,0.06848592311143875,0.8307135105133057,0.029237955808639526,0.000188249134604167
9,9,0.634429755418197,0.7861664891242981,0.463736891746521,0.06437624245882034,0.8729196786880493,0.024933282285928726,0.00018521115292269142
9,10,0.631357483241869,0.7557709813117981,0.4323471784591675,0.06601012498140335,0.8329751491546631,0.029842952266335487,0.00018185661446562
9,11,0.6234830948321716,0.7500011324882507,0.4373355209827423,0.06765331327915192,0.8349652290344238,0.026277072727680206,0.00017819875806369996
9,12,0.6205867509479108,0.7656366229057312,0.44280514121055603,0.06600186228752136,0.8502328991889954,0.020311178639531136,0.00017425201960503408
9,13,0.6170171758402949,0.7133001685142517,0.4042986333370209,0.06058243289589882,0.7864729166030884,0.03101453185081482,0.0001700319750632254
9,14,0.6134049685105033,0.7198489904403687,0.4091816246509552,0.06866883486509323,0.7996425032615662,0.030733296647667885,0.0001655552790261255
9,15,0.6087841326775758,0.7985355854034424,0.4729195535182953,0.06224382668733597,0.8803449273109436,0.02517407387495041,0.00016083959896778495
9,16,0.6004271267548852,0.7415779232978821,0.4278087019920349,0.06793785095214844,0.8236539363861084,0.03048415668308735,0.00015590354552300466
9,17,0.5940240861281104,0.7235196828842163,0.40862488746643066,0.0675964206457138,0.8038020730018616,0.02545926161110401,0.00015076659903966294
9,18,0.5910478292599969,0.6603065133094788,0.3582930564880371,0.07478193193674088,0.733027458190918,0.023794637992978096,0.0001454490326986819
9,19,0.5864238272542539,0.726765513420105,0.4162391424179077,0.07175324112176895,0.8127686977386475,0.026460040360689163,0.0001399718325050444
9,20,0.5785509911568268,0.6810455322265625,0.37559202313423157,0.07464437186717987,0.7642204761505127,0.023942654952406883,0.00013435661446561999
9,21,0.5737844886987106,0.701878547668457,0.3918095529079437,0.07329210638999939,0.7836838960647583,0.024675991386175156,0.0001286255392806612
9,22,0.5685430706843085,0.6763651371002197,0.3690524399280548,0.07825944572687149,0.7554764151573181,0.0206537414342165,0.00012280122488564387
9,23,0.5641141015550365,0.6938809752464294,0.38665974140167236,0.0752585381269455,0.7726811766624451,0.025917256250977516,0.00011690665718860895
9,24,0.5560332938380863,0.6983944773674011,0.38869306445121765,0.0766834244132042,0.7803348898887634,0.020559439435601234,0.0001109650993552848
9,25,0.5501746489949848,0.6966059803962708,0.3919270932674408,0.0775345042347908,0.7786924839019775,0.02786416932940483,0.00010500000000000002
9,26,0.543921049522317,0.6861920952796936,0.3803402781486511,0.07441061735153198,0.7646085619926453,0.029497966170310974,9.903490064471525e-05
9,27,0.5378207940122356,0.6772031188011169,0.37195417284965515,0.08217921108007431,0.7602003812789917,0.023439791053533554,9.309334281139112e-05
9,28,0.5301025684760965,0.6879579424858093,0.385871946811676,0.07046695053577423,0.7660890221595764,0.03397968038916588,8.719877511435618e-05
9,29,0.5228935253360997,0.678266167640686,0.37506696581840515,0.07563155144453049,0.7562029361724854,0.030384985730051994,8.13744607193388e-05
9,30,0.5163054394981136,0.6591979265213013,0.35809817910194397,0.07950177788734436,0.734533965587616,0.02939256653189659,7.564338553438004e-05
9,31,0.5109364351500636,0.6564010381698608,0.35671067237854004,0.07915627211332321,0.7308287620544434,0.03128913789987564,7.002816749495564e-05
9,32,0.5041206401327382,0.6653066277503967,0.3652004897594452,0.07759886234998703,0.7402088642120361,0.029360447078943253,6.455096730131812e-05
9,33,0.4967751729747523,0.6256065964698792,0.33210447430610657,0.08426857739686966,0.6979663372039795,0.024966685101389885,5.923340096033705e-05
9,34,0.48952497865842737,0.6338308453559875,0.33946993947029114,0.07821428775787354,0.7060685157775879,0.0290084108710289,5.409645447699531e-05
9,35,0.48291375714799634,0.6308186054229736,0.3369971215724945,0.08056776225566864,0.7038799524307251,0.029543142765760422,4.916040103221507e-05
9,36,0.47614286580811377,0.6120904684066772,0.3228754699230194,0.08006629347801208,0.6785706281661987,0.028327835723757744,4.444472097387448e-05
9,37,0.4679604023694992,0.5959996581077576,0.30996888875961304,0.07949450612068176,0.6614509224891663,0.027152933180332184,3.996802493677458e-05
9,38,0.4622909310071365,0.5741071701049805,0.2921569049358368,0.08561155945062637,0.6388541460037231,0.02519182860851288,3.574798039496593e-05
9,39,0.4578690826892853,0.595881462097168,0.3087671399116516,0.08446363359689713,0.662421703338623,0.02846379019320011,3.180124193630004e-05
9,40,0.4866045253432315,0.6040114760398865,0.31539440155029297,0.09039851278066635,0.6799432635307312,0.02165357768535614,2.8143385534380006e-05
9,41,0.47662200940691907,0.5952691435813904,0.3072972595691681,0.0868406891822815,0.6673833131790161,0.0184599868953228,2.4788847077308593e-05
9,42,0.4721491408088933,0.5824176073074341,0.2976666986942291,0.09006968885660172,0.6541357040405273,0.018630938604474068,2.1750865395832963e-05
9,43,0.4691885625538619,0.5934780836105347,0.3065534234046936,0.08937393128871918,0.6670752763748169,0.019047627225518227,1.9041430015728164e-05
9,44,0.46553243437538977,0.587009072303772,0.3004748821258545,0.08970549702644348,0.6590046882629395,0.019030913710594177,1.6671233840616125e-05
9,45,0.46152083122211957,0.5793152451515198,0.2946105897426605,0.08919258415699005,0.6480229496955872,0.020165162160992622,1.4649630951960416e-05
9,46,0.4596470199201418,0.5808920860290527,0.29640278220176697,0.08950051665306091,0.6500752568244934,0.020215680822730064,1.298459969278006e-05
9,47,0.4570088224566501,0.5768969655036926,0.29329195618629456,0.08757621049880981,0.6445215940475464,0.020273087546229362,1.1682711180774572e-05
9,48,0.45554735284784564,0.5706567764282227,0.2884576618671417,0.08895930647850037,0.6374735832214355,0.020986812189221382,1.0749103375124612e-05
9,49,0.4543455476346223,0.5804135203361511,0.295784056186676,0.08773211389780045,0.6495440602302551,0.02024347521364689,1.0187460799314202e-05
9,50,0.45380631737087085,0.5794529318809509,0.29460611939430237,0.08680592477321625,0.647428035736084,0.021084895357489586,1e-05
