seed,epoch,train_loss,val_rmse,val_mae,val_corr,lr
42,1,1.0121128779390585,1.0061811208724976,0.6154480576515198,0.03565501421689987,0.00019981253920068581
42,2,0.9855039612106655,1.0023767948150635,0.6068862676620483,0.04219089075922966,0.0001992508966248754
42,3,0.9793926147015198,1.0014114379882812,0.6054353713989258,0.04638164862990379,0.00019831728881922545
42,4,0.9754820705755897,1.0012956857681274,0.6055187582969666,0.051034390926361084,0.00019701540030721995
42,5,0.9708476416442705,0.9999727010726929,0.6020568013191223,0.0554114393889904,0.00019535036904803958
42,6,0.9672703833683677,0.9996495246887207,0.6010268926620483,0.05970613285899162,0.00019332876615938386
42,7,0.9646600206261096,0.9994806051254272,0.5999283790588379,0.06203807145357132,0.00019095856998427185
42,8,0.9609246532554212,0.9999786019325256,0.6024455428123474,0.06273994594812393,0.000188249134604167
42,9,0.9579849910476933,0.9991090893745422,0.5999460220336914,0.06528209149837494,0.00018521115292269142
42,10,0.9543327384668848,0.9992660880088806,0.6008346676826477,0.06937377154827118,0.00018185661446562
42,11,0.9528810602167378,0.9996281266212463,0.603013277053833,0.06490343064069748,0.00017819875806369996
42,12,0.9496152556460836,0.9982704520225525,0.5993592143058777,0.07063448429107666,0.00017425201960503408
42,13,0.9475596300933672,0.9988781213760376,0.5999853610992432,0.07107284665107727,0.0001700319750632254
42,14,0.9441403992798018,1.0011380910873413,0.6020922660827637,0.06725146621465683,0.0001655552790261255
42,15,0.9411101477301639,0.999392569065094,0.6011962890625,0.07147204130887985,0.00016083959896778495
42,16,0.9375934283370557,0.9987329840660095,0.599890947341919,0.07358390837907791,0.00015590354552300466
42,17,0.9362164087917494,0.9996529221534729,0.599490761756897,0.07134376466274261,0.00015076659903966294
42,18,0.9334288893834405,1.000558853149414,0.6011032462120056,0.07128482311964035,0.0001454490326986819
42,19,0.9306154633345811,0.9989263415336609,0.6007493734359741,0.074980728328228,0.0001399718325050444
42,20,0.9281037994053053,0.9987640976905823,0.5988459587097168,0.07620740681886673,0.00013435661446561999
42,21,0.9237652498742809,1.0005756616592407,0.6003429889678955,0.07520826905965805,0.0001286255392806612
42,22,0.9212578101002652,0.9987910389900208,0.6004676222801208,0.0777110606431961,0.00012280122488564387
42,23,0.9181605305360712,0.9994676113128662,0.6003361940383911,0.07709816098213196,0.00011690665718860895
42,24,0.9166539039300836,0.9991289973258972,0.6017255187034607,0.07666879892349243,0.0001109650993552848
42,25,0.9140556577755057,1.0022640228271484,0.6056759357452393,0.0709284245967865,0.00010500000000000002
42,26,0.9116747314515321,1.0004802942276,0.6027703285217285,0.07611356675624847,9.903490064471525e-05
42,27,0.9074148509813391,0.9996272325515747,0.6020584106445312,0.07799699157476425,9.309334281139112e-05
42,28,0.9052616921455964,1.0002213716506958,0.6033251285552979,0.07797084748744965,8.719877511435618e-05
42,29,0.9027910809154096,0.9999347925186157,0.601089358329773,0.07866714149713516,8.13744607193388e-05
42,30,0.9001843320286792,1.0009630918502808,0.601637601852417,0.07697418332099915,7.564338553438004e-05
42,31,0.8979903705742048,1.0022307634353638,0.6047493815422058,0.07509104907512665,7.002816749495564e-05
42,32,0.8943407652170762,1.002740740776062,0.6038035154342651,0.07570018619298935,6.455096730131812e-05
42,33,0.8921769721352536,1.0010985136032104,0.6028261184692383,0.07718618214130402,5.923340096033705e-05
42,34,0.889730559742969,1.0008583068847656,0.603360652923584,0.07696627825498581,5.409645447699531e-05
42,35,0.8867399938728499,1.0028842687606812,0.6028263568878174,0.07515451312065125,4.916040103221507e-05
42,36,0.8835755508878956,1.0025076866149902,0.6048961877822876,0.07523878663778305,4.444472097387448e-05
42,37,0.8838162538797959,1.0028787851333618,0.6037529706954956,0.07540111243724823,3.996802493677458e-05
42,38,0.880120909732321,1.0030418634414673,0.6044840216636658,0.07460551708936691,3.574798039496593e-05
42,39,0.8779572591833447,1.002521276473999,0.6045742034912109,0.0747368186712265,3.180124193630004e-05
42,40,0.8763884552147078,1.0027590990066528,0.6051529049873352,0.0755338966846466,2.8143385534380006e-05
42,41,0.8740850460270176,1.002015471458435,0.6034708023071289,0.077149398624897,2.4788847077308593e-05
42,42,0.8721586077109628,1.0025869607925415,0.6028175354003906,0.07592962682247162,2.1750865395832963e-05
42,43,0.8712051925451859,1.0028197765350342,0.6032840013504028,0.07608380913734436,1.9041430015728164e-05
42,44,0.8692124479490778,1.00279700756073,0.6038157939910889,0.07619977742433548,1.6671233840616125e-05
42,45,0.8670750791611879,1.0034750699996948,0.6041739583015442,0.07530424743890762,1.4649630951960416e-05
42,46,0.866552397608757,1.0034856796264648,0.6047739386558533,0.07434102147817612,1.298459969278006e-05
42,47,0.8642546113418497,1.0031614303588867,0.6043959259986877,0.07609821856021881,1.1682711180774572e-05
42,48,0.8625446966160899,1.0030370950698853,0.6043963432312012,0.07514476031064987,1.0749103375124612e-05
42,49,0.8600454634946325,1.0033392906188965,0.6041103601455688,0.0753634050488472,1.0187460799314202e-05
42,50,0.9472209072631338,1.0031572580337524,0.608729362487793,0.06988383084535599,1e-05
43,1,1.004760897030001,1.007110595703125,0.6107601523399353,0.031648557633161545,0.00019981253920068581
43,2,0.9869342673084011,1.0033693313598633,0.6096431016921997,0.0422603078186512,0.0001992508966248754
43,3,0.9807675532672716,1.0018399953842163,0.6057425737380981,0.04789251461625099,0.00019831728881922545
43,4,0.9752350643925045,1.0015630722045898,0.6068944931030273,0.04658905044198036,0.00019701540030721995
43,5,0.9702112480350162,1.0009808540344238,0.6041040420532227,0.055794984102249146,0.00019535036904803958
43,6,0.9659454388462979,1.0005686283111572,0.6040003895759583,0.0570344440639019,0.00019332876615938386
43,7,0.963466398741888,1.001611351966858,0.6032517552375793,0.057467687875032425,0.00019095856998427185
43,8,0.9593144571003707,0.9997904896736145,0.6038421988487244,0.06153770908713341,0.000188249134604167
43,9,0.9570692777633667,0.9990237951278687,0.6021669507026672,0.06768103688955307,0.00018521115292269142
43,10,0.9544193472551263,0.9995802640914917,0.6018028259277344,0.06346582621335983,0.00018185661446562
43,11,0.951747318972712,0.9994761347770691,0.6027202606201172,0.06700517237186432,0.00017819875806369996
43,12,0.9475479028795076,0.9994582533836365,0.6002522110939026,0.0643826574087143,0.00017425201960503408
43,13,0.9453308342591576,0.9996073246002197,0.6013873219490051,0.06835846602916718,0.0001700319750632254
43,14,0.9407975835644681,0.9986709952354431,0.5993231534957886,0.07258305698633194,0.0001655552790261255
43,15,0.9398609788521476,0.9983488321304321,0.6003459692001343,0.0738031417131424,0.00016083959896778495
43,16,0.9373450149660525,1.0003811120986938,0.6020395159721375,0.07186903059482574,0.00015590354552300466
43,17,0.9356186312177907,0.9984403848648071,0.6001605987548828,0.07314644008874893,0.00015076659903966294
43,18,0.9315372057583021,0.9991795420646667,0.603714108467102,0.07618439942598343,0.0001454490326986819
43,19,0.9288577255995377,0.9981369376182556,0.6002069711685181,0.07745617628097534,0.0001399718325050444
43,20,0.928110759543336,0.9991949796676636,0.6021080017089844,0.07485900074243546,0.00013435661446561999
43,21,0.9242842294599699,0.9994456171989441,0.5999307036399841,0.07565660029649734,0.0001286255392806612
43,22,0.921363493670588,1.0000131130218506,0.600740373134613,0.07396788150072098,0.00012280122488564387
43,23,0.9178888778323713,1.000174641609192,0.6016474962234497,0.0727790892124176,0.00011690665718860895
43,24,0.916497717085092,0.9993443489074707,0.6028859615325928,0.07760244607925415,0.0001109650993552848
43,25,0.9125253065772678,0.9995397925376892,0.6010217070579529,0.07647796720266342,0.00010500000000000002
43,26,0.9095594461845316,0.9996887445449829,0.599950909614563,0.07508595287799835,9.903490064471525e-05
43,27,0.9062399954899497,1.0009803771972656,0.6017841100692749,0.07529129087924957,9.309334281139112e-05
43,28,0.9044568622889726,1.0002248287200928,0.6035563349723816,0.07435300201177597,8.719877511435618e-05
43,29,0.9007094619066819,1.0007199048995972,0.6025167107582092,0.07714679837226868,8.13744607193388e-05
43,30,0.8994935601949692,1.0003021955490112,0.6019289493560791,0.07710902392864227,7.564338553438004e-05
43,31,0.895831347807594,1.0003920793533325,0.6021448373794556,0.075774185359478,7.002816749495564e-05
43,32,0.8939759070458619,1.0026775598526,0.6030740141868591,0.07220922410488129,6.455096730131812e-05
43,33,0.8912473787432131,1.001425862312317,0.603908896446228,0.07632684707641602,5.923340096033705e-05
43,34,0.8888806428598321,1.002976417541504,0.6039770245552063,0.07323053479194641,5.409645447699531e-05
43,35,0.8860625436772471,1.002173662185669,0.602033793926239,0.07628381252288818,4.916040103221507e-05
43,36,0.884841047551321,1.001246690750122,0.6035359501838684,0.07738379389047623,4.444472097387448e-05
43,37,0.8832166337448618,1.0022271871566772,0.6036025285720825,0.0771767720580101,3.996802493677458e-05
43,38,0.8792480236810186,1.002488374710083,0.603036105632782,0.07600036263465881,3.574798039496593e-05
43,39,0.8772888475138209,1.0022461414337158,0.6049028038978577,0.07670881599187851,3.180124193630004e-05
43,40,0.8749539994675181,1.0025779008865356,0.6052837371826172,0.07556334882974625,2.8143385534380006e-05
43,41,0.8739093872516052,1.002295732498169,0.6046529412269592,0.07605800032615662,2.4788847077308593e-05
43,42,0.8709017381719921,1.0021253824234009,0.6045722961425781,0.07629414647817612,2.1750865395832963e-05
43,43,0.8683071285486221,1.0026065111160278,0.6033738851547241,0.07604572921991348,1.9041430015728164e-05
43,44,0.8667277032914369,1.0031436681747437,0.6050912141799927,0.07622428238391876,1.6671233840616125e-05
43,45,0.8651440726674121,1.0030916929244995,0.6051463484764099,0.07556561380624771,1.4649630951960416e-05
43,46,0.8639445136422697,1.0029436349868774,0.605093240737915,0.07565241307020187,1.298459969278006e-05
43,47,0.8620520700579104,1.003456711769104,0.6047307252883911,0.07518395036458969,1.1682711180774572e-05
43,48,0.8607755711545115,1.0033117532730103,0.6053330302238464,0.07521312683820724,1.0749103375124612e-05
43,49,0.8586567601431971,1.00316321849823,0.6049119234085083,0.07559818029403687,1.0187460799314202e-05
43,50,0.9470920523871547,1.003248929977417,0.6053770184516907,0.07145354896783829,1e-05
44,1,1.0067198542149172,1.007259726524353,0.61858731508255,0.037100885063409805,0.00019981253920068581
44,2,0.9868161036916401,1.0063215494155884,0.613599419593811,0.03735588490962982,0.0001992508966248754
44,3,0.9800755809182706,1.0022989511489868,0.6083131432533264,0.04680490493774414,0.00019831728881922545
44,4,0.9749378432398257,1.0025850534439087,0.6064410209655762,0.04686925187706947,0.00019701540030721995
44,5,0.9706258093533309,1.000705361366272,0.6047226786613464,0.05371168255805969,0.00019535036904803958
44,6,0.9671238505322001,0.9995675683021545,0.6034613251686096,0.06100795790553093,0.00019332876615938386
44,7,0.9626641785321028,1.0000203847885132,0.6034469604492188,0.059788480401039124,0.00019095856998427185
44,8,0.9608777133019074,0.9992358088493347,0.6005585789680481,0.0646088570356369,0.000188249134604167
44,9,0.9571148889220279,0.9991397857666016,0.6024291515350342,0.06685306131839752,0.00018521115292269142
44,10,0.9537488481272822,1.0004072189331055,0.6022807955741882,0.06363596767187119,0.00018185661446562
44,11,0.9498577999032062,1.0007003545761108,0.6028115749359131,0.06779602915048599,0.00017819875806369996
44,12,0.9461925619322321,0.9986314177513123,0.5998634696006775,0.07275077700614929,0.00017425201960503408
44,13,0.9443221778973289,0.9983063340187073,0.5999687910079956,0.074178546667099,0.0001700319750632254
44,14,0.9428675809632177,0.9993324279785156,0.6023815274238586,0.07352778315544128,0.0001655552790261255
44,15,0.9394469896088475,0.9993434548377991,0.6001259088516235,0.07296956330537796,0.00016083959896778495
44,16,0.9351660181646761,1.0011519193649292,0.6019731760025024,0.07448752224445343,0.00015590354552300466
44,17,0.9342576388431632,0.9997543096542358,0.5997242331504822,0.07245144993066788,0.00015076659903966294
44,18,0.930934348832006,0.999599277973175,0.6016826033592224,0.07589593529701233,0.0001454490326986819
44,19,0.9287579564944558,0.998630940914154,0.6010621786117554,0.07561952620744705,0.0001399718325050444
44,20,0.9260184576977855,0.9991790652275085,0.6011592745780945,0.07612942159175873,0.00013435661446561999
44,21,0.9229382561600726,0.9990280270576477,0.599888801574707,0.07783618569374084,0.0001286255392806612
44,22,0.9201295077800751,0.9996566772460938,0.6017003655433655,0.07931272685527802,0.00012280122488564387
44,23,0.9180292526017064,0.9993990063667297,0.6023244857788086,0.0773879885673523,0.00011690665718860895
44,24,0.9146653634050618,0.9992403984069824,0.6017200350761414,0.07719656825065613,0.0001109650993552848
44,25,0.9107572779707287,1.0005865097045898,0.6026939749717712,0.07771197706460953,0.00010500000000000002
44,26,0.909734374155169,1.0009928941726685,0.6024206876754761,0.07387255132198334,9.903490064471525e-05
44,27,0.9049443038909332,1.0006487369537354,0.6035056114196777,0.07787981629371643,9.309334281139112e-05
44,28,0.903176732685255,1.000165343284607,0.6038976311683655,0.07636728882789612,8.719877511435618e-05
44,29,0.8995274745899698,1.0020201206207275,0.6033669710159302,0.07580264657735825,8.13744607193388e-05
44,30,0.897486071223798,1.000481128692627,0.6010940670967102,0.07808800041675568,7.564338553438004e-05
44,31,0.894551901065785,1.000535488128662,0.6009075045585632,0.07754955440759659,7.002816749495564e-05
44,32,0.8922280947799268,1.0018960237503052,0.602999746799469,0.0745484009385109,6.455096730131812e-05
44,33,0.8900672916484915,1.0017606019973755,0.6016523241996765,0.07619012147188187,5.923340096033705e-05
44,34,0.8873336749232333,1.0029680728912354,0.6026269197463989,0.0742206946015358,5.409645447699531e-05
44,35,0.8833620645429777,1.0020166635513306,0.6038939952850342,0.07679257541894913,4.916040103221507e-05
44,36,0.8813836619905804,1.0029630661010742,0.6034463047981262,0.07409167289733887,4.444472097387448e-05
44,37,0.880307792969372,1.0015127658843994,0.6014951467514038,0.07715913653373718,3.996802493677458e-05
44,38,0.8771954159373823,1.0023795366287231,0.6024125814437866,0.07477348297834396,3.574798039496593e-05
44,39,0.8746295914701794,1.0022459030151367,0.6021574139595032,0.07611379772424698,3.180124193630004e-05
44,40,0.8724287877912107,1.0028868913650513,0.6038627028465271,0.07480834424495697,2.8143385534380006e-05
44,41,0.8703849211983059,1.0032001733779907,0.6033971309661865,0.07395516335964203,2.4788847077308593e-05
44,42,0.8690397331248159,1.00283682346344,0.6028719544410706,0.07519441843032837,2.1750865395832963e-05
44,43,0.8670827435410541,1.0033729076385498,0.6031011343002319,0.07493997365236282,1.9041430015728164e-05
44,44,0.8651217850654022,1.0036238431930542,0.6043968200683594,0.07470499724149704,1.6671233840616125e-05
44,45,0.8640728793714357,1.0036085844039917,0.6034823656082153,0.07524941861629486,1.4649630951960416e-05
44,46,0.8612923453683439,1.003538966178894,0.6036535501480103,0.07461883872747421,1.298459969278006e-05
44,47,0.859905300580937,1.0039600133895874,0.6042383909225464,0.07443296909332275,1.1682711180774572e-05
44,48,0.8588811353496884,1.0034048557281494,0.6033848524093628,0.07548556476831436,1.0749103375124612e-05
44,49,0.8571925053130025,1.0039489269256592,0.6037503480911255,0.07488182187080383,1.0187460799314202e-05
44,50,0.938788577914238,1.002335548400879,0.6020670533180237,0.07196202874183655,1e-05
45,1,1.0100583609031595,1.004470944404602,0.6077756285667419,0.026956068351864815,0.00019981253920068581
45,2,0.9854281130044357,1.003273367881775,0.604223370552063,0.03788071870803833,0.0001992508966248754
45,3,0.9784284460803737,1.0014735460281372,0.6013355255126953,0.046131681650877,0.00019831728881922545
45,4,0.974185933885367,1.0001304149627686,0.6008428335189819,0.05038628354668617,0.00019701540030721995
45,5,0.9703251473281694,1.0010898113250732,0.6037548184394836,0.05019034445285797,0.00019535036904803958
45,6,0.9660681401905806,0.9998582601547241,0.6009262204170227,0.05779584124684334,0.00019332876615938386
45,7,0.9620658606290817,0.9992904663085938,0.6007450222969055,0.05791890248656273,0.00019095856998427185
45,8,0.9583577993123428,0.999127209186554,0.5997299551963806,0.0618877075612545,0.000188249134604167
45,9,0.9559245893488759,1.0001169443130493,0.599370539188385,0.05994312837719917,0.00018521115292269142
45,10,0.9546463735725569,0.9994543790817261,0.5989784002304077,0.06507468223571777,0.00018185661446562
45,11,0.9505640864372253,0.9991403818130493,0.5999528765678406,0.0670604556798935,0.00017819875806369996
45,12,0.9487331723389418,1.000030517578125,0.5992370843887329,0.06391450017690659,0.00017425201960503408
45,13,0.9460052251815796,0.9986317753791809,0.5996582508087158,0.0681355744600296,0.0001700319750632254
45,14,0.9423065211461938,0.9988561272621155,0.5983002185821533,0.06878204643726349,0.0001655552790261255
45,15,0.9390602047028749,0.9981299638748169,0.5981504321098328,0.07229526340961456,0.00016083959896778495
45,16,0.9360637075227239,0.9994896054267883,0.5995694398880005,0.06797430664300919,0.00015590354552300466
45,17,0.9345808748317801,0.9985163807868958,0.598544180393219,0.07333290576934814,0.00015076659903966294
45,18,0.9322337391583816,0.9995146989822388,0.5995951294898987,0.0757545605301857,0.0001454490326986819
45,19,0.9280398190021515,0.9997121691703796,0.602033793926239,0.07184886187314987,0.0001399718325050444
45,20,0.9272511640320653,0.999441385269165,0.5986568927764893,0.07261265069246292,0.00013435661446561999
45,21,0.9244172922942949,1.0002152919769287,0.598257303237915,0.07173937559127808,0.0001286255392806612
45,22,0.9213777508424676,1.0000654458999634,0.6001511812210083,0.07154857367277145,0.00012280122488564387
45,23,0.9172869337641675,0.9997647404670715,0.5993630290031433,0.07419367134571075,0.00011690665718860895
45,24,0.9142831544513288,1.0015296936035156,0.6008542776107788,0.06675738096237183,0.0001109650993552848
45,25,0.9113900395839111,1.001218557357788,0.600670576095581,0.07037638127803802,0.00010500000000000002
45,26,0.9102282997058786,1.0010823011398315,0.6004016399383545,0.07104424387216568,9.903490064471525e-05
45,27,0.907035108493722,1.000739574432373,0.6038137674331665,0.07145898789167404,9.309334281139112e-05
45,28,0.9029680963443674,1.0001144409179688,0.6004847884178162,0.07630230486392975,8.719877511435618e-05
45,29,0.8994847587917162,1.0002529621124268,0.6009315252304077,0.07566243410110474,8.13744607193388e-05
45,30,0.8982503647389619,1.0002856254577637,0.6020655035972595,0.07553581148386002,7.564338553438004e-05
45,31,0.8942544518605523,1.0009987354278564,0.6012226939201355,0.07319256663322449,7.002816749495564e-05
45,32,0.8921594438345536,1.0010863542556763,0.6012123227119446,0.07478103041648865,6.455096730131812e-05
45,33,0.8900398825821669,1.0013015270233154,0.6028857827186584,0.07220669835805893,5.923340096033705e-05
45,34,0.885944959262143,1.0012013912200928,0.6019352674484253,0.07435818761587143,5.409645447699531e-05
45,35,0.8846205136050349,1.0018303394317627,0.6033941507339478,0.07577074319124222,4.916040103221507e-05
45,36,0.8827664269053418,1.0005799531936646,0.6015770435333252,0.07614794373512268,4.444472097387448e-05
45,37,0.8792370084835135,1.00264310836792,0.6034649610519409,0.07375667989253998,3.996802493677458e-05
45,38,0.8784186405980069,1.0021002292633057,0.603239893913269,0.07377667725086212,3.574798039496593e-05
45,39,0.8746113103369008,1.002166986465454,0.6026904582977295,0.07168597728013992,3.180124193630004e-05
45,40,0.8725683974183124,1.0022679567337036,0.601772129535675,0.07334308326244354,2.8143385534380006e-05
45,41,0.8697123294291289,1.002304196357727,0.6023019552230835,0.073878213763237,2.4788847077308593e-05
45,42,0.8681879361038622,1.0035176277160645,0.6030045747756958,0.0707402303814888,2.1750865395832963e-05
45,43,0.8661731235359026,1.002426028251648,0.6028663516044617,0.07260436564683914,1.9041430015728164e-05
45,44,0.8653668638156808,1.00260591506958,0.6029976010322571,0.07269135117530823,1.6671233840616125e-05
45,45,0.863705320202786,1.0026849508285522,0.6026569604873657,0.0726921334862709,1.4649630951960416e-05
45,46,0.861888895864072,1.0028128623962402,0.6041743159294128,0.07318635284900665,1.298459969278006e-05
45,47,0.860072154065837,1.00315260887146,0.6032114028930664,0.07304226607084274,1.1682711180774572e-05
45,48,0.8584154164013655,1.0030277967453003,0.6033532619476318,0.07249464094638824,1.0749103375124612e-05
45,49,0.8573548819707788,1.0031414031982422,0.603856086730957,0.07281384617090225,1.0187460799314202e-05
45,50,0.9457762474599092,1.0016982555389404,0.6014570593833923,0.0692736953496933,1e-05
46,1,1.0119109827539194,1.006584882736206,0.6145743727684021,0.028325561434030533,0.00019981253920068581
46,2,0.9890612804371378,1.0038914680480957,0.6087142825126648,0.04027313366532326,0.0001992508966248754
46,3,0.9811087153528047,1.0019917488098145,0.607388436794281,0.04793567582964897,0.00019831728881922545
46,4,0.9746569265489993,1.0011698007583618,0.6051742434501648,0.05259019136428833,0.00019701540030721995
46,5,0.9721002999855124,1.0009102821350098,0.6044669151306152,0.05566699802875519,0.00019535036904803958
46,6,0.9673081280096717,1.0001593828201294,0.602243185043335,0.05771880969405174,0.00019332876615938386
46,7,0.963750333889671,0.9998157024383545,0.6018563508987427,0.0597509890794754,0.00019095856998427185
46,8,0.9597274667542913,0.9993122220039368,0.6004405617713928,0.06279782950878143,0.000188249134604167
46,9,0.959746752096259,0.998772919178009,0.6002449989318848,0.06654567271471024,0.00018521115292269142
46,10,0.9527761217044748,0.9987207651138306,0.6011735200881958,0.06630199402570724,0.00018185661446562
46,11,0.9521397112504296,0.9988653063774109,0.6009300947189331,0.06686118245124817,0.00017819875806369996
46,12,0.9472123494614726,0.9993482232093811,0.6015909314155579,0.06732813268899918,0.00017425201960503408
46,13,0.944655435240787,0.998238205909729,0.5983937978744507,0.07060153782367706,0.0001700319750632254
46,14,0.9428156115438627,0.9984254240989685,0.60003662109375,0.0732417032122612,0.0001655552790261255
46,15,0.9394853290008462,1.0001299381256104,0.601954460144043,0.06944439560174942,0.00016083959896778495
46,16,0.9373192217039026,0.9996157288551331,0.6022404432296753,0.06975633651018143,0.00015590354552300466
46,17,0.9331337751253791,1.0006378889083862,0.6005540490150452,0.06759992241859436,0.00015076659903966294
46,18,0.931643879931906,0.9997043013572693,0.6003358364105225,0.07085054367780685,0.0001454490326986819
46,19,0.9293794884629871,0.9990324974060059,0.6004929542541504,0.07364322990179062,0.0001399718325050444
46,20,0.9253791343906651,0.9993553161621094,0.6008885502815247,0.07221566140651703,0.00013435661446561999
46,21,0.9244022259245748,0.9988633990287781,0.5996410846710205,0.0736994817852974,0.0001286255392806612
46,22,0.9200417412363965,0.9997885823249817,0.6014953851699829,0.07149747759103775,0.00012280122488564387
46,23,0.9181571304798126,0.9991843700408936,0.5989416837692261,0.0727260634303093,0.00011690665718860895
46,24,0.9157375460085662,0.9994156956672668,0.6003678441047668,0.07378295063972473,0.0001109650993552848
46,25,0.9116073814423188,1.000962734222412,0.6029148697853088,0.07261110842227936,0.00010500000000000002
46,26,0.9085765215365783,1.0006991624832153,0.6012755036354065,0.07504468411207199,9.903490064471525e-05
46,27,0.9051616554674895,1.0011531114578247,0.6018898487091064,0.07248472422361374,9.309334281139112e-05
46,28,0.9037602258765179,1.0003232955932617,0.6012271046638489,0.07515471428632736,8.719877511435618e-05
46,29,0.9019171491913174,1.0003868341445923,0.6005623936653137,0.07361601293087006,8.13744607193388e-05
46,30,0.8981635751931564,1.001914143562317,0.603274405002594,0.07045585662126541,7.564338553438004e-05
46,31,0.8953085489895033,1.0023638010025024,0.6028999090194702,0.0711246058344841,7.002816749495564e-05
46,32,0.8925274461507797,1.001996636390686,0.6025040149688721,0.07324355095624924,6.455096730131812e-05
46,33,0.8890224876611129,1.0016262531280518,0.6008300185203552,0.07400283962488174,5.923340096033705e-05
46,34,0.8881283622720967,1.00138521194458,0.6012514233589172,0.07525039464235306,5.409645447699531e-05
46,35,0.8843944746515026,1.0016549825668335,0.6035131812095642,0.07343126833438873,4.916040103221507e-05
46,36,0.8820514594731124,1.0019750595092773,0.6021044850349426,0.07101013511419296,4.444472097387448e-05
46,37,0.8788767897564432,1.0014210939407349,0.6015487313270569,0.07341122627258301,3.996802493677458e-05
46,38,0.8776950136474941,1.0020198822021484,0.6019068956375122,0.07277099043130875,3.574798039496593e-05
46,39,0.8753892604423605,1.0024266242980957,0.6031703948974609,0.07133515179157257,3.180124193630004e-05
46,40,0.8754391151925792,1.0028996467590332,0.6039102077484131,0.07161068916320801,2.8143385534380006e-05
46,41,0.8724077071832574,1.002830147743225,0.6023076772689819,0.07310090959072113,2.4788847077308593e-05
46,42,0.8689471327740214,1.0031261444091797,0.6041015982627869,0.07172076404094696,2.1750865395832963e-05
46,43,0.8682324102391368,1.0030484199523926,0.6025068163871765,0.0726456567645073,1.9041430015728164e-05
46,44,0.8669020093005636,1.002747893333435,0.603118360042572,0.07285411655902863,1.6671233840616125e-05
46,45,0.864092407019242,1.0029804706573486,0.6031960248947144,0.07315327227115631,1.4649630951960416e-05
46,46,0.8620792031288147,1.0029757022857666,0.6034449934959412,0.07333648204803467,1.298459969278006e-05
46,47,0.8606176816898844,1.0031064748764038,0.6031789183616638,0.07277655601501465,1.1682711180774572e-05
46,48,0.8588837754467259,1.0034908056259155,0.6036952137947083,0.07242271304130554,1.0749103375124612e-05
46,49,0.8579543679952621,1.0034127235412598,0.6031571626663208,0.07132373005151749,1.0187460799314202e-05
46,50,0.9474392857240594,1.0015052556991577,0.6009501218795776,0.06650997698307037,1e-05
47,1,1.0132589975129003,1.0034595727920532,0.6077389121055603,0.0356946662068367,0.00019981253920068581
47,2,0.9864032087118729,1.0060670375823975,0.6095449328422546,0.03827597573399544,0.0001992508966248754
47,3,0.9799969798844793,1.002204179763794,0.603516161441803,0.04496917128562927,0.00019831728881922545
47,4,0.9755281456138777,1.000105857849121,0.6035348773002625,0.05162351578474045,0.00019701540030721995
47,5,0.9703372548455778,0.9997038245201111,0.6011810898780823,0.05643095076084137,0.00019535036904803958
47,6,0.9666452867829282,0.9992886781692505,0.6024774312973022,0.06172983720898628,0.00019332876615938386
47,7,0.9631032023740851,0.9994181990623474,0.6016898155212402,0.06268533319234848,0.00019095856998427185
47,8,0.9594752127709596,0.9989520907402039,0.6009672284126282,0.06741246581077576,0.000188249134604167
47,9,0.95735263047011,0.9986061453819275,0.6018122434616089,0.06770167499780655,0.00018521115292269142
47,10,0.9548419999039691,0.9984632134437561,0.6002604365348816,0.07061386108398438,0.00018185661446562
47,11,0.9503194728623265,0.998505711555481,0.5978260040283203,0.07108916342258453,0.00017819875806369996
47,12,0.9491587566292804,0.9993601441383362,0.6014559268951416,0.06559441983699799,0.00017425201960503408
47,13,0.9464029566101406,0.9990440011024475,0.5992893576622009,0.06941967457532883,0.0001700319750632254
47,14,0.9427593661391217,0.998603343963623,0.5985671281814575,0.07054684311151505,0.0001655552790261255
47,15,0.940441778820494,0.9993043541908264,0.6006227135658264,0.07374507933855057,0.00016083959896778495
47,16,0.9371410491673843,0.9979071021080017,0.5992660522460938,0.07442742586135864,0.00015590354552300466
47,17,0.9359189323757006,0.9978759288787842,0.599047064781189,0.07714425772428513,0.00015076659903966294
47,18,0.9320000261068344,0.998515248298645,0.5992223620414734,0.07526038587093353,0.0001454490326986819
47,19,0.9280406761428585,0.9982631206512451,0.5994616746902466,0.07762382924556732,0.0001399718325050444
47,20,0.9267764843028524,0.999098539352417,0.5996899008750916,0.07739661633968353,0.00013435661446561999
47,21,0.9235488059728042,0.9990267753601074,0.6003108620643616,0.0782947689294815,0.0001286255392806612
47,22,0.9218739595102228,0.999925971031189,0.6013360023498535,0.07360523194074631,0.00012280122488564387
47,23,0.9172043029380881,0.9984756112098694,0.5980658531188965,0.07791977375745773,0.00011690665718860895
47,24,0.9154938550099082,0.9986119270324707,0.6002810597419739,0.07899414002895355,0.0001109650993552848
47,25,0.9131707309380822,0.9995871186256409,0.5983372330665588,0.0770881175994873,0.00010500000000000002
47,26,0.91004996649597,0.9983147382736206,0.59919273853302,0.07940363883972168,9.903490064471525e-05
47,27,0.9064007608786874,1.0017013549804688,0.6005737781524658,0.07410746067762375,9.309334281139112e-05
47,28,0.9052682480086451,1.0004403591156006,0.6003832817077637,0.0774548128247261,8.719877511435618e-05
47,29,0.9002856229958327,1.0004699230194092,0.6012669205665588,0.07828637212514877,8.13744607193388e-05
47,30,0.8989306869714156,0.9988194108009338,0.5998497605323792,0.07856720685958862,7.564338553438004e-05
47,31,0.8958500474691391,1.000624179840088,0.6003343462944031,0.07991926372051239,7.002816749495564e-05
47,32,0.8950508359981619,1.0003859996795654,0.6003084182739258,0.07583975046873093,6.455096730131812e-05
47,33,0.8907663478799488,1.0004584789276123,0.6022835373878479,0.07630525529384613,5.923340096033705e-05
47,34,0.888428191775861,1.0001509189605713,0.6026778221130371,0.07831185311079025,5.409645447699531e-05
47,35,0.8857884296904439,0.9998531341552734,0.5988231897354126,0.0800195038318634,4.916040103221507e-05
47,36,0.8843112374129503,1.0005402565002441,0.6010717749595642,0.07847528159618378,4.444472097387448e-05
47,37,0.8822851394829543,1.000583529472351,0.600612223148346,0.07834063470363617,3.996802493677458e-05
47,38,0.8776064029206401,1.0001025199890137,0.6005302667617798,0.07872568815946579,3.574798039496593e-05
47,39,0.8756014976812445,1.0003812313079834,0.5999014973640442,0.07897083461284637,3.180124193630004e-05
47,40,0.8731433917646823,1.000778079032898,0.6007760763168335,0.07809711992740631,2.8143385534380006e-05
47,41,0.8723837914674178,1.0006887912750244,0.6008203029632568,0.0771079808473587,2.4788847077308593e-05
47,42,0.8697697384201962,1.001531720161438,0.6013311743736267,0.07802455127239227,2.1750865395832963e-05
47,43,0.8686684149762859,1.0006581544876099,0.600838840007782,0.07811548560857773,1.9041430015728164e-05
47,44,0.8677828441495481,1.0005313158035278,0.6013009548187256,0.07924013584852219,1.6671233840616125e-05
47,45,0.8649058652960736,1.0012880563735962,0.6013167500495911,0.07827147096395493,1.4649630951960416e-05
47,46,0.8622548010038293,1.0013291835784912,0.6012628078460693,0.07792089879512787,1.298459969278006e-05
47,47,0.8609556665887004,1.0011390447616577,0.6015365719795227,0.07770568877458572,1.1682711180774572e-05
47,48,0.861137339602346,1.0014625787734985,0.6023539304733276,0.0779278576374054,1.0749103375124612e-05
47,49,0.8589199230722759,1.0015149116516113,0.6012503504753113,0.07803885638713837,1.0187460799314202e-05
47,50,0.9469988106385522,1.0010381937026978,0.6042665243148804,0.07243175059556961,1e-05
48,1,1.0120941504188206,1.0092121362686157,0.6120849847793579,0.025819996371865273,0.00019981253920068581
48,2,0.9870816760736963,1.0031613111495972,0.6077245473861694,0.04014115408062935,0.0001992508966248754
48,3,0.980319275804188,1.0016673803329468,0.6051334738731384,0.04877699166536331,0.00019831728881922545
48,4,0.9745480852282565,1.0020745992660522,0.6029182076454163,0.04851800203323364,0.00019701540030721995
48,5,0.9700346738100052,1.0006868839263916,0.6033479571342468,0.054337482899427414,0.00019535036904803958
48,6,0.9660109858150068,0.999904215335846,0.6019097566604614,0.056173600256443024,0.00019332876615938386
48,7,0.9641284417846928,0.9990273714065552,0.5994548797607422,0.0628688707947731,0.00019095856998427185
48,8,0.95936179873736,0.9984703063964844,0.598848283290863,0.06423263251781464,0.000188249134604167
48,9,0.9568712186554204,0.998850405216217,0.5993373990058899,0.06545893847942352,0.00018521115292269142
48,10,0.9542295589395191,0.9983469843864441,0.5987465381622314,0.06849160045385361,0.00018185661446562
48,11,0.9523699484441591,0.9988904595375061,0.5997781157493591,0.0688898041844368,0.00017819875806369996
48,12,0.9498842831539072,0.9981776475906372,0.5980856418609619,0.07004754990339279,0.00017425201960503408
48,13,0.9461857540451962,0.999722957611084,0.6016839742660522,0.062406543642282486,0.0001700319750632254
48,14,0.9418058667493903,0.9985853433609009,0.598646879196167,0.0698450431227684,0.0001655552790261255
48,15,0.9424151318228763,0.998216450214386,0.5988168120384216,0.07452763617038727,0.00016083959896778495
48,16,0.9379335875096528,0.9984422922134399,0.5998446941375732,0.07120863348245621,0.00015590354552300466
48,17,0.9344286218933437,0.99785315990448,0.5990473628044128,0.07554789632558823,0.00015076659903966294
48,18,0.9301740993624148,0.9977863430976868,0.5986251831054688,0.0735679417848587,0.0001454490326986819
48,19,0.9280448594818944,0.9979851841926575,0.5987006425857544,0.07608485221862793,0.0001399718325050444
48,20,0.924981055052384,0.998295247554779,0.6004064679145813,0.07615289092063904,0.00013435661446561999
48,21,0.9237052597429442,0.9984914660453796,0.6014559268951416,0.07366877049207687,0.0001286255392806612
48,22,0.9207013165173323,0.9985678195953369,0.6009531617164612,0.07655651867389679,0.00012280122488564387
48,23,0.9172142899554708,0.998954176902771,0.599626898765564,0.07398797571659088,0.00011690665718860895
48,24,0.9160628590894782,0.9981957674026489,0.5996729135513306,0.07499555498361588,0.0001109650993552848
48,25,0.9121690956146821,0.9989314079284668,0.6010013818740845,0.07617020606994629,0.00010500000000000002
48,26,0.9102721544711486,0.9986514449119568,0.6000691652297974,0.07551304250955582,9.903490064471525e-05
48,27,0.9066355105327524,0.9984843730926514,0.5995401740074158,0.07764773070812225,9.309334281139112e-05
48,28,0.905257629311603,0.9984170198440552,0.6023418307304382,0.07872841507196426,8.719877511435618e-05
48,29,0.9010352071212686,0.9990058541297913,0.6004951596260071,0.07684879750013351,8.13744607193388e-05
48,30,0.8995956739653712,0.9986803531646729,0.5998987555503845,0.0798092633485794,7.564338553438004e-05
48,31,0.8969544884951218,0.9990724325180054,0.6000199913978577,0.07710282504558563,7.002816749495564e-05
48,32,0.8939457917990892,0.9986006617546082,0.600715160369873,0.07903890311717987,6.455096730131812e-05
48,33,0.8907613469206769,0.9988282322883606,0.6000893115997314,0.07908650487661362,5.923340096033705e-05
48,34,0.8885516964870951,0.9991023540496826,0.5995433926582336,0.08045527338981628,5.409645447699531e-05
48,35,0.8861706878827966,1.000154972076416,0.6013951301574707,0.07789162546396255,4.916040103221507e-05
48,36,0.8851057925949926,0.9993007779121399,0.600292444229126,0.07846508920192719,4.444472097387448e-05
48,37,0.8820138113654178,0.9995667934417725,0.6018544435501099,0.07884596288204193,3.996802493677458e-05
48,38,0.8799131305321403,1.0000436305999756,0.6015426516532898,0.07836740463972092,3.574798039496593e-05
48,39,0.8767998756273933,0.9995472431182861,0.6008765697479248,0.07780695706605911,3.180124193630004e-05
48,40,0.8752562993246576,0.9996710419654846,0.600762128829956,0.0803816169500351,2.8143385534380006e-05
48,41,0.8737211188544398,1.0001428127288818,0.603193998336792,0.0783594399690628,2.4788847077308593e-05
48,42,0.8720512785341429,0.9998297691345215,0.6020347476005554,0.07888313382863998,2.1750865395832963e-05
48,43,0.8697080042051233,0.9999805688858032,0.601570188999176,0.07694794982671738,1.9041430015728164e-05
48,44,0.8678487591121508,0.9998270869255066,0.6013031005859375,0.07866330444812775,1.6671233840616125e-05
48,45,0.8668482057426287,1.0001939535140991,0.6017195582389832,0.07755929231643677,1.4649630951960416e-05
48,46,0.8647886333258256,1.0002092123031616,0.601477861404419,0.0778798907995224,1.298459969278006e-05
48,47,0.8628873844509539,0.9999580979347229,0.6011041402816772,0.07899647951126099,1.1682711180774572e-05
48,48,0.8618524314268775,1.000036358833313,0.6020427346229553,0.07881531119346619,1.0749103375124612e-05
48,49,0.8601418791905694,1.0002713203430176,0.6017842292785645,0.07926711440086365,1.0187460799314202e-05
48,50,0.9420459782299788,1.001418948173523,0.6085959076881409,0.07360494136810303,1e-05
49,1,1.0087030076462289,1.0050830841064453,0.6076684594154358,0.0327259823679924,0.00019981253920068581
49,2,0.9876512911008752,1.002496361732483,0.6032841205596924,0.04387468472123146,0.0001992508966248754
49,3,0.9792454508335694,1.0015541315078735,0.6031091213226318,0.04961584508419037,0.00019831728881922545
49,4,0.9748276316601298,1.0005799531936646,0.6010696887969971,0.05493893846869469,0.00019701540030721995
49,5,0.9701203451208447,0.9999295473098755,0.6014021039009094,0.058959029614925385,0.00019535036904803958
49,6,0.9657933167789293,0.9998475313186646,0.6032297015190125,0.06050892546772957,0.00019332876615938386
49,7,0.9627022529425828,0.9996106624603271,0.60025554895401,0.06308741122484207,0.00019095856998427185
49,8,0.9599744036145832,0.9987578988075256,0.6010087728500366,0.0667906254529953,0.000188249134604167
49,9,0.9578498861064082,0.9998555779457092,0.601754903793335,0.06376366317272186,0.00018521115292269142
49,10,0.9539686856062516,0.9990264773368835,0.6000058650970459,0.06743427366018295,0.00018185661446562
49,11,0.9504415172597637,0.9979463219642639,0.6002289056777954,0.07321781665086746,0.00017819875806369996
49,12,0.9481528012648873,0.9980510473251343,0.6000909209251404,0.07413635402917862,0.00017425201960503408
49,13,0.9467046072949534,0.9983444809913635,0.5992987751960754,0.0704464539885521,0.0001700319750632254
49,14,0.9431241575790488,0.9987239241600037,0.599136471748352,0.07289565354585648,0.0001655552790261255
49,15,0.9408236586529276,0.9991170167922974,0.5994208455085754,0.07375723868608475,0.00016083959896778495
49,16,0.9357819356348204,0.9989747405052185,0.5993697047233582,0.07598591595888138,0.00015590354552300466
49,17,0.9349870390218237,0.9988282918930054,0.5993499159812927,0.07583742588758469,0.00015076659903966294
49,18,0.9328794602466666,0.9986093044281006,0.599638044834137,0.075947105884552,0.0001454490326986819
49,19,0.930390746049259,0.9982241988182068,0.6002768278121948,0.07664944976568222,0.0001399718325050444
49,20,0.9243414473274479,0.9997551441192627,0.6001439690589905,0.07138021290302277,0.00013435661446561999
49,21,0.9221776970054792,0.9980716705322266,0.5986024737358093,0.08072569221258163,0.0001286255392806612
49,22,0.9212856616662897,1.000017523765564,0.6012625098228455,0.07859780639410019,0.00012280122488564387
49,23,0.9177536335976227,0.9992002248764038,0.5990875959396362,0.07559520751237869,0.00011690665718860895
49,24,0.9138144040885179,0.999607264995575,0.6014242172241211,0.07764007151126862,0.0001109650993552848
49,25,0.9115446890177934,0.9986252188682556,0.5995593070983887,0.07741515338420868,0.00010500000000000002
49,26,0.9095953689969104,0.9984841346740723,0.5988314747810364,0.0789119154214859,9.903490064471525e-05
49,27,0.9044517090787059,0.9999109506607056,0.6016700863838196,0.07631059736013412,9.309334281139112e-05
49,28,0.9031016068614047,0.9993805289268494,0.6016460061073303,0.07839956134557724,8.719877511435618e-05
49,29,0.8987771952929704,0.9998040199279785,0.5999658703804016,0.07852573692798615,8.13744607193388e-05
49,30,0.8956717848777771,1.0006166696548462,0.6001755595207214,0.07540583610534668,7.564338553438004e-05
49,31,0.8961697097705759,1.000363826751709,0.6024671196937561,0.07631358504295349,7.002816749495564e-05
49,32,0.8924637592357137,1.0019934177398682,0.6015739440917969,0.07369665801525116,6.455096730131812e-05
49,33,0.8876390126736268,1.0008398294448853,0.6002983450889587,0.07573611289262772,5.923340096033705e-05
49,34,0.8867657858392467,1.0014088153839111,0.6012009382247925,0.07683903723955154,5.409645447699531e-05
49,35,0.8846143756223761,1.001145362854004,0.6033841967582703,0.07556724548339844,4.916040103221507e-05
49,36,0.8820447545984517,1.0018486976623535,0.6023228764533997,0.07356677204370499,4.444472097387448e-05
49,37,0.8788903543482656,1.0014195442199707,0.6021729111671448,0.07687757909297943,3.996802493677458e-05
49,38,0.8764676186053649,1.001701831817627,0.6022540926933289,0.07695592194795609,3.574798039496593e-05
49,39,0.8746265056340591,1.002498745918274,0.6033375859260559,0.07697483897209167,3.180124193630004e-05
49,40,0.8724208169657252,1.0015480518341064,0.6018502116203308,0.07846500724554062,2.8143385534380006e-05
49,41,0.8715793859699498,1.0023221969604492,0.6022740602493286,0.07663806527853012,2.4788847077308593e-05
49,42,0.8679203190233397,1.00296950340271,0.6026594042778015,0.07521189749240875,2.1750865395832963e-05
49,43,0.8659326887649038,1.0033049583435059,0.6024795174598694,0.075217105448246,1.9041430015728164e-05
49,44,0.8654711162266524,1.002941370010376,0.6033738255500793,0.0749107301235199,1.6671233840616125e-05
49,45,0.8627211723638617,1.002975583076477,0.6023889183998108,0.07559137791395187,1.4649630951960416e-05
49,46,0.86154691291892,1.0037481784820557,0.6037256121635437,0.07490294426679611,1.298459969278006e-05
49,47,0.8600177700104921,1.0031678676605225,0.6034408807754517,0.07610895484685898,1.1682711180774572e-05
49,48,0.8588365944831268,1.0030715465545654,0.6027029156684875,0.07580006122589111,1.0749103375124612e-05
49,49,0.8566343862077465,1.0036157369613647,0.6032396554946899,0.07573270052671432,1.0187460799314202e-05
49,50,0.9521664847498355,1.0021601915359497,0.6017991304397583,0.06789520382881165,1e-05
50,1,1.0073710006216299,1.0049384832382202,0.6082273125648499,0.03060310147702694,0.00019981253920068581
50,2,0.9873555620079455,1.003785252571106,0.6057289838790894,0.04123847931623459,0.0001992508966248754
50,3,0.9802618765312693,1.0012809038162231,0.6050686240196228,0.04819510132074356,0.00019831728881922545
50,4,0.974235132984493,1.0012296438217163,0.6038768887519836,0.05122024565935135,0.00019701540030721995
50,5,0.9687938735536907,1.0008257627487183,0.6041764616966248,0.0552651546895504,0.00019535036904803958
50,6,0.9657351711521978,1.0003925561904907,0.6033568978309631,0.05558592081069946,0.00019332876615938386
50,7,0.9629240178543589,0.9993036389350891,0.6012521982192993,0.05949864536523819,0.00019095856998427185
50,8,0.960902615085892,0.999507486820221,0.5990579724311829,0.06317752599716187,0.000188249134604167
50,9,0.9558224788178569,0.9987550973892212,0.5997114181518555,0.06492964923381805,0.00018521115292269142
50,10,0.9535610455533733,0.9984415769577026,0.5999506115913391,0.06856127828359604,0.00018185661446562
50,11,0.9501257674849551,0.9985621571540833,0.5995592474937439,0.06875810772180557,0.00017819875806369996
50,12,0.9486826392619506,0.9982894659042358,0.5991634130477905,0.06808078289031982,0.00017425201960503408
50,13,0.9459936437399491,0.999487042427063,0.6017903685569763,0.0684538334608078,0.0001700319750632254
50,14,0.9421072816071303,0.9985822439193726,0.6011062264442444,0.0748714804649353,0.0001655552790261255
50,15,0.9387895024341085,0.9994445443153381,0.6006038188934326,0.07353390008211136,0.00016083959896778495
50,16,0.9364870248929315,1.0007097721099854,0.6031394600868225,0.06726683676242828,0.00015590354552300466
50,17,0.9334351238997086,0.9988875389099121,0.5999078750610352,0.07183394581079483,0.00015076659903966294
50,18,0.9316169153089109,0.9991757869720459,0.5986708402633667,0.07429513335227966,0.0001454490326986819
50,19,0.9290003426696943,1.0013413429260254,0.5992522239685059,0.0739959254860878,0.0001399718325050444
50,20,0.9258977518133495,0.9991964101791382,0.6015797853469849,0.073458731174469,0.00013435661446561999
50,21,0.9229960558207139,1.0005640983581543,0.6016055345535278,0.07579845190048218,0.0001286255392806612
50,22,0.9188312175481216,0.9993295669555664,0.5989355444908142,0.07466891407966614,0.00012280122488564387
50,23,0.917911285939424,1.0004198551177979,0.5996576547622681,0.07415953278541565,0.00011690665718860895
50,24,0.9158848310294359,1.0004332065582275,0.6000427603721619,0.07347972691059113,0.0001109650993552848
50,25,0.912092541222987,1.0008766651153564,0.6020323634147644,0.07254014909267426,0.00010500000000000002
50,26,0.908294180813043,1.0022116899490356,0.6024806499481201,0.07265833020210266,9.903490064471525e-05
50,27,0.9082633904788805,1.0009187459945679,0.6016693115234375,0.07463345676660538,9.309334281139112e-05
50,28,0.9026054869527402,1.0006060600280762,0.6006609797477722,0.07382632791996002,8.719877511435618e-05
50,29,0.8993635961542958,1.001621961593628,0.6009203791618347,0.07809913158416748,8.13744607193388e-05
50,30,0.8975385757892028,1.0011228322982788,0.6037177443504333,0.0737619698047638,7.564338553438004e-05
50,31,0.8943766504526138,1.002219557762146,0.6028485298156738,0.07636317610740662,7.002816749495564e-05
50,32,0.8918353720851566,1.0003947019577026,0.6008970737457275,0.07736677676439285,6.455096730131812e-05
50,33,0.8885550110236459,1.0023988485336304,0.6066123247146606,0.07269048690795898,5.923340096033705e-05
50,34,0.8886277222115061,1.0017284154891968,0.6022740602493286,0.07738859951496124,5.409645447699531e-05
50,35,0.8836176006690316,1.0025919675827026,0.6048905253410339,0.07534002512693405,4.916040103221507e-05
50,36,0.8820392826329106,1.0027469396591187,0.6029115915298462,0.07301929593086243,4.444472097387448e-05
50,37,0.8797299065019774,1.0010309219360352,0.6018115878105164,0.07634478062391281,3.996802493677458e-05
50,38,0.8756342478420424,1.0029228925704956,0.6035683751106262,0.07275651395320892,3.574798039496593e-05
50,39,0.8746621978023777,1.0027952194213867,0.6027255058288574,0.07524063438177109,3.180124193630004e-05
50,40,0.8720767498016357,1.00221848487854,0.6033206582069397,0.07508718222379684,2.8143385534380006e-05
50,41,0.8701413221981215,1.0022764205932617,0.6041107177734375,0.0780065506696701,2.4788847077308593e-05
50,42,0.8684254385854887,1.0025079250335693,0.604097843170166,0.07682400941848755,2.1750865395832963e-05
50,43,0.8659981249467187,1.0033419132232666,0.6049889326095581,0.0745038390159607,1.9041430015728164e-05
50,44,0.8642494147238524,1.0026452541351318,0.6034752726554871,0.07423059642314911,1.6671233840616125e-05
50,45,0.8628866147735844,1.0025365352630615,0.6044400334358215,0.07656770944595337,1.4649630951960416e-05
50,46,0.8612510309271191,1.002902626991272,0.6040169596672058,0.07710550725460052,1.298459969278006e-05
50,47,0.8597547645154207,1.0031120777130127,0.6048144102096558,0.075713150203228,1.1682711180774572e-05
50,48,0.857966836379922,1.0031490325927734,0.6049337387084961,0.07527793198823929,1.0749103375124612e-05
50,49,0.8561885104231213,1.00301992893219,0.6046233773231506,0.07527424395084381,1.0187460799314202e-05
50,50,0.9484536719063054,1.0002027750015259,0.6045769453048706,0.07060728967189789,1e-05
51,1,1.006517927283826,1.0072814226150513,0.6164233684539795,0.025539083406329155,0.00019981253920068581
51,2,0.9869707803363386,1.0040971040725708,0.6095666289329529,0.03911198303103447,0.0001992508966248754
51,3,0.9805456756249719,1.001770257949829,0.6045941114425659,0.046264830976724625,0.00019831728881922545
51,4,0.9744250852128734,1.001426339149475,0.6048114895820618,0.053171783685684204,0.00019701540030721995
51,5,0.9715025671150374,1.0014255046844482,0.6051139235496521,0.0538034662604332,0.00019535036904803958
51,6,0.9659187690071438,0.9995733499526978,0.6013767123222351,0.06117131561040878,0.00019332876615938386
51,7,0.9647994734670805,0.9994363784790039,0.6004255414009094,0.06316779553890228,0.00019095856998427185
51,8,0.9597782291795897,0.9992548227310181,0.6015770435333252,0.06642556190490723,0.000188249134604167
51,9,0.9579253196716309,0.9983696937561035,0.6001113653182983,0.07087244093418121,0.00018521115292269142
51,10,0.9548703956863155,0.9984725117683411,0.6022437214851379,0.07165008038282394,0.00018185661446562
51,11,0.9521257546932801,1.0004359483718872,0.6046590805053711,0.0700846016407013,0.00017819875806369996
51,12,0.9480634577896284,0.9989924430847168,0.6005465984344482,0.07196745276451111,0.00017425201960503408
51,13,0.9460463659918826,0.998917818069458,0.5998961329460144,0.07242516428232193,0.0001700319750632254
51,14,0.9426431357860565,0.998629093170166,0.5996515154838562,0.07487428188323975,0.0001655552790261255
51,15,0.9402626999046492,0.9998285174369812,0.600346565246582,0.0729217529296875,0.00016083959896778495
51,16,0.9352629683587862,1.0000485181808472,0.5994918346405029,0.07312013953924179,0.00015590354552300466
51,17,0.9314134775296502,0.9983994960784912,0.6015989780426025,0.08025936037302017,0.00015076659903966294
51,18,0.9308819654195205,0.9994561672210693,0.600422739982605,0.07851315289735794,0.0001454490326986819
51,19,0.9270422348509664,0.9987270832061768,0.5995930433273315,0.08127956092357635,0.0001399718325050444
51,20,0.9255711390920307,0.9983213543891907,0.5996142029762268,0.08122710138559341,0.00013435661446561999
51,21,0.9226037594287292,0.999187707901001,0.6006735563278198,0.08062570542097092,0.0001286255392806612
51,22,0.9213255792856216,0.9989254474639893,0.6010696291923523,0.08294076472520828,0.00012280122488564387
51,23,0.9175597681947376,0.9993505477905273,0.6001943945884705,0.07969789952039719,0.00011690665718860895
51,24,0.9135328932948734,0.9992433190345764,0.6015746593475342,0.08101236820220947,0.0001109650993552848
51,25,0.9116784249958785,0.9988762736320496,0.6039623022079468,0.084615558385849,0.00010500000000000002
51,26,0.9087651203507963,0.9986217021942139,0.6014951467514038,0.08205889910459518,9.903490064471525e-05
51,27,0.905226301887761,0.9990283250808716,0.6005789041519165,0.08174189925193787,9.309334281139112e-05
51,28,0.9037343341371288,0.9989154934883118,0.6010735034942627,0.08619040250778198,8.719877511435618e-05
51,29,0.8993992099295491,1.0001544952392578,0.6020668148994446,0.08314841985702515,8.13744607193388e-05
51,30,0.898346729900526,0.9987841248512268,0.6018595695495605,0.0850798487663269,7.564338553438004e-05
51,31,0.895354495100353,1.0001708269119263,0.6011781692504883,0.08376139402389526,7.002816749495564e-05
51,32,0.8916725678288419,1.0013045072555542,0.6027162671089172,0.08035165816545486,6.455096730131812e-05
51,33,0.8893475746331008,0.9995805025100708,0.6016900539398193,0.08414158225059509,5.923340096033705e-05
51,34,0.8884047833473786,1.0018184185028076,0.6025029420852661,0.08087355643510818,5.409645447699531e-05
51,35,0.8865514540154001,1.0005351305007935,0.6012592911720276,0.08444339781999588,4.916040103221507e-05
51,36,0.8825158016837161,1.00009286403656,0.6023581027984619,0.08608168363571167,4.444472097387448e-05
51,37,0.8796010859634565,1.0008069276809692,0.6017331480979919,0.0865025445818901,3.996802493677458e-05
51,38,0.8778787028530369,1.001132845878601,0.6025909781455994,0.08442611992359161,3.574798039496593e-05
51,39,0.8770505047362783,1.0006847381591797,0.6033152937889099,0.0845172107219696,3.180124193630004e-05
51,40,0.8734296223391658,1.0008500814437866,0.6034069061279297,0.0852741077542305,2.8143385534380006e-05
51,41,0.8712374380101329,1.0015841722488403,0.6024287343025208,0.08445801585912704,2.4788847077308593e-05
51,42,0.8699294302774512,1.0025339126586914,0.6048584580421448,0.08215521275997162,2.1750865395832963e-05
51,43,0.868070652951365,1.0014948844909668,0.6027016043663025,0.0848393365740776,1.9041430015728164e-05
51,44,0.8664256884999897,1.0009957551956177,0.6035861968994141,0.08598128706216812,1.6671233840616125e-05
51,45,0.8645984685939291,1.0014551877975464,0.6033366918563843,0.08449743688106537,1.4649630951960416e-05
51,46,0.8631570391033007,1.0015151500701904,0.6036027669906616,0.08430168777704239,1.298459969278006e-05
51,47,0.8618141568225363,1.0017057657241821,0.6032254695892334,0.08402186632156372,1.1682711180774572e-05
51,48,0.8601386391598246,1.001781940460205,0.6035004258155823,0.08417654782533646,1.0749103375124612e-05
51,49,0.8581231871376866,1.0017775297164917,0.6034477353096008,0.084898941218853,1.0187460799314202e-05
51,50,0.953030310895132,1.0020672082901,0.6030738353729248,0.07529886066913605,1e-05
