날짜,시가,고가,저가,종가,거래량,등락률,매수_기관합계,매수_기타법인,매수_개인,매수_외국인합계,매도_기관합계,매도_기타법인,매도_개인,매도_외국인합계,전체
2013-10-24,4220,4220,4220,4220,0,0.0,0.0,0.0,0.0,0.0,0.0,0.0,0.0,0.0,0.0
2013-10-25,4220,4220,4220,4220,290,0.0,0.0,0.0,1223800.0,0.0,0.0,0.0,1223800.0,0.0,1223800.0
2013-10-28,4240,4240,4240,4240,0,0.47393364928909953,0.0,0.0,0.0,0.0,0.0,0.0,0.0,0.0,0.0
2013-10-29,4250,4250,4250,4250,400,0.2358490566037736,0.0,0.0,1700000.0,0.0,0.0,0.0,1700000.0,0.0,1700000.0
2013-10-30,4255,4255,4255,4255,0,0.1176470588235294,0.0,0.0,0.0,0.0,0.0,0.0,0.0,0.0,0.0
2013-10-31,4255,4255,4255,4255,0,0.0,0.0,0.0,0.0,0.0,0.0,0.0,0.0,0.0,0.0
2013-11-01,4255,4255,4255,4255,0,0.0,0.0,0.0,0.0,0.0,0.0,0.0,0.0,0.0,0.0
2013-11-04,4255,4255,4255,4255,0,0.0,0.0,0.0,0.0,0.0,0.0,0.0,0.0,0.0,0.0
2013-11-05,4250,4250,4250,4250,610,-0.11750881316098707,0.0,0.0,2592500.0,0.0,0.0,0.0,2592500.0,0.0,2592500.0
2013-11-06,4250,4250,4250,4250,0,0.0,0.0,0.0,0.0,0.0,0.0,0.0,0.0,0.0,0.0
2013-11-07,4250,4250,4250,4250,0,0.0,0.0,0.0,0.0,0.0,0.0,0.0,0.0,0.0,0.0
2013-11-08,4250,4250,4250,4250,0,0.0,0.0,0.0,0.0,0.0,0.0,0.0,0.0,0.0,0.0
2013-11-11,4200,4200,4200,4200,210,-1.1764705882352942,0.0,0.0,882000.0,0.0,0.0,0.0,882000.0,0.0,882000.0
2013-11-12,4200,4200,4200,4200,0,0.0,0.0,0.0,0.0,0.0,0.0,0.0,0.0,0.0,0.0
2013-11-13,4210,4210,4210,4210,30,0.2380952380952381,0.0,0.0,126300.0,0.0,0.0,0.0,126300.0,0.0,126300.0
2013-11-14,4210,4210,4100,4100,8190,-2.6128266033254155,0.0,0.0,33695400.0,0.0,0.0,0.0,33695400.0,0.0,33695400.0
2013-11-15,4240,4240,4240,4240,10,3.414634146341464,0.0,0.0,42400.0,0.0,0.0,0.0,42400.0,0.0,42400.0
2013-11-18,4100,4100,4100,4100,120,-3.30188679245283,0.0,0.0,492000.0,0.0,0.0,0.0,492000.0,0.0,492000.0
2013-11-19,4200,4200,4200,4200,10,2.4390243902439024,0.0,0.0,42000.0,0.0,0.0,0.0,42000.0,0.0,42000.0
2013-11-20,4000,4000,4000,4000,820,-4.761904761904762,0.0,0.0,3280000.0,0.0,0.0,0.0,3280000.0,0.0,3280000.0
2013-11-21,4000,4005,4000,4000,10961,0.0,0.0,0.0,43844600.0,0.0,0.0,0.0,43844600.0,0.0,43844600.0
2013-11-22,4100,4100,4100,4100,70,2.5,0.0,0.0,287000.0,0.0,0.0,0.0,287000.0,0.0,287000.0
2013-11-25,4255,4255,4255,4255,10,3.7804878048780486,0.0,0.0,42550.0,0.0,0.0,0.0,42550.0,0.0,42550.0
2013-11-26,4050,4050,4050,4050,490,-4.81786133960047,0.0,0.0,1984500.0,0.0,0.0,0.0,1984500.0,0.0,1984500.0
2013-11-27,4000,4000,4000,4000,1000,-1.2345679012345678,0.0,0.0,4000000.0,0.0,0.0,0.0,4000000.0,0.0,4000000.0
2013-11-28,4005,4005,4005,4005,10,0.125,0.0,0.0,40050.0,0.0,0.0,0.0,40050.0,0.0,40050.0
2013-11-29,4000,4000,4000,4000,500,-0.12484394506866417,0.0,0.0,2000000.0,0.0,0.0,0.0,2000000.0,0.0,2000000.0
2013-12-02,4225,4225,4225,4225,90,5.625,0.0,0.0,380250.0,0.0,0.0,0.0,380250.0,0.0,380250.0
2013-12-03,4225,4225,4225,4225,0,0.0,0.0,0.0,0.0,0.0,0.0,0.0,0.0,0.0,0.0
2013-12-04,4070,4150,4070,4100,1420,-2.9585798816568047,0.0,0.0,5851700.0,0.0,0.0,0.0,5851700.0,0.0,5851700.0
2013-12-05,4050,4050,4010,4010,250,-2.195121951219512,0.0,0.0,1010500.0,0.0,0.0,0.0,1010500.0,0.0,1010500.0
2013-12-06,4100,4100,4100,4100,0,2.2443890274314215,0.0,0.0,0.0,0.0,0.0,0.0,0.0,0.0,0.0
2013-12-09,4100,4100,4100,4100,0,0.0,0.0,0.0,0.0,0.0,0.0,0.0,0.0,0.0,0.0
2013-12-10,4080,4080,4080,4080,0,-0.4878048780487805,0.0,0.0,0.0,0.0,0.0,0.0,0.0,0.0,0.0
2013-12-11,4000,4000,4000,4000,500,-1.9607843137254901,0.0,0.0,2000000.0,0.0,0.0,0.0,2000000.0,0.0,2000000.0
2013-12-12,4000,4000,4000,4000,2840,0.0,0.0,0.0,11360000.0,0.0,0.0,0.0,11360000.0,0.0,11360000.0
2013-12-13,4000,4000,4000,4000,500,0.0,0.0,0.0,2000000.0,0.0,0.0,0.0,2000000.0,0.0,2000000.0
2013-12-16,4050,4050,4000,4000,170,0.0,0.0,0.0,681500.0,0.0,0.0,0.0,681500.0,0.0,681500.0
2013-12-17,4000,4000,3970,4000,5180,0.0,0.0,0.0,20703400.0,0.0,0.0,0.0,20703400.0,0.0,20703400.0
2013-12-18,4000,4000,4000,4000,640,0.0,0.0,0.0,2560000.0,0.0,0.0,0.0,2560000.0,0.0,2560000.0
2013-12-19,3995,3995,3990,3995,410,-0.125,0.0,0.0,1636950.0,0.0,0.0,0.0,1636950.0,0.0,1636950.0
2013-12-20,3900,3900,3900,3900,3310,-2.3779724655819776,0.0,0.0,12909000.0,0.0,0.0,0.0,12909000.0,0.0,12909000.0
2013-12-23,4290,4290,4290,4290,10,10.0,0.0,0.0,42900.0,0.0,0.0,0.0,42900.0,0.0,42900.0
2013-12-24,4245,4245,4245,4245,0,-1.048951048951049,0.0,0.0,0.0,0.0,0.0,0.0,0.0,0.0,0.0
2013-12-26,4195,4195,4195,4195,0,-1.1778563015312131,0.0,0.0,0.0,0.0,0.0,0.0,0.0,0.0,0.0
2013-12-27,4085,4085,4085,4085,10,-2.622169249106079,0.0,0.0,40850.0,0.0,0.0,0.0,40850.0,0.0,40850.0
2013-12-30,4085,4085,4085,4085,0,0.0,0.0,0.0,0.0,0.0,0.0,0.0,0.0,0.0,0.0
2014-01-02,4000,4000,4000,4000,0,-2.08078335373317,0.0,0.0,0.0,0.0,0.0,0.0,0.0,0.0,0.0
2014-01-03,4000,4000,4000,4000,0,0.0,0.0,0.0,0.0,0.0,0.0,0.0,0.0,0.0,0.0
2014-01-06,4150,4150,4150,4150,0,3.75,0.0,0.0,0.0,0.0,0.0,0.0,0.0,0.0,0.0
2014-01-07,4150,4150,4150,4150,10,0.0,0.0,0.0,41500.0,0.0,0.0,0.0,41500.0,0.0,41500.0
2014-01-08,4150,4150,4150,4150,0,0.0,0.0,0.0,0.0,0.0,0.0,0.0,0.0,0.0,0.0
2014-01-09,4145,4145,4145,4145,0,-0.12048192771084339,0.0,0.0,0.0,0.0,0.0,0.0,0.0,0.0,0.0
2014-01-10,4145,4150,4145,4150,2620,0.12062726176115801,0.0,0.0,10864900.0,0.0,0.0,0.0,10864900.0,0.0,10864900.0
2014-01-13,4050,4050,4050,4050,500,-2.4096385542168677,0.0,0.0,2025000.0,0.0,0.0,0.0,2025000.0,0.0,2025000.0
2014-01-14,4050,4050,4050,4050,0,0.0,0.0,0.0,0.0,0.0,0.0,0.0,0.0,0.0,0.0
2014-01-15,4050,4050,4050,4050,0,0.0,0.0,0.0,0.0,0.0,0.0,0.0,0.0,0.0,0.0
2014-01-16,4050,4050,4050,4050,0,0.0,0.0,0.0,0.0,0.0,0.0,0.0,0.0,0.0,0.0
2014-01-17,4150,4150,4150,4150,80,2.4691358024691357,0.0,0.0,332000.0,0.0,0.0,0.0,332000.0,0.0,332000.0
2014-01-20,4145,4145,4145,4145,0,-0.12048192771084339,0.0,0.0,0.0,0.0,0.0,0.0,0.0,0.0,0.0
2014-01-21,4135,4135,4135,4135,0,-0.24125452352231602,0.0,0.0,0.0,0.0,0.0,0.0,0.0,0.0,0.0
2014-01-22,4050,4050,4050,4050,2000,-2.0556227327690446,0.0,0.0,8100000.0,0.0,0.0,0.0,8100000.0,0.0,8100000.0
2014-01-23,4150,4150,4150,4150,3730,2.4691358024691357,0.0,0.0,15479500.0,0.0,0.0,0.0,15479500.0,0.0,15479500.0
2014-01-24,4150,4150,4150,4150,410,0.0,0.0,0.0,1701500.0,0.0,0.0,0.0,1701500.0,0.0,1701500.0
2014-01-27,4050,4235,4050,4235,490,2.0481927710843375,0.0,0.0,1986350.0,0.0,0.0,0.0,1986350.0,0.0,1986350.0
2014-01-28,4195,4195,4195,4195,0,-0.9445100354191263,0.0,0.0,0.0,0.0,0.0,0.0,0.0,0.0,0.0
2014-01-29,4195,4195,4195,4195,0,0.0,0.0,0.0,0.0,0.0,0.0,0.0,0.0,0.0,0.0
2014-02-03,4195,4195,4195,4195,0,0.0,0.0,0.0,0.0,0.0,0.0,0.0,0.0,0.0,0.0
2014-02-04,4195,4195,4195,4195,0,0.0,0.0,0.0,0.0,0.0,0.0,0.0,0.0,0.0,0.0
2014-02-05,4185,4185,4185,4185,0,-0.23837902264600713,0.0,0.0,0.0,0.0,0.0,0.0,0.0,0.0,0.0
2014-02-06,4050,4050,4050,4050,1000,-3.225806451612903,0.0,0.0,4050000.0,0.0,0.0,0.0,4050000.0,0.0,4050000.0
2014-02-07,4080,4080,4080,4080,0,0.7407407407407408,0.0,0.0,0.0,0.0,0.0,0.0,0.0,0.0,0.0
2014-02-10,4185,4185,4185,4185,20,2.5735294117647056,0.0,0.0,83700.0,0.0,0.0,0.0,83700.0,0.0,83700.0
2014-02-11,4185,4185,4185,4185,0,0.0,0.0,0.0,0.0,0.0,0.0,0.0,0.0,0.0,0.0
2014-02-12,4225,4225,4225,4225,20,0.955794504181601,0.0,0.0,84500.0,0.0,0.0,0.0,84500.0,0.0,84500.0
2014-02-13,4220,4225,4220,4225,3420,0.0,0.0,0.0,14449300.0,0.0,0.0,0.0,14449300.0,0.0,14449300.0
2014-02-14,4170,4170,4170,4170,200,-1.301775147928994,0.0,0.0,834000.0,0.0,0.0,0.0,834000.0,0.0,834000.0
2014-02-17,4175,4175,4175,4175,0,0.1199040767386091,0.0,0.0,0.0,0.0,0.0,0.0,0.0,0.0,0.0
2014-02-18,4175,4175,4175,4175,0,0.0,0.0,0.0,0.0,0.0,0.0,0.0,0.0,0.0,0.0
2014-02-19,4175,4175,4175,4175,0,0.0,0.0,0.0,0.0,0.0,0.0,0.0,0.0,0.0,0.0
2014-02-20,4175,4175,4175,4175,0,0.0,0.0,0.0,0.0,0.0,0.0,0.0,0.0,0.0,0.0
2014-02-21,4175,4175,4175,4175,0,0.0,0.0,0.0,0.0,0.0,0.0,0.0,0.0,0.0,0.0
2014-02-24,4175,4175,4175,4175,0,0.0,0.0,0.0,0.0,0.0,0.0,0.0,0.0,0.0,0.0
2014-02-25,4175,4175,4175,4175,0,0.0,0.0,0.0,0.0,0.0,0.0,0.0,0.0,0.0,0.0
2014-02-26,4235,4250,4235,4240,1660,1.5568862275449102,0.0,0.0,7039750.0,0.0,0.0,0.0,7039750.0,0.0,7039750.0
2014-02-27,4200,4200,4200,4200,500,-0.9433962264150944,0.0,0.0,2100000.0,0.0,0.0,0.0,2100000.0,0.0,2100000.0
2014-02-28,4200,4200,4200,4200,0,0.0,0.0,0.0,0.0,0.0,0.0,0.0,0.0,0.0,0.0
2014-03-03,4200,4200,4200,4200,0,0.0,0.0,0.0,0.0,0.0,0.0,0.0,0.0,0.0,0.0
2014-03-04,4200,4200,4200,4200,100,0.0,0.0,0.0,420000.0,0.0,0.0,0.0,420000.0,0.0,420000.0
2014-03-05,4200,4200,4200,4200,0,0.0,0.0,0.0,0.0,0.0,0.0,0.0,0.0,0.0,0.0
2014-03-06,4300,4300,4250,4250,1930,1.1904761904761905,0.0,0.0,8254000.0,0.0,0.0,0.0,8254000.0,0.0,8254000.0
2014-03-07,4200,4200,4200,4200,300,-1.1764705882352942,0.0,0.0,1260000.0,0.0,0.0,0.0,1260000.0,0.0,1260000.0
2014-03-10,4200,4200,4200,4200,0,0.0,0.0,0.0,0.0,0.0,0.0,0.0,0.0,0.0,0.0
2014-03-11,4200,4200,4200,4200,1000,0.0,0.0,0.0,4200000.0,0.0,0.0,0.0,4200000.0,0.0,4200000.0
2014-03-12,4200,4200,4200,4200,300,0.0,0.0,0.0,1260000.0,0.0,0.0,0.0,1260000.0,0.0,1260000.0
2014-03-13,4200,4200,4200,4200,0,0.0,0.0,0.0,0.0,0.0,0.0,0.0,0.0,0.0,0.0
2014-03-14,4200,4200,4200,4200,0,0.0,0.0,0.0,0.0,0.0,0.0,0.0,0.0,0.0,0.0
2014-03-17,4250,4250,4250,4250,70,1.1904761904761905,0.0,0.0,297500.0,0.0,0.0,0.0,297500.0,0.0,297500.0
2014-03-18,4150,4200,4150,4200,2450,-1.1764705882352942,0.0,0.0,10225000.0,0.0,0.0,0.0,10225000.0,0.0,10225000.0
2014-03-19,4200,4200,4200,4200,0,0.0,0.0,0.0,0.0,0.0,0.0,0.0,0.0,0.0,0.0
2014-03-20,4010,4265,4010,4195,1380,-0.11904761904761905,0.0,0.0,5738600.0,0.0,0.0,0.0,5738600.0,0.0,5738600.0
2014-03-21,4015,4150,4015,4150,2460,-1.0727056019070322,0.0,0.0,10154700.0,0.0,0.0,0.0,10154700.0,0.0,10154700.0
2014-03-24,4100,4100,4100,4100,40,-1.2048192771084338,0.0,0.0,164000.0,0.0,0.0,0.0,164000.0,0.0,164000.0
2014-03-25,4100,4160,4100,4120,590,0.4878048780487805,0.0,0.0,2431500.0,0.0,0.0,0.0,2431500.0,0.0,2431500.0
2014-03-26,4120,4120,4120,4120,0,0.0,0.0,0.0,0.0,0.0,0.0,0.0,0.0,0.0,0.0
2014-03-27,4120,4120,4120,4120,0,0.0,0.0,0.0,0.0,0.0,0.0,0.0,0.0,0.0,0.0
2014-03-28,4195,4195,4195,4195,10,1.820388349514563,0.0,0.0,41950.0,0.0,0.0,0.0,41950.0,0.0,41950.0
2014-03-31,4195,4195,4195,4195,0,0.0,0.0,0.0,0.0,0.0,0.0,0.0,0.0,0.0,0.0
2014-04-01,4280,4280,4200,4200,20,0.11918951132300357,0.0,0.0,84800.0,0.0,0.0,0.0,84800.0,0.0,84800.0
2014-04-02,4270,4270,4270,4270,10,1.6666666666666667,0.0,0.0,42700.0,0.0,0.0,0.0,42700.0,0.0,42700.0
2014-04-03,4280,4280,4280,4280,10,0.234192037470726,0.0,0.0,42800.0,0.0,0.0,0.0,42800.0,0.0,42800.0
2014-04-04,4150,4150,4150,4150,0,-3.0373831775700935,0.0,0.0,0.0,0.0,0.0,0.0,0.0,0.0,0.0
2014-04-07,4265,4265,4010,4015,260,-3.2530120481927707,0.0,0.0,1045550.0,0.0,0.0,0.0,1045550.0,0.0,1045550.0
2014-04-08,4095,4095,4095,4095,100,1.9925280199252802,0.0,0.0,409500.0,0.0,0.0,0.0,409500.0,0.0,409500.0
2014-04-09,4100,4185,4050,4185,2090,2.197802197802198,0.0,0.0,8479700.0,0.0,0.0,0.0,8479700.0,0.0,8479700.0
2014-04-10,4150,4150,4150,4150,0,-0.8363201911589008,0.0,0.0,0.0,0.0,0.0,0.0,0.0,0.0,0.0
2014-04-11,4050,4185,4050,4185,510,0.8433734939759037,0.0,0.0,2066850.0,0.0,0.0,0.0,2066850.0,0.0,2066850.0
2014-04-14,4050,4055,4050,4050,3540,-3.225806451612903,0.0,0.0,14337500.0,0.0,0.0,0.0,14337500.0,0.0,14337500.0
2014-04-15,4050,4100,4050,4050,2560,0.0,0.0,0.0,10372750.0,0.0,0.0,0.0,10372750.0,0.0,10372750.0
2014-04-16,4050,4050,4050,4050,700,0.0,0.0,0.0,2835000.0,0.0,0.0,0.0,2835000.0,0.0,2835000.0
2014-04-17,4050,4050,4050,4050,0,0.0,0.0,0.0,0.0,0.0,0.0,0.0,0.0,0.0,0.0
2014-04-18,4030,4030,4030,4030,1200,-0.49382716049382713,0.0,0.0,4836000.0,0.0,0.0,0.0,4836000.0,0.0,4836000.0
2014-04-21,4065,4065,4065,4065,10,0.8684863523573202,0.0,0.0,40650.0,0.0,0.0,0.0,40650.0,0.0,40650.0
2014-04-22,4080,4080,4080,4080,10,0.36900369003690037,0.0,0.0,40800.0,0.0,0.0,0.0,40800.0,0.0,40800.0
2014-04-23,4060,4060,4060,4060,1400,-0.49019607843137253,0.0,0.0,5684000.0,0.0,0.0,0.0,5684000.0,0.0,5684000.0
2014-04-24,4035,4060,4035,4060,310,0.0,0.0,0.0,1251100.0,0.0,0.0,0.0,1251100.0,0.0,1251100.0
2014-04-25,4100,4100,4085,4095,1580,0.8620689655172413,0.0,0.0,6460450.0,0.0,0.0,0.0,6460450.0,0.0,6460450.0
2014-04-28,4095,4095,4095,4095,0,0.0,0.0,0.0,0.0,0.0,0.0,0.0,0.0,0.0,0.0
2014-04-29,4095,4095,4095,4095,190,0.0,0.0,0.0,778050.0,0.0,0.0,0.0,778050.0,0.0,778050.0
2014-04-30,4090,4090,4090,4090,0,-0.1221001221001221,0.0,0.0,0.0,0.0,0.0,0.0,0.0,0.0,0.0
2014-05-02,4070,4070,4070,4070,30,-0.4889975550122249,0.0,0.0,122100.0,0.0,0.0,0.0,122100.0,0.0,122100.0
2014-05-07,4070,4070,4070,4070,0,0.0,0.0,0.0,0.0,0.0,0.0,0.0,0.0,0.0,0.0
2014-05-08,4240,4240,4240,4240,10,4.176904176904177,0.0,0.0,42400.0,0.0,0.0,0.0,42400.0,0.0,42400.0
2014-05-09,4150,4150,4150,4150,0,-2.1226415094339623,0.0,0.0,0.0,0.0,0.0,0.0,0.0,0.0,0.0
2014-05-12,4050,4050,4050,4050,5300,-2.4096385542168677,0.0,0.0,21465000.0,0.0,0.0,0.0,21465000.0,0.0,21465000.0
2014-05-13,4050,4050,4050,4050,0,0.0,0.0,0.0,0.0,0.0,0.0,0.0,0.0,0.0,0.0
2014-05-14,4050,4050,4050,4050,0,0.0,0.0,0.0,0.0,0.0,0.0,0.0,0.0,0.0,0.0
2014-05-15,4185,4185,4050,4185,30,3.3333333333333335,0.0,0.0,124200.0,0.0,0.0,0.0,124200.0,0.0,124200.0
2014-05-16,4185,4185,4185,4185,0,0.0,0.0,0.0,0.0,0.0,0.0,0.0,0.0,0.0,0.0
2014-05-19,4185,4185,4185,4185,0,0.0,0.0,0.0,0.0,0.0,0.0,0.0,0.0,0.0,0.0
2014-05-20,4100,4100,4100,4100,1500,-2.031063321385902,0.0,0.0,6150000.0,0.0,0.0,0.0,6150000.0,0.0,6150000.0
2014-05-21,4185,4185,4185,4185,10,2.073170731707317,0.0,0.0,41850.0,0.0,0.0,0.0,41850.0,0.0,41850.0
2014-05-22,4185,4185,4185,4185,0,0.0,0.0,0.0,0.0,0.0,0.0,0.0,0.0,0.0,0.0
2014-05-23,4185,4185,4185,4185,0,0.0,0.0,0.0,0.0,0.0,0.0,0.0,0.0,0.0,0.0
2014-05-26,4070,4175,4070,4175,210,-0.23894862604540024,0.0,0.0,855750.0,0.0,0.0,0.0,855750.0,0.0,855750.0
2014-05-27,4150,4150,4150,4150,0,-0.5988023952095809,0.0,0.0,0.0,0.0,0.0,0.0,0.0,0.0,0.0
2014-05-28,4100,4100,4100,4100,840,-1.2048192771084338,0.0,0.0,3444000.0,0.0,0.0,0.0,3444000.0,0.0,3444000.0
2014-05-29,4050,4050,4050,4050,300,-1.2195121951219512,0.0,0.0,1215000.0,0.0,0.0,0.0,1215000.0,0.0,1215000.0
2014-05-30,4010,4165,4010,4165,40,2.8395061728395063,0.0,0.0,161950.0,0.0,0.0,0.0,161950.0,0.0,161950.0
2014-06-02,4100,4170,4100,4170,907,0.12004801920768307,0.0,0.0,3718780.0,0.0,24600.0,0.0,3694180.0,0.0,3718780.0
2014-06-03,4170,4170,4005,4145,3,-0.5995203836930456,0.0,0.0,12320.0,0.0,4005.0,0.0,8315.0,0.0,12320.0
2014-06-05,4135,4135,4135,4135,0,-0.24125452352231602,0.0,0.0,0.0,0.0,0.0,0.0,0.0,0.0,0.0
2014-06-09,4135,4135,4135,4135,0,0.0,0.0,0.0,0.0,0.0,0.0,0.0,0.0,0.0,0.0
2014-06-10,4125,4125,4125,4125,0,-0.24183796856106407,0.0,0.0,0.0,0.0,0.0,0.0,0.0,0.0,0.0
2014-06-11,4120,4120,4120,4120,0,-0.12121212121212122,0.0,0.0,0.0,0.0,0.0,0.0,0.0,0.0,0.0
2014-06-12,4015,4145,4015,4145,19,0.6067961165048543,0.0,0.0,76590.0,0.0,72445.0,0.0,4145.0,0.0,76590.0
2014-06-13,4100,4100,4050,4060,895,-2.0506634499396865,0.0,0.0,3641500.0,0.0,0.0,0.0,3641500.0,0.0,3641500.0
2014-06-16,4060,4060,4060,4060,0,0.0,0.0,0.0,0.0,0.0,0.0,0.0,0.0,0.0,0.0
2014-06-17,4140,4140,4100,4130,42,1.7241379310344827,0.0,0.0,172880.0,0.0,0.0,0.0,172880.0,0.0,172880.0
2014-06-18,4135,4135,4135,4135,1,0.12106537530266344,0.0,0.0,4135.0,0.0,0.0,0.0,4135.0,0.0,4135.0
2014-06-19,4100,4100,4100,4100,100,-0.8464328899637243,0.0,0.0,410000.0,0.0,0.0,0.0,410000.0,0.0,410000.0
2014-06-20,4100,4100,4100,4100,0,0.0,0.0,0.0,0.0,0.0,0.0,0.0,0.0,0.0,0.0
2014-06-23,4100,4100,4100,4100,0,0.0,0.0,0.0,0.0,0.0,0.0,0.0,0.0,0.0,0.0
2014-06-24,4140,4140,4140,4140,94,0.975609756097561,0.0,0.0,389160.0,0.0,0.0,0.0,389160.0,0.0,389160.0
2014-06-25,4050,4100,4050,4100,207,-0.966183574879227,0.0,0.0,848350.0,0.0,28350.0,0.0,820000.0,0.0,848350.0
2014-06-26,4100,4100,4100,4100,0,0.0,0.0,0.0,0.0,0.0,0.0,0.0,0.0,0.0,0.0
2014-06-27,4100,4100,4100,4100,800,0.0,0.0,0.0,3280000.0,0.0,0.0,0.0,3280000.0,0.0,3280000.0
2014-06-30,4100,4100,4100,4100,600,0.0,0.0,0.0,2460000.0,0.0,0.0,0.0,2460000.0,0.0,2460000.0
2014-07-01,4125,4125,4100,4100,301,0.0,0.0,0.0,1234125.0,0.0,0.0,0.0,1234125.0,0.0,1234125.0
2014-07-02,4130,4130,4130,4130,10,0.7317073170731708,0.0,0.0,41300.0,0.0,0.0,0.0,41300.0,0.0,41300.0
2014-07-03,4180,4220,4180,4220,1000,2.1791767554479415,0.0,0.0,4188000.0,0.0,0.0,0.0,4188000.0,0.0,4188000.0
2014-07-04,4260,4260,4260,4260,1,0.9478672985781991,0.0,0.0,4260.0,0.0,0.0,0.0,4260.0,0.0,4260.0
2014-07-07,4260,4260,4260,4260,0,0.0,0.0,0.0,0.0,0.0,0.0,0.0,0.0,0.0,0.0
2014-07-08,4280,4280,4100,4280,5002,0.4694835680751174,0.0,0.0,20510560.0,0.0,0.0,0.0,20510560.0,0.0,20510560.0
2014-07-09,4280,4280,4280,4280,0,0.0,0.0,0.0,0.0,0.0,0.0,0.0,0.0,0.0,0.0
2014-07-10,4250,4250,4250,4250,17000,-0.7009345794392523,0.0,0.0,72250000.0,0.0,0.0,0.0,72250000.0,0.0,72250000.0
2014-07-11,4250,4250,4250,4250,0,0.0,0.0,0.0,0.0,0.0,0.0,0.0,0.0,0.0,0.0
2014-07-14,4250,4250,4250,4250,0,0.0,0.0,0.0,0.0,0.0,0.0,0.0,0.0,0.0,0.0
2014-07-15,4250,4250,4250,4250,0,0.0,0.0,0.0,0.0,0.0,0.0,0.0,0.0,0.0,0.0
2014-07-16,4250,4250,4250,4250,0,0.0,0.0,0.0,0.0,0.0,0.0,0.0,0.0,0.0,0.0
2014-07-17,4250,4250,4250,4250,0,0.0,0.0,0.0,0.0,0.0,0.0,0.0,0.0,0.0,0.0
2014-07-18,4250,4250,4250,4250,0,0.0,0.0,0.0,0.0,0.0,0.0,0.0,0.0,0.0,0.0
2014-07-21,4250,4250,4250,4250,0,0.0,0.0,0.0,0.0,0.0,0.0,0.0,0.0,0.0,0.0
2014-07-22,4320,4320,4320,4320,3,1.647058823529412,0.0,0.0,12960.0,0.0,0.0,0.0,12960.0,0.0,12960.0
2014-07-23,4320,4320,4320,4320,0,0.0,0.0,0.0,0.0,0.0,0.0,0.0,0.0,0.0,0.0
2014-07-24,4320,4320,4320,4320,0,0.0,0.0,0.0,0.0,0.0,0.0,0.0,0.0,0.0,0.0
2014-07-25,4120,4345,4120,4345,28,0.5787037037037037,0.0,0.0,116035.0,0.0,0.0,0.0,116035.0,0.0,116035.0
2014-07-28,4345,4345,4345,4345,0,0.0,0.0,0.0,0.0,0.0,0.0,0.0,0.0,0.0,0.0
2014-07-29,4345,4345,4345,4345,0,0.0,0.0,0.0,0.0,0.0,0.0,0.0,0.0,0.0,0.0
2014-07-30,4345,4345,4345,4345,0,0.0,0.0,0.0,0.0,0.0,0.0,0.0,0.0,0.0,0.0
2014-07-31,4345,4345,4345,4345,0,0.0,0.0,0.0,0.0,0.0,0.0,0.0,0.0,0.0,0.0
2014-08-01,4345,4345,4345,4345,0,0.0,0.0,0.0,0.0,0.0,0.0,0.0,0.0,0.0,0.0
2014-08-04,4345,4345,4345,4345,0,0.0,0.0,0.0,0.0,0.0,0.0,0.0,0.0,0.0,0.0
2014-08-05,4345,4345,4345,4345,4,0.0,0.0,0.0,17380.0,0.0,0.0,0.0,17380.0,0.0,17380.0
2014-08-06,4345,4345,4345,4345,0,0.0,0.0,0.0,0.0,0.0,0.0,0.0,0.0,0.0,0.0
2014-08-07,4340,4340,4340,4340,6,-0.11507479861910241,0.0,0.0,26040.0,0.0,0.0,0.0,26040.0,0.0,26040.0
2014-08-08,4350,4350,4300,4340,124,0.0,0.0,0.0,533790.0,0.0,0.0,0.0,533790.0,0.0,533790.0
2014-08-11,4205,4350,4205,4350,2,0.2304147465437788,0.0,0.0,8555.0,0.0,0.0,0.0,8555.0,0.0,8555.0
2014-08-12,4350,4350,4350,4350,0,0.0,0.0,0.0,0.0,0.0,0.0,0.0,0.0,0.0,0.0
2014-08-13,4970,4970,4200,4335,59,-0.3448275862068966,0.0,0.0,252620.0,0.0,0.0,0.0,252620.0,0.0,252620.0
2014-08-14,4980,4980,4260,4485,121,3.4602076124567476,0.0,0.0,555710.0,0.0,0.0,0.0,555710.0,0.0,555710.0
2014-08-18,4345,4355,4345,4345,4511,-3.121516164994426,0.0,0.0,19622355.0,0.0,0.0,0.0,19622355.0,0.0,19622355.0
2014-08-19,4300,4390,4300,4390,934,1.0356731875719216,0.0,0.0,4016380.0,0.0,0.0,0.0,4016380.0,0.0,4016380.0
2014-08-20,4590,4590,4300,4300,2,-2.050113895216401,0.0,0.0,8890.0,0.0,0.0,0.0,8890.0,0.0,8890.0
2014-08-21,4420,4420,4420,4420,1,2.7906976744186047,0.0,0.0,4420.0,0.0,0.0,0.0,4420.0,0.0,4420.0
2014-08-22,4420,4420,4420,4420,0,0.0,0.0,0.0,0.0,0.0,0.0,0.0,0.0,0.0,0.0
2014-08-25,4420,4420,4420,4420,0,0.0,0.0,0.0,0.0,0.0,0.0,0.0,0.0,0.0,0.0
2014-08-26,4385,4420,4220,4220,5,-4.524886877828054,0.0,0.0,21630.0,0.0,0.0,0.0,21630.0,0.0,21630.0
2014-08-27,4430,4430,4205,4430,4,4.976303317535545,0.0,0.0,17495.0,0.0,0.0,0.0,17495.0,0.0,17495.0
2014-08-28,4460,4700,4460,4690,3375,5.8690744920993225,0.0,0.0,15826900.0,0.0,0.0,0.0,15826900.0,0.0,15826900.0
2014-08-29,4480,4480,4480,4480,0,-4.477611940298507,0.0,0.0,0.0,0.0,0.0,0.0,0.0,0.0,0.0
2014-09-01,4470,4475,4470,4475,35,-0.11160714285714285,0.0,0.0,156600.0,0.0,0.0,0.0,156600.0,0.0,156600.0
2014-09-02,4475,4475,4475,4475,0,0.0,0.0,0.0,0.0,0.0,0.0,0.0,0.0,0.0,0.0
2014-09-03,4475,4475,4475,4475,0,0.0,0.0,0.0,0.0,0.0,0.0,0.0,0.0,0.0,0.0
2014-09-04,4475,4475,4475,4475,0,0.0,0.0,0.0,0.0,0.0,0.0,0.0,0.0,0.0,0.0
2014-09-05,4340,4340,4310,4310,7,-3.687150837988827,0.0,0.0,30320.0,0.0,0.0,0.0,30320.0,0.0,30320.0
2014-09-11,4310,4310,4310,4310,0,0.0,0.0,0.0,0.0,0.0,0.0,0.0,0.0,0.0,0.0
2014-09-12,4420,4420,4215,4350,4488,0.9280742459396751,0.0,0.0,19389000.0,0.0,0.0,0.0,19389000.0,0.0,19389000.0
2014-09-15,4350,4350,4350,4350,0,0.0,0.0,0.0,0.0,0.0,0.0,0.0,0.0,0.0,0.0
2014-09-16,4450,4450,4450,4450,7,2.2988505747126435,0.0,0.0,31150.0,0.0,0.0,0.0,31150.0,0.0,31150.0
2014-09-17,4450,4450,4450,4450,0,0.0,0.0,0.0,0.0,0.0,0.0,0.0,0.0,0.0,0.0
2014-09-18,4460,4460,4460,4460,10,0.22471910112359553,0.0,0.0,44600.0,0.0,0.0,0.0,44600.0,0.0,44600.0
2014-09-19,4530,4530,4530,4530,1,1.5695067264573992,0.0,0.0,4530.0,0.0,0.0,0.0,4530.0,0.0,4530.0
2014-09-22,4700,4700,4420,4420,14,-2.4282560706401766,0.0,0.0,62160.0,0.0,0.0,0.0,62160.0,0.0,62160.0
2014-09-23,4460,4460,4320,4395,534,-0.5656108597285068,0.0,0.0,2315825.0,0.0,0.0,0.0,2315825.0,0.0,2315825.0
2014-09-24,4380,4380,4380,4380,1,-0.3412969283276451,0.0,0.0,4380.0,0.0,0.0,0.0,4380.0,0.0,4380.0
2014-09-25,4400,4400,4400,4400,0,0.45662100456621,0.0,0.0,0.0,0.0,0.0,0.0,0.0,0.0,0.0
2014-09-26,4430,4430,4430,4430,0,0.6818181818181818,0.0,0.0,0.0,0.0,0.0,0.0,0.0,0.0,0.0
2014-09-29,4510,4510,4510,4510,0,1.805869074492099,0.0,0.0,0.0,0.0,0.0,0.0,0.0,0.0,0.0
2014-09-30,4580,4580,4580,4580,1,1.5521064301552108,0.0,0.0,4580.0,0.0,0.0,0.0,4580.0,0.0,4580.0
2014-10-01,4390,4395,4390,4395,59,-4.039301310043668,0.0,0.0,259015.0,0.0,0.0,0.0,259015.0,0.0,259015.0
2014-10-02,4395,4450,4395,4450,669,1.2514220705346986,0.0,0.0,2973915.0,0.0,0.0,0.0,2973915.0,0.0,2973915.0
2014-10-06,4450,4450,4450,4450,45,0.0,0.0,0.0,200250.0,0.0,0.0,0.0,200250.0,0.0,200250.0
2014-10-07,4530,4530,4530,4530,1,1.7977528089887642,0.0,0.0,4530.0,0.0,0.0,0.0,4530.0,0.0,4530.0
2014-10-08,4400,4500,4260,4260,18002,-5.960264900662252,0.0,0.0,79208760.0,0.0,0.0,0.0,79208760.0,0.0,79208760.0
2014-10-10,4850,4850,4845,4850,353,13.849765258215962,0.0,0.0,1710295.0,0.0,0.0,0.0,1710295.0,0.0,1710295.0
2014-10-13,4465,4465,4465,4465,1,-7.9381443298969065,0.0,0.0,4465.0,0.0,0.0,0.0,4465.0,0.0,4465.0
2014-10-14,4465,4465,4465,4465,0,0.0,0.0,0.0,0.0,0.0,0.0,0.0,0.0,0.0,0.0
2014-10-15,4400,4400,4400,4400,1,-1.4557670772676372,0.0,0.0,4400.0,0.0,0.0,0.0,4400.0,0.0,4400.0
2014-10-16,4405,4405,4405,4405,0,0.11363636363636363,0.0,0.0,0.0,0.0,0.0,0.0,0.0,0.0,0.0
2014-10-17,4500,4500,4400,4405,50,0.0,0.0,0.0,223000.0,0.0,0.0,0.0,223000.0,0.0,223000.0
2014-10-20,4410,4410,4410,4410,0,0.11350737797956867,0.0,0.0,0.0,0.0,0.0,0.0,0.0,0.0,0.0
2014-10-21,4410,4410,4410,4410,1,0.0,0.0,0.0,4410.0,0.0,0.0,0.0,4410.0,0.0,4410.0
2014-10-22,4410,4410,4410,4410,0,0.0,0.0,0.0,0.0,0.0,0.0,0.0,0.0,0.0,0.0
2014-10-23,4410,4410,4410,4410,21,0.0,0.0,0.0,92610.0,0.0,0.0,0.0,92610.0,0.0,92610.0
2014-10-24,4450,4490,4450,4490,2141,1.8140589569160999,0.0,0.0,9529170.0,0.0,0.0,0.0,9529170.0,0.0,9529170.0
2014-10-27,4490,4490,4490,4490,0,0.0,0.0,0.0,0.0,0.0,0.0,0.0,0.0,0.0,0.0
2014-10-28,4490,4490,4490,4490,0,0.0,0.0,0.0,0.0,0.0,0.0,0.0,0.0,0.0,0.0
2014-10-29,4490,4490,4490,4490,630,0.0,0.0,0.0,2828700.0,0.0,0.0,0.0,2828700.0,0.0,2828700.0
2014-10-30,4490,4490,4490,4490,0,0.0,0.0,0.0,0.0,0.0,0.0,0.0,0.0,0.0,0.0
2014-10-31,4500,4500,4500,4500,1000,0.22271714922048996,0.0,0.0,4500000.0,0.0,0.0,0.0,4500000.0,0.0,4500000.0
2014-11-03,4500,4500,4440,4455,8720,-1.0,0.0,0.0,39012600.0,0.0,0.0,0.0,39012600.0,0.0,39012600.0
2014-11-04,4455,4455,4455,4455,351,0.0,0.0,0.0,1563705.0,0.0,0.0,0.0,1563705.0,0.0,1563705.0
2014-11-05,4500,4590,4500,4590,1001,3.0303030303030303,0.0,0.0,4504590.0,0.0,0.0,0.0,4504590.0,0.0,4504590.0
2014-11-06,4570,4570,4570,4570,0,-0.4357298474945534,0.0,0.0,0.0,0.0,0.0,0.0,0.0,0.0,0.0
2014-11-07,4570,4570,4570,4570,0,0.0,0.0,0.0,0.0,0.0,0.0,0.0,0.0,0.0,0.0
2014-11-10,4400,4600,4400,4600,6001,0.6564551422319475,0.0,0.0,27196350.0,0.0,0.0,0.0,27196350.0,0.0,27196350.0
2014-11-11,4590,4590,4590,4590,0,-0.21739130434782608,0.0,0.0,0.0,0.0,0.0,0.0,0.0,0.0,0.0
2014-11-12,4580,4580,4580,4580,0,-0.2178649237472767,0.0,0.0,0.0,0.0,0.0,0.0,0.0,0.0,0.0
2014-11-13,4580,4580,4580,4580,0,0.0,0.0,0.0,0.0,0.0,0.0,0.0,0.0,0.0,0.0
2014-11-14,4580,4580,4580,4580,79,0.0,0.0,0.0,361820.0,0.0,0.0,0.0,361820.0,0.0,361820.0
2014-11-17,4580,4580,4580,4580,0,0.0,0.0,0.0,0.0,0.0,0.0,0.0,0.0,0.0,0.0
2014-11-18,4580,4580,4580,4580,0,0.0,0.0,0.0,0.0,0.0,0.0,0.0,0.0,0.0,0.0
2014-11-19,4570,4570,4570,4570,26740,-0.21834061135371177,0.0,0.0,122201800.0,0.0,0.0,0.0,122201800.0,0.0,122201800.0
2014-11-20,4500,4500,4500,4500,500,-1.5317286652078774,0.0,0.0,2250000.0,0.0,0.0,0.0,2250000.0,0.0,2250000.0
2014-11-21,4500,4500,4500,4500,0,0.0,0.0,0.0,0.0,0.0,0.0,0.0,0.0,0.0,0.0
2014-11-24,4510,4510,4510,4510,0,0.2222222222222222,0.0,0.0,0.0,0.0,0.0,0.0,0.0,0.0,0.0
2014-11-25,4590,4590,4590,4590,500,1.7738359201773837,0.0,0.0,2295000.0,0.0,0.0,0.0,2295000.0,0.0,2295000.0
2014-11-26,4590,4590,4590,4590,0,0.0,0.0,0.0,0.0,0.0,0.0,0.0,0.0,0.0,0.0
2014-11-27,4450,4450,4450,4450,1401,-3.0501089324618738,0.0,0.0,6234450.0,0.0,0.0,0.0,6234450.0,0.0,6234450.0
2014-11-28,4450,4450,4450,4450,2049,0.0,0.0,0.0,9118050.0,0.0,0.0,0.0,9118050.0,0.0,9118050.0
2014-12-01,4450,4450,4450,4450,0,0.0,0.0,0.0,0.0,0.0,0.0,0.0,0.0,0.0,0.0
2014-12-02,4500,4500,4500,4500,500,1.1235955056179776,0.0,0.0,2250000.0,0.0,0.0,0.0,2250000.0,0.0,2250000.0
2014-12-03,4500,4500,4355,4370,47,-2.888888888888889,0.0,0.0,211225.0,0.0,0.0,0.0,211225.0,0.0,211225.0
2014-12-04,4400,4400,4400,4400,0,0.6864988558352403,0.0,0.0,0.0,0.0,0.0,0.0,0.0,0.0,0.0
2014-12-05,4500,4500,4500,4500,700,2.272727272727273,0.0,0.0,3150000.0,0.0,0.0,0.0,3150000.0,0.0,3150000.0
2014-12-08,4500,4500,4500,4500,0,0.0,0.0,0.0,0.0,0.0,0.0,0.0,0.0,0.0,0.0
2014-12-09,4450,4450,4450,4450,2000,-1.1111111111111112,0.0,0.0,8900000.0,0.0,0.0,0.0,8900000.0,0.0,8900000.0
2014-12-10,4550,4550,4550,4550,1,2.247191011235955,0.0,0.0,4550.0,0.0,0.0,0.0,4550.0,0.0,4550.0
2014-12-11,4550,4550,4500,4500,2594,-1.098901098901099,0.0,0.0,11692700.0,0.0,0.0,0.0,11692700.0,0.0,11692700.0
2014-12-12,4550,4550,4550,4550,9,1.1111111111111112,0.0,0.0,40950.0,0.0,0.0,0.0,40950.0,0.0,40950.0
2014-12-15,4530,4530,4500,4500,1297,-1.098901098901099,0.0,0.0,5860410.0,0.0,0.0,0.0,5860410.0,0.0,5860410.0
2014-12-16,4500,4500,4500,4500,0,0.0,0.0,0.0,0.0,0.0,0.0,0.0,0.0,0.0,0.0
2014-12-17,4355,4560,4355,4560,6004,1.3333333333333335,0.0,0.0,27309535.0,0.0,0.0,0.0,27309535.0,0.0,27309535.0
2014-12-18,4555,4560,4555,4555,2802,-0.10964912280701754,0.0,0.0,12775610.0,0.0,0.0,0.0,12775610.0,0.0,12775610.0
2014-12-19,4400,4555,4400,4500,6823,-1.2074643249176729,0.0,0.0,30329715.0,0.0,0.0,0.0,30329715.0,0.0,30329715.0
2014-12-22,4590,4590,4590,4590,1,2.0,0.0,0.0,4590.0,0.0,0.0,0.0,4590.0,0.0,4590.0
2014-12-23,4590,4590,4550,4550,4370,-0.8714596949891068,0.0,0.0,19974060.0,0.0,0.0,0.0,19974060.0,0.0,19974060.0
2014-12-24,4550,4550,4550,4550,0,0.0,0.0,0.0,0.0,0.0,0.0,0.0,0.0,0.0,0.0
2014-12-26,4630,4630,4630,4630,1,1.7582417582417582,0.0,0.0,4630.0,0.0,0.0,0.0,4630.0,0.0,4630.0
2014-12-29,4650,4650,4650,4650,2300,0.4319654427645789,0.0,0.0,10695000.0,0.0,0.0,0.0,10695000.0,0.0,10695000.0
2014-12-30,4650,4650,4650,4650,4000,0.0,0.0,0.0,18600000.0,0.0,0.0,0.0,18600000.0,0.0,18600000.0
2015-01-02,4600,4600,4600,4600,3854,-1.0752688172043012,0.0,0.0,17728400.0,0.0,0.0,0.0,17728400.0,0.0,17728400.0
2015-01-05,4600,4600,4600,4600,0,0.0,0.0,0.0,0.0,0.0,0.0,0.0,0.0,0.0,0.0
2015-01-06,4450,4550,4450,4550,3310,-1.0869565217391304,0.0,0.0,14790500.0,0.0,0.0,0.0,14790500.0,0.0,14790500.0
2015-01-07,4640,4640,4640,4640,1,1.9780219780219779,0.0,0.0,4640.0,0.0,0.0,0.0,4640.0,0.0,4640.0
2015-01-08,4640,4640,4640,4640,0,0.0,0.0,0.0,0.0,0.0,0.0,0.0,0.0,0.0,0.0
2015-01-09,4640,4640,4640,4640,0,0.0,0.0,0.0,0.0,0.0,0.0,0.0,0.0,0.0,0.0
2015-01-12,4645,4650,4645,4650,2544,0.21551724137931033,0.0,0.0,11829550.0,0.0,0.0,0.0,11829550.0,0.0,11829550.0
2015-01-13,4650,4650,4650,4650,2000,0.0,0.0,0.0,9300000.0,0.0,0.0,0.0,9300000.0,0.0,9300000.0
2015-01-14,4650,4670,4555,4670,13016,0.43010752688172044,0.0,0.0,60476495.0,0.0,0.0,0.0,60476495.0,0.0,60476495.0
2015-01-15,4670,4675,4670,4675,4869,0.10706638115631692,0.0,0.0,22742075.0,0.0,0.0,0.0,22742075.0,0.0,22742075.0
2015-01-16,4700,4700,4670,4680,21500,0.10695187165775401,0.0,0.0,100640000.0,0.0,0.0,0.0,100640000.0,0.0,100640000.0
2015-01-19,4675,4680,4675,4680,39850,0.0,0.0,0.0,186460500.0,0.0,0.0,0.0,186460500.0,0.0,186460500.0
2015-01-20,4680,4680,4680,4680,0,0.0,0.0,0.0,0.0,0.0,0.0,0.0,0.0,0.0,0.0
2015-01-21,4700,4700,4700,4700,3882,0.4273504273504274,0.0,0.0,18245400.0,0.0,0.0,0.0,18245400.0,0.0,18245400.0
2015-01-22,4700,4700,4700,4700,0,0.0,0.0,0.0,0.0,0.0,0.0,0.0,0.0,0.0,0.0
2015-01-23,4700,4720,4700,4720,3927,0.425531914893617,0.0,0.0,18466900.0,0.0,0.0,0.0,18466900.0,0.0,18466900.0
2015-01-26,4720,4720,4720,4720,3490,0.0,0.0,0.0,16472800.0,0.0,0.0,0.0,16472800.0,0.0,16472800.0
2015-01-27,4735,4750,4735,4750,6868,0.6355932203389831,0.0,0.0,32573000.0,0.0,0.0,0.0,32573000.0,0.0,32573000.0
2015-01-28,4765,4770,4765,4770,1500,0.42105263157894735,0.0,0.0,7150000.0,0.0,0.0,0.0,7150000.0,0.0,7150000.0
2015-01-29,4780,4780,4780,4780,346,0.20964360587002098,0.0,0.0,1653880.0,0.0,0.0,0.0,1653880.0,0.0,1653880.0
2015-01-30,4805,4805,4805,4805,3000,0.5230125523012552,0.0,0.0,14415000.0,0.0,0.0,0.0,14415000.0,0.0,14415000.0
2015-02-02,4820,4820,4820,4820,2700,0.31217481789802287,0.0,0.0,13014000.0,0.0,0.0,0.0,13014000.0,0.0,13014000.0
2015-02-03,4710,4820,4710,4820,3682,0.0,0.0,0.0,17637040.0,0.0,0.0,0.0,17637040.0,0.0,17637040.0
2015-02-04,4710,4830,4710,4830,11998,0.2074688796680498,0.0,0.0,57765340.0,0.0,0.0,0.0,57765340.0,0.0,57765340.0
2015-02-05,4840,4850,4840,4850,5300,0.4140786749482402,0.0,0.0,25682480.0,0.0,0.0,0.0,25682480.0,0.0,25682480.0
2015-02-06,4850,4870,4850,4870,11002,0.4123711340206186,0.0,0.0,53455700.0,0.0,0.0,0.0,53455700.0,0.0,53455700.0
2015-02-09,4830,4890,4830,4880,10709,0.20533880903490762,0.0,0.0,31679720.0,20445950.0,0.0,0.0,52125670.0,0.0,52125670.0
2015-02-10,4880,4880,4825,4880,7502,0.0,0.0,0.0,22979860.0,13629840.0,0.0,0.0,36609700.0,0.0,36609700.0
2015-02-11,4945,4945,4900,4900,3002,0.4098360655737705,0.0,0.0,9845.0,14700000.0,0.0,0.0,14709845.0,0.0,14709845.0
2015-02-12,4910,4940,4910,4940,10850,0.8163265306122449,0.0,0.0,53336730.0,0.0,0.0,0.0,53336730.0,0.0,53336730.0
2015-02-13,4950,4960,4950,4950,12501,0.20242914979757085,0.0,0.0,61884950.0,0.0,0.0,0.0,61884950.0,0.0,61884950.0
2015-02-16,4950,4955,4950,4955,22009,0.10101010101010101,0.0,0.0,109037050.0,0.0,0.0,0.0,109037050.0,0.0,109037050.0
2015-02-17,4970,4970,4970,4970,1,0.30272452068617556,0.0,0.0,4970.0,0.0,0.0,0.0,4970.0,0.0,4970.0
2015-02-23,4965,4980,4965,4980,7500,0.2012072434607646,0.0,0.0,37292500.0,0.0,0.0,0.0,37292500.0,0.0,37292500.0
2015-02-24,4830,4980,4825,4980,7806,0.0,0.0,0.0,38026160.0,0.0,0.0,0.0,38026160.0,0.0,38026160.0
2015-02-25,4955,4955,4955,4955,0,-0.5020080321285141,0.0,0.0,0.0,0.0,0.0,0.0,0.0,0.0,0.0
2015-02-26,4955,4955,4955,4955,0,0.0,0.0,0.0,0.0,0.0,0.0,0.0,0.0,0.0,0.0
2015-02-27,4955,4955,4955,4955,0,0.0,0.0,0.0,0.0,0.0,0.0,0.0,0.0,0.0,0.0
2015-03-02,4975,4975,4965,4965,501,0.20181634712411706,0.0,0.0,2487475.0,0.0,0.0,0.0,2487475.0,0.0,2487475.0
2015-03-03,4965,4965,4965,4965,0,0.0,0.0,0.0,0.0,0.0,0.0,0.0,0.0,0.0,0.0
2015-03-04,4965,4965,4965,4965,0,0.0,0.0,0.0,0.0,0.0,0.0,0.0,0.0,0.0,0.0
2015-03-05,4965,4965,4965,4965,0,0.0,0.0,0.0,0.0,0.0,0.0,0.0,0.0,0.0,0.0
2015-03-06,4965,4965,4965,4965,0,0.0,0.0,0.0,0.0,0.0,0.0,0.0,0.0,0.0,0.0
2015-03-09,4965,4965,4965,4965,0,0.0,0.0,0.0,0.0,0.0,0.0,0.0,0.0,0.0,0.0
2015-03-10,4960,4960,4960,4960,1000,-0.10070493454179255,0.0,0.0,4960000.0,0.0,0.0,0.0,4960000.0,0.0,4960000.0
2015-03-11,5000,5000,5000,5000,100,0.8064516129032258,0.0,0.0,500000.0,0.0,0.0,0.0,500000.0,0.0,500000.0
2015-03-12,5020,5020,5020,5020,1601,0.4,0.0,0.0,8037020.0,0.0,0.0,0.0,8037020.0,0.0,8037020.0
2015-03-13,5020,5020,5020,5020,0,0.0,0.0,0.0,0.0,0.0,0.0,0.0,0.0,0.0,0.0
2015-03-16,5020,5020,5020,5020,300,0.0,0.0,0.0,1506000.0,0.0,0.0,0.0,1506000.0,0.0,1506000.0
2015-03-17,4930,5020,4930,5020,4500,0.0,0.0,0.0,22455000.0,0.0,0.0,0.0,22455000.0,0.0,22455000.0
2015-03-18,5030,5030,5030,5030,365,0.199203187250996,0.0,0.0,1835950.0,0.0,0.0,0.0,1835950.0,0.0,1835950.0
2015-03-19,5020,5020,5020,5020,0,-0.19880715705765406,0.0,0.0,0.0,0.0,0.0,0.0,0.0,0.0,0.0
2015-03-20,4975,4975,4975,4975,4,-0.8964143426294822,0.0,0.0,19900.0,0.0,0.0,0.0,19900.0,0.0,19900.0
2015-03-23,5020,5020,5020,5020,180,0.9045226130653266,0.0,0.0,903600.0,0.0,0.0,0.0,903600.0,0.0,903600.0
2015-03-24,4920,5040,4920,5040,3819,0.398406374501992,0.0,0.0,18893760.0,0.0,0.0,0.0,18893760.0,0.0,18893760.0
2015-03-25,5040,5040,5040,5040,9500,0.0,0.0,0.0,47880000.0,0.0,0.0,0.0,47880000.0,0.0,47880000.0
2015-03-26,5040,5040,5040,5040,0,0.0,0.0,0.0,0.0,0.0,0.0,0.0,0.0,0.0,0.0
2015-03-27,5060,5060,4965,4965,1500,-1.488095238095238,0.0,0.0,7495000.0,0.0,0.0,0.0,7495000.0,0.0,7495000.0
2015-03-30,5060,5060,5060,5060,500,1.9133937562940584,0.0,0.0,2530000.0,0.0,0.0,0.0,2530000.0,0.0,2530000.0
2015-03-31,5080,5080,5030,5030,8697,-0.592885375494071,0.0,0.0,43795910.0,0.0,0.0,0.0,43795910.0,0.0,43795910.0
2015-04-01,5030,5030,5030,5030,0,0.0,0.0,0.0,0.0,0.0,0.0,0.0,0.0,0.0,0.0
2015-04-02,5030,5030,5030,5030,0,0.0,0.0,0.0,0.0,0.0,0.0,0.0,0.0,0.0,0.0
2015-04-03,5030,5030,5030,5030,0,0.0,0.0,0.0,0.0,0.0,0.0,0.0,0.0,0.0,0.0
2015-04-06,5030,5030,5030,5030,0,0.0,0.0,0.0,0.0,0.0,0.0,0.0,0.0,0.0,0.0
2015-04-07,5030,5030,5030,5030,0,0.0,0.0,0.0,0.0,0.0,0.0,0.0,0.0,0.0,0.0
2015-04-08,5030,5030,5030,5030,0,0.0,0.0,0.0,0.0,0.0,0.0,0.0,0.0,0.0,0.0
2015-04-09,5000,5040,4955,4990,16797,-0.7952286282306162,0.0,0.0,83833750.0,0.0,0.0,0.0,83833750.0,0.0,83833750.0
2015-04-10,5080,5080,5080,5080,3055,1.8036072144288577,0.0,0.0,15519400.0,0.0,0.0,0.0,15519400.0,0.0,15519400.0
2015-04-13,5090,5090,5080,5080,1045,0.0,0.0,0.0,5318600.0,0.0,0.0,0.0,5318600.0,0.0,5318600.0
2015-04-14,5080,5080,5080,5080,0,0.0,0.0,0.0,0.0,0.0,0.0,0.0,0.0,0.0,0.0
2015-04-15,5020,5020,4910,4910,6000,-3.346456692913386,0.0,0.0,29505110.0,0.0,0.0,0.0,29505110.0,0.0,29505110.0
2015-04-16,5000,5000,5000,5000,0,1.8329938900203666,0.0,0.0,0.0,0.0,0.0,0.0,0.0,0.0,0.0
2015-04-17,4950,4950,4950,4950,2000,-1.0,0.0,0.0,9900000.0,0.0,0.0,0.0,9900000.0,0.0,9900000.0
2015-04-20,5000,5000,5000,5000,0,1.0101010101010102,0.0,0.0,0.0,0.0,0.0,0.0,0.0,0.0,0.0
2015-04-21,5110,5110,5110,5110,231,2.1999999999999997,0.0,0.0,1180410.0,0.0,0.0,0.0,1180410.0,0.0,1180410.0
2015-04-22,5110,5110,5110,5110,0,0.0,0.0,0.0,0.0,0.0,0.0,0.0,0.0,0.0,0.0
2015-04-23,5110,5110,5110,5110,0,0.0,0.0,0.0,0.0,0.0,0.0,0.0,0.0,0.0,0.0
2015-04-24,5110,5110,5110,5110,0,0.0,0.0,0.0,0.0,0.0,0.0,0.0,0.0,0.0,0.0
2015-04-27,4970,5100,4970,5010,8051,-1.9569471624266144,0.0,0.0,40150010.0,0.0,0.0,0.0,40150010.0,0.0,40150010.0
2015-04-28,5010,5110,5010,5110,8650,1.996007984031936,0.0,0.0,43346500.0,0.0,0.0,0.0,43346500.0,0.0,43346500.0
2015-04-29,4955,4970,4955,4970,5755,-2.73972602739726,0.0,0.0,28564850.0,0.0,0.0,0.0,28564850.0,0.0,28564850.0
2015-04-30,5010,5010,5010,5010,100,0.8048289738430584,0.0,0.0,501000.0,0.0,0.0,0.0,501000.0,0.0,501000.0
2015-05-04,5010,5010,5010,5010,0,0.0,0.0,0.0,0.0,0.0,0.0,0.0,0.0,0.0,0.0
2015-05-06,5010,5010,5010,5010,0,0.0,0.0,0.0,0.0,0.0,0.0,0.0,0.0,0.0,0.0
2015-05-07,5130,5130,5130,5130,1,2.3952095808383236,0.0,0.0,5130.0,0.0,0.0,0.0,5130.0,0.0,5130.0
2015-05-08,5120,5120,5120,5120,17,-0.1949317738791423,0.0,0.0,87040.0,0.0,0.0,0.0,87040.0,0.0,87040.0
2015-05-11,5120,5120,5120,5120,1,0.0,0.0,0.0,5120.0,0.0,0.0,0.0,5120.0,0.0,5120.0
2015-05-12,5120,5120,5120,5120,0,0.0,0.0,0.0,0.0,0.0,0.0,0.0,0.0,0.0,0.0
2015-05-13,5100,5120,4960,5120,5556,0.0,0.0,0.0,27995230.0,0.0,0.0,0.0,27995230.0,0.0,27995230.0
2015-05-14,5010,5010,5010,5010,927,-2.1484375,0.0,0.0,4644270.0,0.0,0.0,0.0,4644270.0,0.0,4644270.0
2015-05-15,5010,5010,5010,5010,0,0.0,0.0,0.0,0.0,0.0,0.0,0.0,0.0,0.0,0.0
2015-05-18,5010,5010,5010,5010,0,0.0,0.0,0.0,0.0,0.0,0.0,0.0,0.0,0.0,0.0
2015-05-19,5010,5010,5010,5010,0,0.0,0.0,0.0,0.0,0.0,0.0,0.0,0.0,0.0,0.0
2015-05-20,5010,5010,5010,5010,0,0.0,0.0,0.0,0.0,0.0,0.0,0.0,0.0,0.0,0.0
2015-05-21,5110,5110,5110,5110,1690,1.996007984031936,0.0,0.0,8635900.0,0.0,0.0,0.0,8635900.0,0.0,8635900.0
2015-05-22,5030,5030,5030,5030,1,-1.5655577299412915,0.0,0.0,5030.0,0.0,0.0,0.0,5030.0,0.0,5030.0
2015-05-26,5040,5040,5040,5040,0,0.19880715705765406,0.0,0.0,0.0,0.0,0.0,0.0,0.0,0.0,0.0
2015-05-27,5020,5020,5020,5020,8,-0.3968253968253968,0.0,0.0,40160.0,0.0,0.0,0.0,40160.0,0.0,40160.0
2015-05-28,5020,5020,5020,5020,1,0.0,0.0,0.0,5020.0,0.0,0.0,0.0,5020.0,0.0,5020.0
2015-05-29,5030,5030,5030,5030,2000,0.199203187250996,0.0,0.0,10060000.0,0.0,0.0,0.0,10060000.0,0.0,10060000.0
2015-06-01,5030,5030,5030,5030,0,0.0,0.0,0.0,0.0,0.0,0.0,0.0,0.0,0.0,0.0
2015-06-02,5030,5030,5030,5030,0,0.0,0.0,0.0,0.0,0.0,0.0,0.0,0.0,0.0,0.0
2015-06-03,5090,5090,5080,5090,400,1.1928429423459244,0.0,0.0,2035960.0,0.0,0.0,0.0,2035960.0,0.0,2035960.0
2015-06-04,5130,5130,5130,5130,1,0.7858546168958742,0.0,0.0,5130.0,0.0,0.0,0.0,5130.0,0.0,5130.0
2015-06-05,5100,5100,5090,5090,2060,-0.7797270955165692,0.0,0.0,10505400.0,0.0,0.0,0.0,10505400.0,0.0,10505400.0
2015-06-08,5090,5090,5090,5090,0,0.0,0.0,0.0,0.0,0.0,0.0,0.0,0.0,0.0,0.0
2015-06-09,5100,5100,5100,5100,4016,0.19646365422396855,0.0,0.0,20481600.0,0.0,0.0,0.0,20481600.0,0.0,20481600.0
2015-06-10,5110,5110,5110,5110,604,0.19607843137254902,0.0,0.0,3086440.0,0.0,0.0,0.0,3086440.0,0.0,3086440.0
2015-06-11,5130,5130,5130,5130,1000,0.3913894324853229,0.0,0.0,5130000.0,0.0,0.0,0.0,5130000.0,0.0,5130000.0
2015-06-12,5130,5130,5130,5130,3600,0.0,0.0,0.0,18468000.0,0.0,0.0,0.0,18468000.0,0.0,18468000.0
2015-06-15,5030,5100,5030,5100,2600,-0.5847953216374269,0.0,0.0,13155000.0,0.0,0.0,0.0,13155000.0,0.0,13155000.0
2015-06-16,5100,5110,5100,5110,9501,0.19607843137254902,0.0,0.0,48465100.0,0.0,0.0,0.0,48465100.0,0.0,48465100.0
2015-06-17,5130,5130,5100,5100,700,-0.19569471624266144,0.0,0.0,3585000.0,0.0,0.0,0.0,3585000.0,0.0,3585000.0
2015-06-18,5140,5140,5140,5140,1000,0.7843137254901961,0.0,0.0,5140000.0,0.0,0.0,0.0,5140000.0,0.0,5140000.0
2015-06-19,5140,5140,5140,5140,0,0.0,0.0,0.0,0.0,0.0,0.0,0.0,0.0,0.0,0.0
2015-06-22,5130,5130,5130,5130,0,-0.19455252918287938,0.0,0.0,0.0,0.0,0.0,0.0,0.0,0.0,0.0
2015-06-23,5040,5040,5040,5040,1,-1.7543859649122806,0.0,0.0,5040.0,0.0,0.0,0.0,5040.0,0.0,5040.0
2015-06-24,5130,5130,5100,5100,1073,1.1904761904761905,0.0,0.0,5495490.0,0.0,0.0,0.0,5495490.0,0.0,5495490.0
2015-06-25,5100,5100,5100,5100,1000,0.0,0.0,0.0,5100000.0,0.0,0.0,0.0,5100000.0,0.0,5100000.0
2015-06-26,5100,5100,5100,5100,3800,0.0,0.0,0.0,19380000.0,0.0,0.0,0.0,19380000.0,0.0,19380000.0
2015-06-29,5100,5100,5100,5100,1000,0.0,0.0,0.0,5100000.0,0.0,0.0,0.0,5100000.0,0.0,5100000.0
2015-06-30,5100,5100,5100,5100,7,0.0,0.0,0.0,35700.0,0.0,0.0,0.0,35700.0,0.0,35700.0
2015-07-01,5100,5120,5100,5120,260,0.39215686274509803,0.0,0.0,1330000.0,0.0,0.0,0.0,1330000.0,0.0,1330000.0
2015-07-02,5100,5100,5100,5100,10250,-0.390625,0.0,0.0,52275000.0,0.0,0.0,0.0,52275000.0,0.0,52275000.0
2015-07-03,5100,5100,5100,5100,3150,0.0,0.0,0.0,16065000.0,0.0,0.0,0.0,16065000.0,0.0,16065000.0
2015-07-06,5100,5100,5100,5100,0,0.0,0.0,0.0,0.0,0.0,0.0,0.0,0.0,0.0,0.0
2015-07-07,5100,5100,5100,5100,0,0.0,0.0,0.0,0.0,0.0,0.0,0.0,0.0,0.0,0.0
2015-07-08,5100,5100,5100,5100,0,0.0,0.0,0.0,0.0,0.0,0.0,0.0,0.0,0.0,0.0
2015-07-09,5100,5100,5100,5100,0,0.0,0.0,0.0,0.0,0.0,0.0,0.0,0.0,0.0,0.0
2015-07-10,5100,5100,5100,5100,0,0.0,0.0,0.0,0.0,0.0,0.0,0.0,0.0,0.0,0.0
2015-07-13,5100,5100,5100,5100,0,0.0,0.0,0.0,0.0,0.0,0.0,0.0,0.0,0.0,0.0
2015-07-14,5100,5100,5100,5100,0,0.0,0.0,0.0,0.0,0.0,0.0,0.0,0.0,0.0,0.0
2015-07-15,5100,5100,5100,5100,0,0.0,0.0,0.0,0.0,0.0,0.0,0.0,0.0,0.0,0.0
2015-07-16,5100,5100,5100,5100,0,0.0,0.0,0.0,0.0,0.0,0.0,0.0,0.0,0.0,0.0
2015-07-17,5100,5100,5100,5100,0,0.0,0.0,0.0,0.0,0.0,0.0,0.0,0.0,0.0,0.0
2015-07-20,5100,5100,5100,5100,0,0.0,0.0,0.0,0.0,0.0,0.0,0.0,0.0,0.0,0.0
2015-07-21,5100,5100,5100,5100,0,0.0,0.0,0.0,0.0,0.0,0.0,0.0,0.0,0.0,0.0
2015-07-22,5100,5100,5100,5100,0,0.0,0.0,0.0,0.0,0.0,0.0,0.0,0.0,0.0,0.0
2015-07-23,5110,5110,5110,5110,50,0.19607843137254902,0.0,0.0,255500.0,0.0,0.0,0.0,255500.0,0.0,255500.0
2015-07-24,5120,5120,5120,5120,0,0.19569471624266144,0.0,0.0,0.0,0.0,0.0,0.0,0.0,0.0,0.0
2015-07-27,5120,5120,5120,5120,100,0.0,0.0,0.0,512000.0,0.0,0.0,0.0,512000.0,0.0,512000.0
2015-07-28,5120,5120,5120,5120,0,0.0,0.0,0.0,0.0,0.0,0.0,0.0,0.0,0.0,0.0
2015-07-29,5120,5120,5120,5120,0,0.0,0.0,0.0,0.0,0.0,0.0,0.0,0.0,0.0,0.0
2015-07-30,5120,5120,5120,5120,0,0.0,0.0,0.0,0.0,0.0,0.0,0.0,0.0,0.0,0.0
2015-07-31,5050,5050,5050,5050,20,-1.3671875,0.0,0.0,101000.0,0.0,0.0,0.0,101000.0,0.0,101000.0
2015-08-03,5050,5050,5050,5050,0,0.0,0.0,0.0,0.0,0.0,0.0,0.0,0.0,0.0,0.0
2015-08-04,5100,5100,5100,5100,1500,0.9900990099009901,0.0,0.0,7650000.0,0.0,0.0,0.0,7650000.0,0.0,7650000.0
2015-08-05,5100,5100,5100,5100,0,0.0,0.0,0.0,0.0,0.0,0.0,0.0,0.0,0.0,0.0
2015-08-06,5100,5100,5100,5100,0,0.0,0.0,0.0,0.0,0.0,0.0,0.0,0.0,0.0,0.0
2015-08-07,5040,5100,5040,5100,55,0.0,0.0,0.0,277260.0,0.0,0.0,0.0,277260.0,0.0,277260.0
2015-08-10,5100,5100,5100,5100,0,0.0,0.0,0.0,0.0,0.0,0.0,0.0,0.0,0.0,0.0
2015-08-11,5100,5100,5100,5100,12000,0.0,0.0,0.0,61200000.0,0.0,0.0,0.0,61200000.0,0.0,61200000.0
2015-08-12,5100,5100,5040,5100,25970,0.0,0.0,0.0,132442800.0,0.0,0.0,0.0,132442800.0,0.0,132442800.0
2015-08-13,5010,5060,5010,5060,5011,-0.7843137254901961,0.0,0.0,25105560.0,0.0,0.0,0.0,25105560.0,0.0,25105560.0
2015-08-17,5050,5060,5050,5060,5245,0.0,0.0,0.0,26487750.0,0.0,0.0,0.0,26487750.0,0.0,26487750.0
2015-08-18,5060,5060,5060,5060,0,0.0,0.0,0.0,0.0,0.0,0.0,0.0,0.0,0.0,0.0
2015-08-19,5020,5020,5020,5020,469,-0.7905138339920948,0.0,0.0,2354380.0,0.0,0.0,0.0,2354380.0,0.0,2354380.0
2015-08-20,5020,5050,5020,5040,780,0.398406374501992,0.0,0.0,3929800.0,0.0,0.0,0.0,3929800.0,0.0,3929800.0
2015-08-21,5050,5070,5040,5040,824,0.0,0.0,0.0,4166800.0,0.0,0.0,0.0,4166800.0,0.0,4166800.0
2015-08-24,5050,5080,5040,5050,2277,0.1984126984126984,0.0,0.0,11508960.0,0.0,0.0,0.0,11508960.0,0.0,11508960.0
2015-08-25,5050,5080,5050,5080,990,0.594059405940594,0.0,0.0,5027810.0,0.0,0.0,0.0,5027810.0,0.0,5027810.0
2015-08-26,5030,5030,5030,5030,0,-0.984251968503937,0.0,0.0,0.0,0.0,0.0,0.0,0.0,0.0,0.0
2015-08-27,5030,5030,5020,5020,29,-0.19880715705765406,0.0,0.0,145670.0,0.0,0.0,0.0,145670.0,0.0,145670.0
2015-08-28,5020,5020,5020,5020,20,0.0,0.0,0.0,100400.0,0.0,0.0,0.0,100400.0,0.0,100400.0
2015-08-31,5020,5020,5020,5020,0,0.0,0.0,0.0,0.0,0.0,0.0,0.0,0.0,0.0,0.0
2015-09-01,5020,5020,5020,5020,0,0.0,0.0,0.0,0.0,0.0,0.0,0.0,0.0,0.0,0.0
2015-09-02,5020,5020,5020,5020,0,0.0,0.0,0.0,0.0,0.0,0.0,0.0,0.0,0.0,0.0
2015-09-03,5020,5020,5020,5020,3592,0.0,0.0,0.0,18031840.0,0.0,0.0,0.0,18031840.0,0.0,18031840.0
2015-09-04,5020,5020,5020,5020,2000,0.0,0.0,0.0,10040000.0,0.0,0.0,0.0,10040000.0,0.0,10040000.0
2015-09-07,5000,5000,5000,5000,6238,-0.398406374501992,0.0,0.0,31190000.0,0.0,0.0,0.0,31190000.0,0.0,31190000.0
2015-09-08,5000,5000,5000,5000,0,0.0,0.0,0.0,0.0,0.0,0.0,0.0,0.0,0.0,0.0
2015-09-09,5000,5000,5000,5000,0,0.0,0.0,0.0,0.0,0.0,0.0,0.0,0.0,0.0,0.0
2015-09-10,5000,5000,5000,5000,100,0.0,0.0,495000.0,5000.0,0.0,0.0,0.0,500000.0,0.0,500000.0
2015-09-11,5010,5010,5000,5000,1600,0.0,0.0,3000000.0,5010000.0,0.0,0.0,0.0,8010000.0,0.0,8010000.0
2015-09-14,5000,5000,5000,5000,0,0.0,0.0,0.0,0.0,0.0,0.0,0.0,0.0,0.0,0.0
2015-09-15,5000,5000,5000,5000,2000,0.0,0.0,0.0,10000000.0,0.0,0.0,0.0,10000000.0,0.0,10000000.0
2015-09-16,5020,5020,5020,5020,5800,0.4,0.0,29116000.0,0.0,0.0,0.0,0.0,29116000.0,0.0,29116000.0
2015-09-17,5000,5000,5000,5000,60,-0.398406374501992,0.0,300000.0,0.0,0.0,0.0,0.0,300000.0,0.0,300000.0
2015-09-18,5010,5010,5000,5010,81,0.2,0.0,5000.0,400800.0,0.0,0.0,0.0,405800.0,0.0,405800.0
2015-09-21,5010,5010,5010,5010,0,0.0,0.0,0.0,0.0,0.0,0.0,0.0,0.0,0.0,0.0
2015-09-22,5010,5010,5010,5010,0,0.0,0.0,0.0,0.0,0.0,0.0,0.0,0.0,0.0,0.0
2015-09-23,5010,5010,5010,5010,0,0.0,0.0,0.0,0.0,0.0,0.0,0.0,0.0,0.0,0.0
2015-09-24,5050,5050,5050,5050,40,0.7984031936127743,0.0,0.0,202000.0,0.0,0.0,202000.0,0.0,0.0,202000.0
2015-09-25,5050,5050,5050,5050,30,0.0,0.0,0.0,151500.0,0.0,0.0,0.0,151500.0,0.0,151500.0
2015-09-30,5050,5050,5050,5050,300,0.0,0.0,0.0,1515000.0,0.0,0.0,0.0,1515000.0,0.0,1515000.0
2015-10-01,5050,5050,5050,5050,0,0.0,0.0,0.0,0.0,0.0,0.0,0.0,0.0,0.0,0.0
2015-10-02,5050,5050,5050,5050,0,0.0,0.0,0.0,0.0,0.0,0.0,0.0,0.0,0.0,0.0
2015-10-05,5050,5050,5050,5050,0,0.0,0.0,0.0,0.0,0.0,0.0,0.0,0.0,0.0,0.0
2015-10-06,4995,4995,4995,4995,24,-1.089108910891089,0.0,0.0,119880.0,0.0,0.0,0.0,119880.0,0.0,119880.0
2015-10-07,5000,5000,5000,5000,10,0.10010010010010009,0.0,0.0,50000.0,0.0,0.0,0.0,50000.0,0.0,50000.0
2015-10-08,5040,5040,5040,5040,20890,0.8,0.0,105285600.0,0.0,0.0,0.0,0.0,105285600.0,0.0,105285600.0
2015-10-12,4990,4990,4990,4990,1,-0.992063492063492,0.0,0.0,4990.0,0.0,0.0,0.0,4990.0,0.0,4990.0
2015-10-13,5000,5000,5000,5000,90,0.2004008016032064,0.0,0.0,450000.0,0.0,0.0,0.0,450000.0,0.0,450000.0
2015-10-14,5000,5000,5000,5000,0,0.0,0.0,0.0,0.0,0.0,0.0,0.0,0.0,0.0,0.0
2015-10-15,5000,5000,5000,5000,0,0.0,0.0,0.0,0.0,0.0,0.0,0.0,0.0,0.0,0.0
2015-10-16,5000,5000,5000,5000,0,0.0,0.0,0.0,0.0,0.0,0.0,0.0,0.0,0.0,0.0
2015-10-19,5010,5010,5010,5010,135,0.2,0.0,0.0,676350.0,0.0,0.0,0.0,676350.0,0.0,676350.0
2015-10-20,5000,5000,5000,5000,1,-0.19960079840319359,0.0,0.0,5000.0,0.0,0.0,0.0,5000.0,0.0,5000.0
2015-10-21,5000,5000,5000,5000,0,0.0,0.0,0.0,0.0,0.0,0.0,0.0,0.0,0.0,0.0
2015-10-22,5000,5000,5000,5000,0,0.0,0.0,0.0,0.0,0.0,0.0,0.0,0.0,0.0,0.0
2015-10-23,5000,5000,5000,5000,0,0.0,0.0,0.0,0.0,0.0,0.0,0.0,0.0,0.0,0.0
2015-10-26,5000,5000,5000,5000,0,0.0,0.0,0.0,0.0,0.0,0.0,0.0,0.0,0.0,0.0
2015-10-27,5000,5000,5000,5000,0,0.0,0.0,0.0,0.0,0.0,0.0,0.0,0.0,0.0,0.0
2015-10-28,5010,5010,5010,5010,35,0.2,0.0,0.0,175350.0,0.0,0.0,0.0,175350.0,0.0,175350.0
2015-10-29,5010,5010,5010,5010,0,0.0,0.0,0.0,0.0,0.0,0.0,0.0,0.0,0.0,0.0
2015-10-30,5010,5010,5010,5010,0,0.0,0.0,0.0,0.0,0.0,0.0,0.0,0.0,0.0,0.0
2015-11-02,5010,5010,5010,5010,0,0.0,0.0,0.0,0.0,0.0,0.0,0.0,0.0,0.0,0.0
2015-11-03,5080,5080,5080,5080,1,1.3972055888223553,0.0,0.0,5080.0,0.0,0.0,0.0,5080.0,0.0,5080.0
2015-11-04,5080,5080,5080,5080,0,0.0,0.0,0.0,0.0,0.0,0.0,0.0,0.0,0.0,0.0
2015-11-05,5080,5080,5080,5080,0,0.0,0.0,0.0,0.0,0.0,0.0,0.0,0.0,0.0,0.0
2015-11-06,4975,4975,4975,4975,1,-2.066929133858268,0.0,0.0,4975.0,0.0,0.0,0.0,4975.0,0.0,4975.0
2015-11-09,4900,4970,4900,4970,402,-0.10050251256281408,0.0,0.0,1969950.0,0.0,0.0,0.0,1969950.0,0.0,1969950.0
2015-11-10,4995,4995,4875,4920,5,-1.0060362173038229,0.0,0.0,24780.0,0.0,0.0,0.0,24780.0,0.0,24780.0
2015-11-11,4910,4925,4800,4925,596,0.10162601626016261,0.0,2848960.0,77075.0,0.0,0.0,0.0,2926035.0,0.0,2926035.0
2015-11-12,4920,4920,4920,4920,1,-0.10152284263959391,0.0,0.0,4920.0,0.0,0.0,0.0,4920.0,0.0,4920.0
2015-11-13,4870,4870,4870,4870,6,-1.0162601626016259,0.0,0.0,29220.0,0.0,0.0,0.0,29220.0,0.0,29220.0
2015-11-16,4820,4820,4820,4820,6,-1.0266940451745379,0.0,0.0,28920.0,0.0,0.0,0.0,28920.0,0.0,28920.0
2015-11-17,4770,4980,4770,4980,7,3.319502074688797,0.0,0.0,33600.0,0.0,0.0,0.0,33600.0,0.0,33600.0
2015-11-18,4830,4925,4700,4925,1921,-1.104417670682731,0.0,0.0,9032950.0,0.0,0.0,0.0,9032950.0,0.0,9032950.0
2015-11-19,4875,4880,4720,4720,394,-4.16243654822335,0.0,0.0,1908750.0,0.0,0.0,0.0,1908750.0,0.0,1908750.0
2015-11-20,4895,4895,4895,4895,1,3.7076271186440675,0.0,0.0,4895.0,0.0,0.0,0.0,4895.0,0.0,4895.0
2015-11-23,4845,4850,4755,4825,392,-1.4300306435137897,0.0,0.0,1900185.0,0.0,0.0,0.0,1900185.0,0.0,1900185.0
2015-11-24,4825,4830,4750,4750,10,-1.5544041450777202,0.0,0.0,48110.0,0.0,0.0,0.0,48110.0,0.0,48110.0
2015-11-25,4810,4900,4710,4730,16043,-0.42105263157894735,0.0,0.0,76177625.0,0.0,0.0,0.0,76177625.0,0.0,76177625.0
2015-11-26,4125,4835,4125,4610,13,-2.536997885835095,0.0,0.0,61695.0,0.0,0.0,0.0,61695.0,0.0,61695.0
2015-11-27,4775,4775,4460,4460,115,-3.2537960954446854,0.0,0.0,530855.0,0.0,0.0,0.0,530855.0,0.0,530855.0
2015-11-30,4610,4610,4610,4610,880,3.3632286995515694,0.0,0.0,4056800.0,0.0,0.0,0.0,4056800.0,0.0,4056800.0
2015-12-01,4610,4610,4610,4610,0,0.0,0.0,0.0,0.0,0.0,0.0,0.0,0.0,0.0,0.0
2015-12-02,4600,4780,4600,4780,88,3.68763557483731,0.0,0.0,404980.0,0.0,0.0,0.0,404980.0,0.0,404980.0
2015-12-03,4685,4685,4640,4640,2,-2.928870292887029,0.0,0.0,9325.0,0.0,0.0,0.0,9325.0,0.0,9325.0
2015-12-04,4675,4675,3805,4675,4,0.7543103448275862,0.0,0.0,17830.0,0.0,0.0,0.0,17830.0,0.0,17830.0
2015-12-07,4675,4675,4675,4675,0,0.0,0.0,0.0,0.0,0.0,0.0,0.0,0.0,0.0,0.0
2015-12-08,4740,4740,4020,4725,3,1.06951871657754,0.0,0.0,13485.0,0.0,0.0,0.0,13485.0,0.0,13485.0
2015-12-09,4845,4845,4845,4845,2,2.5396825396825395,0.0,0.0,9690.0,0.0,0.0,0.0,9690.0,0.0,9690.0
2015-12-10,4695,4695,4135,4630,13,-4.437564499484004,0.0,0.0,59910.0,0.0,0.0,0.0,59910.0,0.0,59910.0
2015-12-11,4600,4600,4600,4600,0,-0.6479481641468683,0.0,0.0,0.0,0.0,0.0,0.0,0.0,0.0,0.0
2015-12-14,4680,4680,4630,4630,7,0.6521739130434783,0.0,0.0,32460.0,0.0,0.0,0.0,32460.0,0.0,32460.0
2015-12-15,4585,4610,4505,4505,697,-2.699784017278618,0.0,0.0,3211790.0,0.0,0.0,0.0,3211790.0,0.0,3211790.0
2015-12-16,4695,4695,4645,4645,7,3.107658157602664,0.0,0.0,32565.0,0.0,0.0,0.0,32565.0,0.0,32565.0
2015-12-17,4595,4685,4595,4685,7,0.8611410118406888,0.0,0.0,32255.0,0.0,0.0,0.0,32255.0,0.0,32255.0
2015-12-18,4355,4740,4355,4520,50,-3.5218783351120595,0.0,0.0,229705.0,0.0,0.0,0.0,229705.0,0.0,229705.0
2015-12-21,4560,4685,4560,4685,13,3.650442477876106,0.0,0.0,59405.0,0.0,0.0,0.0,59405.0,0.0,59405.0
2015-12-22,4635,4700,4635,4650,116,-0.7470651013874066,0.0,0.0,540660.0,0.0,0.0,0.0,540660.0,0.0,540660.0
2015-12-23,4765,4765,4700,4700,41,1.0752688172043012,0.0,0.0,193215.0,0.0,0.0,0.0,193215.0,0.0,193215.0
2015-12-24,4505,4505,4505,4505,2,-4.148936170212766,0.0,0.0,9010.0,0.0,0.0,0.0,9010.0,0.0,9010.0
2015-12-28,4505,4810,4505,4510,73,0.11098779134295228,0.0,0.0,330925.0,0.0,0.0,0.0,330925.0,0.0,330925.0
2015-12-29,4740,4740,4740,4740,9611,5.099778270509978,0.0,0.0,46613240.0,0.0,0.0,0.0,46613240.0,0.0,46613240.0
2015-12-30,4735,4735,4735,4735,0,-0.10548523206751054,0.0,0.0,0.0,0.0,0.0,0.0,0.0,0.0,0.0
2016-01-04,4795,4795,4795,4795,1,1.2671594508975714,0.0,0.0,4795.0,0.0,0.0,0.0,4795.0,0.0,4795.0
2016-01-05,4840,4840,4795,4795,4,0.0,0.0,0.0,19225.0,0.0,0.0,0.0,19225.0,0.0,19225.0
2016-01-06,4610,4610,4610,4610,1,-3.8581856100104277,0.0,0.0,4610.0,0.0,0.0,0.0,4610.0,0.0,4610.0
2016-01-07,4790,4790,4650,4650,2618,0.8676789587852495,0.0,0.0,12478570.0,0.0,0.0,0.0,12478570.0,0.0,12478570.0
2016-01-08,4310,4770,4310,4610,10071,-0.8602150537634409,0.0,10384000.0,37150240.0,0.0,0.0,0.0,47534240.0,0.0,47534240.0
2016-01-11,4785,4785,4600,4605,1532,-0.10845986984815618,0.0,0.0,7059160.0,0.0,0.0,0.0,7059160.0,0.0,7059160.0
2016-01-12,4840,4840,4650,4650,4427,0.9771986970684038,0.0,0.0,21341810.0,0.0,0.0,0.0,21341810.0,0.0,21341810.0
2016-01-13,4700,4705,4550,4690,15814,0.8602150537634409,0.0,0.0,74167105.0,0.0,0.0,0.0,74167105.0,0.0,74167105.0
2016-01-14,4735,4740,4735,4740,2002,1.0660980810234542,0.0,0.0,9486980.0,0.0,0.0,0.0,9486980.0,0.0,9486980.0
2016-01-15,4750,4750,4705,4710,3943,-0.6329113924050633,0.0,16625000.0,2101825.0,0.0,0.0,0.0,18726825.0,0.0,18726825.0
2016-01-18,4500,4660,4500,4660,4262,-1.0615711252653928,0.0,137410.0,19049465.0,0.0,0.0,0.0,19186875.0,0.0,19186875.0
2016-01-19,4610,4610,4610,4610,6,-1.0729613733905579,0.0,0.0,27660.0,0.0,0.0,0.0,27660.0,0.0,27660.0
2016-01-20,4560,4560,4560,4560,6,-1.0845986984815619,0.0,0.0,27360.0,0.0,0.0,0.0,27360.0,0.0,27360.0
2016-01-21,4640,4640,4640,4640,1,1.7543859649122806,0.0,0.0,4640.0,0.0,0.0,0.0,4640.0,0.0,4640.0
2016-01-22,4590,4620,4590,4620,7,-0.43103448275862066,0.0,0.0,32160.0,0.0,0.0,0.0,32160.0,0.0,32160.0
2016-01-25,4620,4620,4620,4620,0,0.0,0.0,0.0,0.0,0.0,0.0,0.0,0.0,0.0,0.0
2016-01-26,4550,4550,4550,4550,1139,-1.5151515151515151,0.0,0.0,5182450.0,0.0,0.0,0.0,5182450.0,0.0,5182450.0
2016-01-27,4495,4495,4495,4495,6,-1.208791208791209,0.0,0.0,26970.0,0.0,0.0,0.0,26970.0,0.0,26970.0
2016-01-28,4495,4495,4495,4495,0,0.0,0.0,0.0,0.0,0.0,0.0,0.0,0.0,0.0,0.0
2016-01-29,4495,4495,4495,4495,65,0.0,0.0,0.0,292175.0,0.0,0.0,0.0,292175.0,0.0,292175.0
2016-02-01,4495,4495,4400,4400,3110,-2.1134593993325916,0.0,2239600.0,11573260.0,0.0,0.0,0.0,13812860.0,0.0,13812860.0
2016-02-02,4435,4435,4435,4435,12,0.7954545454545454,0.0,0.0,53220.0,0.0,0.0,0.0,53220.0,0.0,53220.0
2016-02-03,4490,4490,4490,4490,1,1.2401352874859075,0.0,0.0,4490.0,0.0,0.0,0.0,4490.0,0.0,4490.0
2016-02-04,4490,4490,4490,4490,0,0.0,0.0,0.0,0.0,0.0,0.0,0.0,0.0,0.0,0.0
2016-02-05,4405,4405,4405,4405,30,-1.893095768374165,0.0,0.0,132150.0,0.0,0.0,0.0,132150.0,0.0,132150.0
2016-02-11,4405,4495,4405,4495,1215,2.0431328036322363,0.0,0.0,5352255.0,0.0,0.0,0.0,5352255.0,0.0,5352255.0
2016-02-12,4490,4490,4490,4490,0,-0.11123470522803114,0.0,0.0,0.0,0.0,0.0,0.0,0.0,0.0,0.0
2016-02-15,4400,4445,4400,4435,4,-1.2249443207126949,0.0,0.0,17720.0,0.0,0.0,0.0,17720.0,0.0,17720.0
2016-02-16,4495,4495,4495,4495,1,1.3528748590755355,0.0,0.0,4495.0,0.0,0.0,0.0,4495.0,0.0,4495.0
2016-02-17,4330,4450,4300,4450,1180,-1.0011123470522802,0.0,0.0,5078395.0,0.0,0.0,0.0,5078395.0,0.0,5078395.0
2016-02-18,4450,4450,4250,4295,6506,-3.48314606741573,0.0,0.0,27944570.0,0.0,0.0,0.0,27944570.0,0.0,27944570.0
2016-02-19,4315,4315,4250,4260,2995,-0.8149010477299184,0.0,0.0,12776355.0,0.0,0.0,0.0,12776355.0,0.0,12776355.0
2016-02-22,4790,4790,4215,4365,48,2.464788732394366,0.0,0.0,208670.0,0.0,0.0,0.0,208670.0,0.0,208670.0
2016-02-23,4320,4350,4230,4345,386,-0.45819014891179843,0.0,0.0,1675450.0,0.0,0.0,0.0,1675450.0,0.0,1675450.0
2016-02-24,4350,4350,4305,4305,7,-0.9205983889528193,0.0,0.0,30180.0,0.0,0.0,0.0,30180.0,0.0,30180.0
2016-02-25,4460,4460,4460,4460,1,3.6004645760743323,0.0,0.0,4460.0,0.0,0.0,0.0,4460.0,0.0,4460.0
2016-02-26,4230,4360,4105,4105,100,-7.959641255605381,0.0,0.0,413430.0,0.0,0.0,0.0,413430.0,0.0,413430.0
2016-02-29,4115,4275,4115,4275,1853,4.141291108404385,0.0,0.0,7910555.0,0.0,0.0,0.0,7910555.0,0.0,7910555.0
2016-03-02,4475,4480,4285,4390,7093,2.690058479532164,0.0,0.0,34148445.0,0.0,0.0,0.0,34148445.0,0.0,34148445.0
2016-03-03,4300,4300,4300,4300,4,-2.050113895216401,0.0,0.0,17470.0,0.0,0.0,0.0,17470.0,0.0,17470.0
2016-03-04,4015,4300,4015,4295,18,-0.11627906976744186,0.0,0.0,74240.0,0.0,0.0,0.0,74240.0,0.0,74240.0
2016-03-07,4270,4270,4270,4270,7001,-0.5820721769499418,0.0,0.0,29894270.0,0.0,0.0,0.0,29894270.0,0.0,29894270.0
2016-03-08,4040,4270,4040,4260,951,-0.234192037470726,0.0,1116640.0,2905930.0,0.0,0.0,0.0,4022570.0,0.0,4022570.0
2016-03-09,4305,4360,4305,4330,117,1.643192488262911,0.0,0.0,506260.0,0.0,0.0,0.0,506260.0,0.0,506260.0
2016-03-10,4300,4305,4135,4150,1014,-4.157043879907621,0.0,0.0,4360960.0,0.0,0.0,0.0,4360960.0,0.0,4360960.0
2016-03-11,4345,4345,4295,4295,20,3.493975903614458,0.0,0.0,86400.0,0.0,0.0,0.0,86400.0,0.0,86400.0
2016-03-14,4370,4370,4370,4370,1,1.7462165308498252,0.0,0.0,4370.0,0.0,0.0,0.0,4370.0,0.0,4370.0
2016-03-15,4300,4300,4300,4300,45,-1.6018306636155606,0.0,0.0,193500.0,0.0,0.0,0.0,193500.0,0.0,193500.0
2016-03-16,4000,4295,4000,4295,11,-0.11627906976744186,0.0,0.0,44295.0,0.0,0.0,0.0,44295.0,0.0,44295.0
2016-03-17,4295,4295,4295,4295,0,0.0,0.0,0.0,0.0,0.0,0.0,0.0,0.0,0.0,0.0
2016-03-18,4295,4300,4100,4105,2730,-4.423748544819558,0.0,0.0,11273990.0,0.0,0.0,0.0,11273990.0,0.0,11273990.0
2016-03-21,4290,4290,4100,4100,466,-0.12180267965895249,0.0,0.0,1912485.0,0.0,0.0,0.0,1912485.0,0.0,1912485.0
2016-03-22,4280,4280,4095,4100,2067,0.0,0.0,0.0,8484575.0,0.0,0.0,0.0,8484575.0,0.0,8484575.0
2016-03-23,4100,4100,4000,4100,1493,0.0,0.0,0.0,5989910.0,0.0,0.0,0.0,5989910.0,0.0,5989910.0
2016-03-24,4100,4100,4000,4000,2182,-2.4390243902439024,0.0,0.0,8729990.0,0.0,0.0,0.0,8729990.0,0.0,8729990.0
2016-03-25,4100,4100,3955,3955,28,-1.125,0.0,0.0,110885.0,0.0,0.0,0.0,110885.0,0.0,110885.0
2016-03-28,4180,4245,4095,4245,830,7.332490518331227,0.0,0.0,3404820.0,0.0,0.0,0.0,3404820.0,0.0,3404820.0
2016-03-29,4270,4270,4155,4155,5,-2.1201413427561837,0.0,0.0,21055.0,0.0,0.0,0.0,21055.0,0.0,21055.0
2016-03-30,4260,4260,4005,4010,2929,-3.489771359807461,0.0,0.0,11767640.0,0.0,0.0,9233240.0,2534400.0,0.0,11767640.0
2016-03-31,4000,4145,4000,4145,38,3.366583541147132,0.0,0.0,152145.0,0.0,0.0,0.0,152145.0,0.0,152145.0
2016-04-01,4145,4145,4145,4145,0,0.0,0.0,0.0,0.0,0.0,0.0,0.0,0.0,0.0,0.0
2016-04-04,4140,4140,4140,4140,1,-0.12062726176115801,0.0,0.0,4140.0,0.0,0.0,0.0,4140.0,0.0,4140.0
2016-04-05,4135,4135,4135,4135,0,-0.12077294685990338,0.0,0.0,0.0,0.0,0.0,0.0,0.0,0.0,0.0
2016-04-06,4130,4130,4130,4130,1,-0.12091898428053204,0.0,0.0,4130.0,0.0,0.0,0.0,4130.0,0.0,4130.0
2016-04-07,4145,4145,4145,4145,1,0.36319612590799033,0.0,0.0,4145.0,0.0,0.0,0.0,4145.0,0.0,4145.0
2016-04-08,4145,4145,4145,4145,10,0.0,0.0,0.0,41450.0,0.0,0.0,0.0,41450.0,0.0,41450.0
2016-04-11,4135,4135,4135,4135,0,-0.24125452352231602,0.0,0.0,0.0,0.0,0.0,0.0,0.0,0.0,0.0
2016-04-12,4135,4135,4135,4135,0,0.0,0.0,0.0,0.0,0.0,0.0,0.0,0.0,0.0,0.0
2016-04-14,4130,4130,4130,4130,0,-0.12091898428053204,0.0,0.0,0.0,0.0,0.0,0.0,0.0,0.0,0.0
2016-04-15,4125,4125,4125,4125,0,-0.12106537530266344,0.0,0.0,0.0,0.0,0.0,0.0,0.0,0.0,0.0
2016-04-18,4125,4190,3950,4025,1117,-2.4242424242424243,0.0,0.0,4423265.0,0.0,0.0,0.0,4423265.0,0.0,4423265.0
2016-04-19,4100,4100,3900,4045,7917,0.4968944099378882,0.0,0.0,31316645.0,0.0,0.0,14055000.0,17261645.0,0.0,31316645.0
2016-04-20,4095,4095,4090,4090,20162,1.1124845488257107,0.0,85000000.0,663135.0,0.0,0.0,0.0,85663135.0,0.0,85663135.0
2016-04-21,4090,4195,3935,3950,3976,-3.4229828850855744,0.0,0.0,15712880.0,0.0,0.0,0.0,15712880.0,0.0,15712880.0
2016-04-22,4100,4100,4100,4100,10,3.79746835443038,0.0,0.0,41000.0,0.0,0.0,0.0,41000.0,0.0,41000.0
2016-04-25,3635,3925,3340,3805,16088,-7.1951219512195115,0.0,0.0,57224810.0,0.0,0.0,0.0,57224810.0,0.0,57224810.0
2016-04-26,3660,3780,3600,3610,3440,-5.124835742444152,0.0,0.0,12477090.0,0.0,0.0,0.0,12477090.0,0.0,12477090.0
2016-04-27,3610,3695,3610,3695,14503,2.3545706371191137,0.0,53505000.0,10915.0,0.0,0.0,53505000.0,10915.0,0.0,53515915.0
2016-04-28,3755,3755,3655,3745,12,1.3531799729364005,0.0,0.0,44330.0,0.0,0.0,0.0,44330.0,0.0,44330.0
2016-04-29,3735,3765,3620,3765,189,0.5340453938584779,0.0,0.0,694870.0,0.0,0.0,0.0,694870.0,0.0,694870.0
2016-05-02,3670,3760,3670,3760,501,-0.13280212483399734,0.0,0.0,1838760.0,0.0,0.0,0.0,1838760.0,0.0,1838760.0
2016-05-03,3650,3650,3500,3550,6599,-5.585106382978723,0.0,0.0,23304210.0,0.0,0.0,0.0,23304210.0,0.0,23304210.0
2016-05-04,3580,3665,3580,3660,3833,3.0985915492957745,0.0,1836000.0,11946610.0,0.0,0.0,3660.0,13778950.0,0.0,13782610.0
2016-05-09,3775,3775,3700,3755,512,2.5956284153005464,0.0,0.0,1932100.0,0.0,0.0,0.0,1932100.0,0.0,1932100.0
2016-05-10,3705,3755,3705,3755,8545,0.0,0.0,0.0,31668875.0,0.0,0.0,0.0,31668875.0,0.0,31668875.0
2016-05-11,3700,3800,3700,3800,940,1.1984021304926764,0.0,0.0,3478300.0,0.0,0.0,0.0,3478300.0,0.0,3478300.0
2016-05-12,3700,3890,3700,3890,2616,2.368421052631579,0.0,0.0,9741080.0,0.0,0.0,0.0,9741080.0,0.0,9741080.0
2016-05-13,3800,3900,3800,3845,9797,-1.1568123393316194,0.0,11392400.0,25856890.0,0.0,0.0,0.0,37249290.0,0.0,37249290.0
2016-05-16,3925,3925,3925,3925,11,2.080624187256177,0.0,0.0,42175.0,0.0,0.0,0.0,42175.0,0.0,42175.0
2016-05-17,3945,3945,3945,3945,5,0.5095541401273885,0.0,0.0,19145.0,0.0,0.0,0.0,19145.0,0.0,19145.0
2016-05-18,3825,3925,3825,3925,261,-0.5069708491761723,0.0,0.0,1005620.0,0.0,0.0,0.0,1005620.0,0.0,1005620.0
2016-05-19,3705,3920,3165,3265,30462,-16.81528662420382,0.0,0.0,99630845.0,0.0,0.0,42654020.0,56976825.0,0.0,99630845.0
2016-05-20,3270,3325,3075,3300,666,1.0719754977029097,0.0,0.0,2113295.0,0.0,0.0,95700.0,2017595.0,0.0,2113295.0
2016-05-23,3290,3290,3110,3250,317,-1.5151515151515151,0.0,0.0,995925.0,0.0,0.0,533385.0,462540.0,0.0,995925.0
2016-05-24,3265,3270,3265,3270,10,0.6153846153846154,0.0,0.0,32695.0,0.0,0.0,0.0,32695.0,0.0,32695.0
2016-05-25,3225,3300,3130,3300,3485,0.9174311926605505,0.0,0.0,11069685.0,0.0,0.0,0.0,11069685.0,0.0,11069685.0
2016-05-26,3285,3440,3285,3330,837,0.9090909090909091,0.0,0.0,2778665.0,0.0,0.0,0.0,2778665.0,0.0,2778665.0
2016-05-27,3450,4065,3410,3785,36329,13.663663663663664,0.0,0.0,136922045.0,0.0,0.0,3462010.0,133460035.0,0.0,136922045.0
2016-05-30,3870,4500,3870,4365,33164,15.323645970937912,0.0,6897100.0,132944200.0,731025.0,0.0,0.0,139833595.0,738730.0,140572325.0
2016-05-31,4480,4580,4115,4365,10111,0.0,0.0,0.0,43298450.0,0.0,0.0,0.0,43298450.0,0.0,43298450.0
2016-06-01,4360,4360,4160,4355,7440,-0.22909507445589922,0.0,19837165.0,11614965.0,0.0,0.0,0.0,31452130.0,0.0,31452130.0
2016-06-02,4020,4495,4020,4345,1125,-0.2296211251435132,0.0,0.0,4807015.0,0.0,0.0,0.0,4807015.0,0.0,4807015.0
2016-06-03,4030,4500,4030,4390,91,1.0356731875719216,0.0,0.0,394215.0,0.0,0.0,0.0,394215.0,0.0,394215.0
2016-06-07,4125,4375,4125,4200,64,-4.328018223234624,0.0,0.0,269315.0,0.0,0.0,0.0,269315.0,0.0,269315.0
2016-06-08,4200,4500,4200,4425,134,5.357142857142857,0.0,0.0,576845.0,0.0,0.0,0.0,576845.0,0.0,576845.0
2016-06-09,4545,4545,4300,4465,128,0.903954802259887,0.0,0.0,554700.0,0.0,0.0,0.0,554700.0,0.0,554700.0
2016-06-10,4250,4650,4250,4635,5930,3.807390817469205,0.0,0.0,26686210.0,0.0,0.0,0.0,26686210.0,0.0,26686210.0
2016-06-13,4415,4650,4355,4510,4012,-2.696871628910464,0.0,450000.0,17617890.0,0.0,0.0,0.0,18067890.0,0.0,18067890.0
2016-06-14,4500,4645,4500,4550,1029,0.8869179600886918,0.0,0.0,4670490.0,0.0,0.0,0.0,4670490.0,0.0,4670490.0
2016-06-15,4500,4640,4450,4640,15142,1.9780219780219779,0.0,0.0,68579925.0,0.0,0.0,0.0,68579925.0,0.0,68579925.0
2016-06-16,4635,4635,4500,4500,1067,-3.0172413793103448,0.0,0.0,4801875.0,0.0,0.0,0.0,4801875.0,0.0,4801875.0
2016-06-17,4500,4505,4500,4500,2073,0.0,0.0,0.0,9328510.0,0.0,0.0,0.0,9328510.0,0.0,9328510.0
2016-06-20,4650,4650,4505,4505,1530,0.1111111111111111,0.0,5254500.0,1805000.0,0.0,0.0,0.0,7059500.0,0.0,7059500.0
2016-06-21,4600,4790,4500,4675,9174,3.7735849056603774,0.0,0.0,42883215.0,0.0,0.0,0.0,42883215.0,0.0,42883215.0
2016-06-22,4680,4800,4550,4600,7301,-1.6042780748663104,0.0,0.0,34266155.0,0.0,0.0,0.0,34266155.0,0.0,34266155.0
2016-06-23,4530,4650,4530,4605,8064,0.10869565217391304,0.0,0.0,37104755.0,0.0,0.0,0.0,37104755.0,0.0,37104755.0
2016-06-24,4600,4785,4535,4785,3234,3.908794788273615,0.0,0.0,15063145.0,0.0,0.0,0.0,15063145.0,0.0,15063145.0
2016-06-27,4745,4745,4745,4745,0,-0.8359456635318705,0.0,0.0,0.0,0.0,0.0,0.0,0.0,0.0,0.0
2016-06-28,4550,4600,4550,4600,1508,-3.0558482613277134,0.0,0.0,6886400.0,0.0,0.0,0.0,6886400.0,0.0,6886400.0
2016-06-29,4745,4745,4745,4745,1,3.152173913043478,0.0,0.0,4745.0,0.0,0.0,0.0,4745.0,0.0,4745.0
2016-06-30,4800,4800,4700,4745,1623,0.0,0.0,0.0,7744345.0,0.0,0.0,0.0,7744345.0,0.0,7744345.0
2016-07-01,4700,4700,4600,4600,1500,-3.0558482613277134,0.0,0.0,6950000.0,0.0,0.0,0.0,6950000.0,0.0,6950000.0
2016-07-04,4600,4600,4600,4600,0,0.0,0.0,0.0,0.0,0.0,0.0,0.0,0.0,0.0,0.0
2016-07-05,4700,4700,4700,4700,1802,2.1739130434782608,0.0,0.0,8469400.0,0.0,0.0,0.0,8469400.0,0.0,8469400.0
2016-07-06,4700,4770,4700,4770,4807,1.4893617021276597,0.0,0.0,22789390.0,0.0,0.0,0.0,22789390.0,0.0,22789390.0
2016-07-07,4760,4760,4760,4760,0,-0.20964360587002098,0.0,0.0,0.0,0.0,0.0,0.0,0.0,0.0,0.0
2016-07-08,4650,4725,4650,4725,1001,-0.7352941176470588,0.0,0.0,4654725.0,0.0,0.0,0.0,4654725.0,0.0,4654725.0
2016-07-11,4600,4600,4600,4600,3,-2.6455026455026456,0.0,0.0,13800.0,0.0,0.0,0.0,13800.0,0.0,13800.0
2016-07-12,4740,4740,4740,4740,8971,3.0434782608695654,0.0,0.0,42522540.0,0.0,0.0,0.0,42522540.0,0.0,42522540.0
2016-07-13,4510,4780,4510,4730,18654,-0.21097046413502107,0.0,0.0,87212275.0,0.0,0.0,0.0,87212275.0,0.0,87212275.0
2016-07-14,4555,4800,4555,4800,5040,1.4799154334038054,0.0,0.0,23947000.0,0.0,0.0,0.0,23947000.0,0.0,23947000.0
2016-07-15,4800,4810,4800,4800,11721,0.0,0.0,10572380.0,45724500.0,0.0,0.0,0.0,56296880.0,0.0,56296880.0
2016-07-18,4850,4850,4850,4850,1,1.0416666666666665,0.0,0.0,4850.0,0.0,0.0,0.0,4850.0,0.0,4850.0
2016-07-19,4820,4820,4820,4820,6819,-0.6185567010309279,0.0,0.0,32867580.0,0.0,0.0,0.0,32867580.0,0.0,32867580.0
2016-07-20,4850,4850,4850,4850,3500,0.6224066390041494,0.0,0.0,16975000.0,0.0,0.0,0.0,16975000.0,0.0,16975000.0
2016-07-21,4850,4855,4850,4855,1002,0.10309278350515465,0.0,0.0,4859710.0,0.0,0.0,0.0,4859710.0,0.0,4859710.0
2016-07-22,4855,4855,4855,4855,336,0.0,0.0,0.0,1631280.0,0.0,0.0,0.0,1631280.0,0.0,1631280.0
2016-07-25,4860,4860,4860,4860,19,0.10298661174047373,0.0,19440.0,72900.0,0.0,0.0,0.0,92340.0,0.0,92340.0
2016-07-26,4850,4885,4850,4880,784,0.411522633744856,0.0,0.0,3811915.0,0.0,0.0,0.0,3811915.0,0.0,3811915.0
2016-07-27,4890,4900,4890,4900,2960,0.4098360655737705,0.0,0.0,14499400.0,0.0,0.0,0.0,14499400.0,0.0,14499400.0
2016-07-28,4900,4900,4900,4900,0,0.0,0.0,0.0,0.0,0.0,0.0,0.0,0.0,0.0,0.0
2016-07-29,4890,4890,4890,4890,1,-0.20408163265306123,0.0,0.0,4890.0,0.0,0.0,0.0,4890.0,0.0,4890.0
2016-08-01,4850,4850,4800,4800,461,-1.8404907975460123,0.0,0.0,2213300.0,0.0,0.0,0.0,2213300.0,0.0,2213300.0
2016-08-02,4850,4850,4850,4850,0,1.0416666666666665,0.0,0.0,0.0,0.0,0.0,0.0,0.0,0.0,0.0
2016-08-03,4805,4805,4805,4805,10110,-0.9278350515463918,0.0,0.0,47246240.0,0.0,0.0,0.0,47246240.0,0.0,47246240.0
2016-08-04,4810,4865,4810,4865,6279,1.2486992715920915,0.0,0.0,30522145.0,0.0,0.0,0.0,30522145.0,0.0,30522145.0
2016-08-05,4865,4865,4865,4865,0,0.0,0.0,0.0,0.0,0.0,0.0,0.0,0.0,0.0,0.0
2016-08-08,4865,4865,4865,4865,0,0.0,0.0,0.0,0.0,0.0,0.0,0.0,0.0,0.0,0.0
2016-08-09,4885,4885,4885,4885,1,0.41109969167523125,0.0,0.0,4885.0,0.0,0.0,0.0,4885.0,0.0,4885.0
2016-08-10,4850,4900,4850,4870,1211,-0.3070624360286591,0.0,0.0,5873460.0,0.0,0.0,0.0,5873460.0,0.0,5873460.0
2016-08-11,4850,4870,4850,4870,2793,0.0,0.0,0.0,13566580.0,0.0,0.0,0.0,13566580.0,0.0,13566580.0
2016-08-12,4850,4880,4850,4880,5402,0.20533880903490762,0.0,0.0,26256860.0,0.0,0.0,0.0,26256860.0,0.0,26256860.0
2016-08-16,4800,4895,4800,4895,501,0.3073770491803279,0.0,0.0,2404895.0,0.0,0.0,0.0,2404895.0,0.0,2404895.0
2016-08-17,4890,4890,4890,4890,217,-0.10214504596527069,0.0,1061130.0,0.0,0.0,0.0,0.0,1061130.0,0.0,1061130.0
2016-08-18,4835,4880,4835,4880,1536,-0.2044989775051125,0.0,0.0,7472275.0,0.0,0.0,0.0,7472275.0,0.0,7472275.0
2016-08-19,4880,4880,4880,4880,1627,0.0,0.0,0.0,7939760.0,0.0,0.0,0.0,7939760.0,0.0,7939760.0
2016-08-22,4705,4880,4705,4880,5907,0.0,0.0,19987630.0,8787655.0,0.0,0.0,0.0,28775285.0,0.0,28775285.0
2016-08-23,4895,4900,4895,4900,1174,0.4098360655737705,0.0,3037400.0,2714600.0,0.0,0.0,0.0,5752000.0,0.0,5752000.0
2016-08-24,4900,4900,4900,4900,0,0.0,0.0,0.0,0.0,0.0,0.0,0.0,0.0,0.0,0.0
2016-08-25,4900,4990,4735,4835,4302,-1.3265306122448979,0.0,0.0,21191705.0,0.0,0.0,0.0,21191705.0,0.0,21191705.0
2016-08-26,4835,4835,4835,4835,0,0.0,0.0,0.0,0.0,0.0,0.0,0.0,0.0,0.0,0.0
2016-08-29,4835,4890,4835,4890,10101,1.1375387797311272,0.0,0.0,49388390.0,0.0,0.0,0.0,49388390.0,0.0,49388390.0
2016-08-30,4885,4885,4885,4885,1,-0.10224948875255625,0.0,0.0,4885.0,0.0,0.0,0.0,4885.0,0.0,4885.0
2016-08-31,4875,4875,4875,4875,0,-0.2047082906857728,0.0,0.0,0.0,0.0,0.0,0.0,0.0,0.0,0.0
2016-09-01,4875,4875,4875,4875,0,0.0,0.0,0.0,0.0,0.0,0.0,0.0,0.0,0.0,0.0
2016-09-02,4850,4890,4850,4890,676,0.3076923076923077,0.0,0.0,3296920.0,0.0,0.0,0.0,3296920.0,0.0,3296920.0
2016-09-05,4885,4885,4885,4885,0,-0.10224948875255625,0.0,0.0,0.0,0.0,0.0,0.0,0.0,0.0,0.0
2016-09-06,4850,4850,4850,4850,0,-0.7164790174002047,0.0,0.0,0.0,0.0,0.0,0.0,0.0,0.0,0.0
2016-09-07,4885,4885,4755,4880,617,0.6185567010309279,0.0,0.0,2961720.0,0.0,0.0,0.0,2961720.0,0.0,2961720.0
2016-09-08,4855,4855,4855,4855,0,-0.5122950819672131,0.0,0.0,0.0,0.0,0.0,0.0,0.0,0.0,0.0
2016-09-09,4855,4855,4855,4855,0,0.0,0.0,0.0,0.0,0.0,0.0,0.0,0.0,0.0,0.0
2016-09-12,4855,4855,4855,4855,64,0.0,0.0,0.0,310720.0,0.0,0.0,0.0,310720.0,0.0,310720.0
2016-09-13,4855,4855,4855,4855,40,0.0,0.0,0.0,194200.0,0.0,0.0,0.0,194200.0,0.0,194200.0
2016-09-19,4855,4855,4855,4855,0,0.0,0.0,0.0,0.0,0.0,0.0,0.0,0.0,0.0,0.0
2016-09-20,4705,4850,4705,4730,8086,-2.5746652935118437,0.0,0.0,38150030.0,0.0,0.0,0.0,38150030.0,0.0,38150030.0
2016-09-21,4730,4820,4700,4730,3554,0.0,0.0,0.0,16768165.0,0.0,0.0,0.0,16768165.0,0.0,16768165.0
2016-09-22,4710,4840,4710,4730,16657,0.0,0.0,31215220.0,48022310.0,0.0,0.0,0.0,79237530.0,0.0,79237530.0
2016-09-23,4845,4845,4845,4845,3656,2.431289640591966,0.0,0.0,17713320.0,0.0,0.0,0.0,17713320.0,0.0,17713320.0
2016-09-26,4780,4780,4770,4770,200,-1.5479876160990713,0.0,0.0,955000.0,0.0,0.0,0.0,955000.0,0.0,955000.0
2016-09-27,4700,4800,4700,4800,1991,0.628930817610063,0.0,0.0,9422400.0,0.0,0.0,0.0,9422400.0,0.0,9422400.0
2016-09-28,4720,4800,4720,4800,21,0.0,0.0,0.0,99200.0,0.0,0.0,0.0,99200.0,0.0,99200.0
2016-09-29,4790,4790,4790,4790,0,-0.20833333333333334,0.0,0.0,0.0,0.0,0.0,0.0,0.0,0.0,0.0
2016-09-30,4770,4770,4770,4770,27012,-0.41753653444676403,0.0,128847240.0,0.0,0.0,0.0,0.0,128847240.0,0.0,128847240.0
2016-10-04,4775,4790,4775,4790,1581,0.41928721174004197,0.0,7564020.0,0.0,0.0,0.0,0.0,7564020.0,0.0,7564020.0
2016-10-05,4790,4790,4790,4790,30,0.0,0.0,0.0,143700.0,0.0,0.0,0.0,143700.0,0.0,143700.0
2016-10-06,4790,4790,4790,4790,60,0.0,0.0,0.0,287400.0,0.0,0.0,0.0,287400.0,0.0,287400.0
2016-10-07,4790,4790,4790,4790,0,0.0,0.0,0.0,0.0,0.0,0.0,0.0,0.0,0.0,0.0
2016-10-10,4790,4790,4790,4790,0,0.0,0.0,0.0,0.0,0.0,0.0,0.0,0.0,0.0,0.0
2016-10-11,4785,4785,4785,4785,0,-0.10438413361169101,0.0,0.0,0.0,0.0,0.0,0.0,0.0,0.0,0.0
2016-10-12,4750,4750,4750,4750,0,-0.7314524555903866,0.0,0.0,0.0,0.0,0.0,0.0,0.0,0.0,0.0
2016-10-13,4750,4750,4750,4750,12,0.0,0.0,0.0,57000.0,0.0,0.0,0.0,57000.0,0.0,57000.0
2016-10-14,4750,4750,4750,4750,0,0.0,0.0,0.0,0.0,0.0,0.0,0.0,0.0,0.0,0.0
2016-10-17,4750,4750,4750,4750,0,0.0,0.0,0.0,0.0,0.0,0.0,0.0,0.0,0.0,0.0
2016-10-18,4750,4750,4750,4750,0,0.0,0.0,0.0,0.0,0.0,0.0,0.0,0.0,0.0,0.0
2016-10-19,4785,4785,4700,4700,2998,-1.0526315789473684,0.0,4775430.0,9400000.0,0.0,0.0,0.0,14175430.0,0.0,14175430.0
2016-10-20,4705,4785,4705,4775,5402,1.5957446808510638,0.0,0.0,25444560.0,0.0,0.0,0.0,25444560.0,0.0,25444560.0
2016-10-21,4775,4775,4775,4775,0,0.0,0.0,0.0,0.0,0.0,0.0,0.0,0.0,0.0,0.0
2016-10-24,4600,4765,4600,4740,3052,-0.7329842931937173,0.0,0.0,14069505.0,0.0,0.0,0.0,14069505.0,0.0,14069505.0
2016-10-25,4740,4740,4740,4740,848,0.0,0.0,0.0,4019520.0,0.0,0.0,0.0,4019520.0,0.0,4019520.0
2016-10-26,4735,4735,4735,4735,100,-0.10548523206751054,0.0,0.0,473500.0,0.0,0.0,0.0,473500.0,0.0,473500.0
2016-10-27,4770,4770,4570,4770,203,0.7391763463569165,0.0,0.0,967910.0,0.0,0.0,0.0,967910.0,0.0,967910.0
2016-10-28,4505,4750,4505,4735,11875,-0.7337526205450734,0.0,0.0,54679830.0,0.0,0.0,0.0,54679830.0,0.0,54679830.0
2016-10-31,4700,4730,4700,4730,3071,-0.10559662090813093,0.0,0.0,14433730.0,0.0,0.0,0.0,14433730.0,0.0,14433730.0
2016-11-01,4700,4780,4695,4780,24,1.0570824524312896,0.0,0.0,112780.0,0.0,0.0,0.0,112780.0,0.0,112780.0
2016-11-02,4780,4780,4780,4780,0,0.0,0.0,0.0,0.0,0.0,0.0,0.0,0.0,0.0,0.0
2016-11-03,4750,4750,4750,4750,0,-0.6276150627615062,0.0,0.0,0.0,0.0,0.0,0.0,0.0,0.0,0.0
2016-11-04,4800,4800,4800,4800,1,1.0526315789473684,0.0,0.0,4800.0,0.0,0.0,0.0,4800.0,0.0,4800.0
2016-11-07,4780,4780,4780,4780,8,-0.4166666666666667,0.0,0.0,38240.0,0.0,0.0,0.0,38240.0,0.0,38240.0
2016-11-08,4775,4775,4775,4775,0,-0.10460251046025104,0.0,0.0,0.0,0.0,0.0,0.0,0.0,0.0,0.0
2016-11-09,4775,4775,4775,4775,0,0.0,0.0,0.0,0.0,0.0,0.0,0.0,0.0,0.0,0.0
2016-11-10,4770,4770,4770,4770,0,-0.10471204188481677,0.0,0.0,0.0,0.0,0.0,0.0,0.0,0.0,0.0
2016-11-11,4770,4770,4770,4770,0,0.0,0.0,0.0,0.0,0.0,0.0,0.0,0.0,0.0,0.0
2016-11-14,4780,4780,4780,4780,256,0.20964360587002098,0.0,0.0,1223680.0,0.0,0.0,0.0,1223680.0,0.0,1223680.0
2016-11-15,4780,4780,4780,4780,0,0.0,0.0,0.0,0.0,0.0,0.0,0.0,0.0,0.0,0.0
2016-11-16,4750,4780,4750,4780,74,0.0,0.0,0.0,351780.0,0.0,0.0,0.0,351780.0,0.0,351780.0
2016-11-17,4780,4780,4780,4780,1472,0.0,7031380.0,0.0,4780.0,0.0,0.0,0.0,7036160.0,0.0,7036160.0
2016-11-18,4780,4780,4780,4780,10,0.0,0.0,0.0,47800.0,0.0,0.0,0.0,47800.0,0.0,47800.0
2016-11-21,4780,4780,4780,4780,0,0.0,0.0,0.0,0.0,0.0,0.0,0.0,0.0,0.0,0.0
2016-11-22,4750,4780,4750,4780,46,0.0,0.0,0.0,218530.0,0.0,0.0,0.0,218530.0,0.0,218530.0
2016-11-23,4770,4770,4770,4770,20,-0.20920502092050208,0.0,0.0,95400.0,0.0,0.0,0.0,95400.0,0.0,95400.0
2016-11-24,4760,4760,4620,4755,29120,-0.3144654088050315,0.0,131982635.0,6084810.0,0.0,0.0,0.0,138067445.0,0.0,138067445.0
2016-11-25,4745,4745,4745,4745,0,-0.2103049421661409,0.0,0.0,0.0,0.0,0.0,0.0,0.0,0.0,0.0
2016-11-28,4745,4745,4745,4745,0,0.0,0.0,0.0,0.0,0.0,0.0,0.0,0.0,0.0,0.0
2016-11-29,4745,4745,4745,4745,10,0.0,0.0,0.0,47450.0,0.0,0.0,0.0,47450.0,0.0,47450.0
2016-11-30,4745,4745,4745,4745,0,0.0,0.0,0.0,0.0,0.0,0.0,0.0,0.0,0.0,0.0
2016-12-01,4745,4745,4745,4745,0,0.0,0.0,0.0,0.0,0.0,0.0,0.0,0.0,0.0,0.0
2016-12-02,4745,4745,4725,4725,269,-0.42149631190727077,0.0,0.0,1271045.0,0.0,0.0,0.0,1271045.0,0.0,1271045.0
2016-12-05,4725,4725,4725,4725,0,0.0,0.0,0.0,0.0,0.0,0.0,0.0,0.0,0.0,0.0
2016-12-06,4725,4725,4725,4725,16,0.0,0.0,0.0,75600.0,0.0,0.0,0.0,75600.0,0.0,75600.0
2016-12-07,4730,4730,4730,4730,1,0.10582010582010583,0.0,0.0,4730.0,0.0,0.0,0.0,4730.0,0.0,4730.0
2016-12-08,4730,4730,4730,4730,0,0.0,0.0,0.0,0.0,0.0,0.0,0.0,0.0,0.0,0.0
2016-12-09,4730,4730,4730,4730,0,0.0,0.0,0.0,0.0,0.0,0.0,0.0,0.0,0.0,0.0
2016-12-12,4730,4730,4730,4730,15,0.0,0.0,0.0,70950.0,0.0,0.0,0.0,70950.0,0.0,70950.0
2016-12-13,4600,4745,4600,4745,3,0.3171247357293869,0.0,0.0,13945.0,0.0,0.0,0.0,13945.0,0.0,13945.0
2016-12-14,4740,4740,4740,4740,0,-0.10537407797681769,0.0,0.0,0.0,0.0,0.0,0.0,0.0,0.0,0.0
2016-12-15,4740,4740,4735,4735,1262,-0.10548523206751054,0.0,0.0,5975670.0,0.0,0.0,0.0,5975670.0,0.0,5975670.0
2016-12-16,4735,4735,4735,4735,0,0.0,0.0,0.0,0.0,0.0,0.0,0.0,0.0,0.0,0.0
2016-12-19,4600,4775,4600,4775,10011,0.8447729672650475,0.0,0.0,46050775.0,0.0,0.0,0.0,46050775.0,0.0,46050775.0
2016-12-20,4760,4760,4760,4760,0,-0.31413612565445026,0.0,0.0,0.0,0.0,0.0,0.0,0.0,0.0,0.0
2016-12-21,5000,5000,4775,4775,12,0.31512605042016806,0.0,0.0,59775.0,0.0,0.0,0.0,59775.0,0.0,59775.0
2016-12-22,4700,4700,4700,4700,3327,-1.5706806282722512,0.0,0.0,15636900.0,0.0,0.0,0.0,15636900.0,0.0,15636900.0
2016-12-23,4700,4700,4700,4700,0,0.0,0.0,0.0,0.0,0.0,0.0,0.0,0.0,0.0,0.0
2016-12-26,4700,4700,4650,4700,10675,0.0,0.0,0.0,49639800.0,0.0,0.0,0.0,49639800.0,0.0,49639800.0
2016-12-27,4700,4700,4700,4700,0,0.0,0.0,0.0,0.0,0.0,0.0,0.0,0.0,0.0,0.0
2016-12-28,4700,4700,4700,4700,0,0.0,0.0,0.0,0.0,0.0,0.0,0.0,0.0,0.0,0.0
2016-12-29,4745,4745,4745,4745,1,0.9574468085106382,0.0,0.0,4745.0,0.0,0.0,0.0,4745.0,0.0,4745.0
2017-01-02,4740,4740,4740,4740,0,-0.10537407797681769,0.0,0.0,0.0,0.0,0.0,0.0,0.0,0.0,0.0
2017-01-03,4735,4735,4735,4735,3001,-0.10548523206751054,0.0,14209735.0,0.0,0.0,0.0,0.0,14209735.0,0.0,14209735.0
2017-01-04,4735,4735,4735,4735,0,0.0,0.0,0.0,0.0,0.0,0.0,0.0,0.0,0.0,0.0
2017-01-05,4735,4735,4735,4735,0,0.0,0.0,0.0,0.0,0.0,0.0,0.0,0.0,0.0,0.0
2017-01-06,4735,4735,4735,4735,0,0.0,0.0,0.0,0.0,0.0,0.0,0.0,0.0,0.0,0.0
2017-01-09,4735,4735,4735,4735,0,0.0,0.0,0.0,0.0,0.0,0.0,0.0,0.0,0.0,0.0
2017-01-10,4735,4735,4735,4735,0,0.0,0.0,0.0,0.0,0.0,0.0,0.0,0.0,0.0,0.0
2017-01-11,4735,4735,4735,4735,0,0.0,0.0,0.0,0.0,0.0,0.0,0.0,0.0,0.0,0.0
2017-01-12,4735,4735,4735,4735,0,0.0,0.0,0.0,0.0,0.0,0.0,0.0,0.0,0.0,0.0
2017-01-13,4735,4735,4735,4735,38,0.0,0.0,0.0,179930.0,0.0,0.0,0.0,179930.0,0.0,179930.0
2017-01-16,4735,4735,4735,4735,0,0.0,0.0,0.0,0.0,0.0,0.0,0.0,0.0,0.0,0.0
2017-01-17,4735,4735,4735,4735,0,0.0,0.0,0.0,0.0,0.0,0.0,0.0,0.0,0.0,0.0
2017-01-18,4735,4735,4735,4735,0,0.0,0.0,0.0,0.0,0.0,0.0,0.0,0.0,0.0,0.0
2017-01-19,4735,4735,4735,4735,0,0.0,0.0,0.0,0.0,0.0,0.0,0.0,0.0,0.0,0.0
2017-01-20,4700,4750,4700,4750,1001,0.31678986272439286,0.0,0.0,4704750.0,0.0,0.0,0.0,4704750.0,0.0,4704750.0
2017-01-23,4700,4700,4700,4700,3,-1.0526315789473684,0.0,0.0,14100.0,0.0,0.0,0.0,14100.0,0.0,14100.0
2017-01-24,4700,4700,4700,4700,0,0.0,0.0,0.0,0.0,0.0,0.0,0.0,0.0,0.0,0.0
2017-01-25,4700,4700,4700,4700,0,0.0,0.0,0.0,0.0,0.0,0.0,0.0,0.0,0.0,0.0
2017-01-26,4740,4740,4740,4740,3,0.851063829787234,0.0,0.0,14220.0,0.0,0.0,0.0,14220.0,0.0,14220.0
2017-01-31,4740,4740,4740,4740,0,0.0,0.0,0.0,0.0,0.0,0.0,0.0,0.0,0.0,0.0
2017-02-01,4740,4740,4740,4740,405,0.0,1919700.0,0.0,0.0,0.0,0.0,0.0,1919700.0,0.0,1919700.0
2017-02-02,4750,4750,4750,4750,4,0.21097046413502107,0.0,0.0,19000.0,0.0,0.0,0.0,19000.0,0.0,19000.0
2017-02-03,4840,4840,4840,4840,1,1.8947368421052633,0.0,0.0,4840.0,0.0,0.0,0.0,4840.0,0.0,4840.0
2017-02-06,4700,4750,4700,4750,16,-1.859504132231405,0.0,0.0,75250.0,0.0,0.0,0.0,75250.0,0.0,75250.0
2017-02-07,4750,4750,4750,4750,2090,0.0,0.0,0.0,9927500.0,0.0,0.0,0.0,9927500.0,0.0,9927500.0
2017-02-08,4795,4795,4750,4790,3174,0.8421052631578947,0.0,0.0,15077260.0,0.0,0.0,0.0,15077260.0,0.0,15077260.0
2017-02-09,4785,4790,4785,4790,118,0.0,4785.0,0.0,560430.0,0.0,0.0,0.0,565215.0,0.0,565215.0
2017-02-10,4785,4785,4785,4785,0,-0.10438413361169101,0.0,0.0,0.0,0.0,0.0,0.0,0.0,0.0,0.0
2017-02-13,4645,4755,4645,4755,11675,-0.6269592476489028,0.0,0.0,54436135.0,0.0,0.0,0.0,54436135.0,0.0,54436135.0
2017-02-14,4780,4780,4660,4765,352,0.2103049421661409,46700.0,0.0,1593945.0,0.0,0.0,0.0,1640645.0,0.0,1640645.0
2017-02-15,4745,4745,4745,4745,0,-0.4197271773347324,0.0,0.0,0.0,0.0,0.0,0.0,0.0,0.0,0.0
2017-02-16,4740,4740,4740,4740,0,-0.10537407797681769,0.0,0.0,0.0,0.0,0.0,0.0,0.0,0.0,0.0
2017-02-17,4735,4735,4735,4735,484,-0.10548523206751054,0.0,0.0,2291740.0,0.0,0.0,0.0,2291740.0,0.0,2291740.0
2017-02-20,4740,4740,4740,4740,3361,0.10559662090813093,469260.0,0.0,15461880.0,0.0,0.0,0.0,15931140.0,0.0,15931140.0
2017-02-21,4740,4740,4740,4740,6,0.0,0.0,0.0,28440.0,0.0,0.0,0.0,28440.0,0.0,28440.0
2017-02-22,4970,4970,4750,4750,1459,0.21097046413502107,0.0,0.0,6930670.0,0.0,0.0,0.0,6930670.0,0.0,6930670.0
2017-02-23,4600,4745,4600,4745,342,-0.10526315789473684,0.0,0.0,1582675.0,0.0,0.0,0.0,1582675.0,0.0,1582675.0
2017-02-24,4750,4750,4650,4745,2002,0.0,0.0,0.0,9316395.0,0.0,0.0,0.0,9316395.0,0.0,9316395.0
2017-02-27,4700,4700,4700,4700,47,-0.9483667017913594,0.0,0.0,220900.0,0.0,0.0,0.0,220900.0,0.0,220900.0
2017-02-28,5000,5000,4510,4700,18,0.0,0.0,0.0,84695.0,0.0,0.0,0.0,84695.0,0.0,84695.0
2017-03-02,4700,4700,4650,4650,2203,-1.0638297872340425,0.0,0.0,10249000.0,0.0,0.0,0.0,10249000.0,0.0,10249000.0
2017-03-03,4785,4785,4785,4785,1,2.903225806451613,0.0,0.0,4785.0,0.0,0.0,0.0,4785.0,0.0,4785.0
2017-03-06,4700,4700,4700,4700,1,-1.7763845350052248,0.0,0.0,4700.0,0.0,0.0,0.0,4700.0,0.0,4700.0
2017-03-07,4775,4775,4775,4775,1,1.5957446808510638,0.0,0.0,4775.0,0.0,0.0,0.0,4775.0,0.0,4775.0
2017-03-08,4775,4775,4775,4775,0,0.0,0.0,0.0,0.0,0.0,0.0,0.0,0.0,0.0,0.0
2017-03-09,4860,4860,4765,4770,1092,-0.10471204188481677,0.0,0.0,5209645.0,0.0,0.0,0.0,5209645.0,0.0,5209645.0
2017-03-10,4685,4785,4680,4780,3857,0.20964360587002098,0.0,0.0,18391455.0,0.0,0.0,0.0,18391455.0,0.0,18391455.0
2017-03-13,4785,4785,4750,4750,3161,-0.6276150627615062,148335.0,0.0,14895150.0,0.0,0.0,0.0,15043485.0,0.0,15043485.0
2017-03-14,4750,4750,4750,4750,0,0.0,0.0,0.0,0.0,0.0,0.0,0.0,0.0,0.0,0.0
2017-03-15,4750,4750,4750,4750,0,0.0,0.0,0.0,0.0,0.0,0.0,0.0,0.0,0.0,0.0
2017-03-16,4770,4995,4770,4805,40891,1.1578947368421053,0.0,0.0,199927615.0,0.0,0.0,19235000.0,180692615.0,0.0,199927615.0
2017-03-17,4900,4900,4800,4800,8603,-0.10405827263267431,0.0,0.0,41526520.0,0.0,0.0,9665360.0,31861160.0,0.0,41526520.0
2017-03-20,4600,4780,4600,4780,1245,-0.4166666666666667,0.0,0.0,5738130.0,0.0,0.0,0.0,5738130.0,0.0,5738130.0
2017-03-21,4600,4700,4600,4675,4218,-2.1966527196652716,3728000.0,0.0,15937705.0,0.0,3473800.0,0.0,16191905.0,0.0,19665705.0
2017-03-22,4900,4900,4840,4840,6,3.5294117647058822,0.0,0.0,29290.0,0.0,0.0,0.0,29290.0,0.0,29290.0
2017-03-23,4800,4800,4695,4695,205,-2.9958677685950414,0.0,0.0,962845.0,0.0,0.0,0.0,962845.0,0.0,962845.0
2017-03-24,4780,4780,4560,4700,1140,0.10649627263045794,0.0,0.0,5208095.0,0.0,0.0,0.0,5208095.0,0.0,5208095.0
2017-03-27,4685,4685,4550,4685,10,-0.3191489361702127,0.0,0.0,46715.0,0.0,0.0,0.0,46715.0,0.0,46715.0
2017-03-28,4860,4900,4820,4845,11340,3.4151547491995733,0.0,0.0,54978065.0,0.0,0.0,0.0,54978065.0,0.0,54978065.0
2017-03-29,4810,4815,4800,4805,13631,-0.8255933952528379,0.0,0.0,65507195.0,0.0,0.0,0.0,65507195.0,0.0,65507195.0
2017-03-30,4805,4850,4805,4810,24007,0.10405827263267431,0.0,240250.0,115393170.0,0.0,0.0,0.0,115633420.0,0.0,115633420.0
2017-03-31,4810,4850,4810,4815,22785,0.10395010395010396,0.0,0.0,109717160.0,0.0,0.0,0.0,109717160.0,0.0,109717160.0
2017-04-03,4810,4845,4810,4810,8392,-0.10384215991692627,0.0,0.0,40379520.0,0.0,0.0,5021640.0,35357880.0,0.0,40379520.0
2017-04-04,4805,4815,4805,4815,7675,0.10395010395010396,0.0,0.0,36920565.0,0.0,0.0,14203580.0,22716985.0,0.0,36920565.0
2017-04-05,4840,4840,4840,4840,500,0.5192107995846313,0.0,0.0,2420000.0,0.0,0.0,0.0,2420000.0,0.0,2420000.0
2017-04-06,4850,4850,4850,4850,160,0.2066115702479339,0.0,0.0,776000.0,0.0,0.0,0.0,776000.0,0.0,776000.0
2017-04-07,4850,4850,4850,4850,0,0.0,0.0,0.0,0.0,0.0,0.0,0.0,0.0,0.0,0.0
2017-04-10,4895,4895,4850,4855,5334,0.10309278350515465,0.0,0.0,25915410.0,0.0,0.0,0.0,25915410.0,0.0,25915410.0
2017-04-11,4830,4835,4830,4835,2001,-0.4119464469618949,0.0,0.0,9664835.0,0.0,0.0,0.0,9664835.0,0.0,9664835.0
2017-04-12,4835,4835,4835,4835,0,0.0,0.0,0.0,0.0,0.0,0.0,0.0,0.0,0.0,0.0
2017-04-13,4855,4855,4855,4855,500,0.4136504653567736,0.0,0.0,2427500.0,0.0,0.0,0.0,2427500.0,0.0,2427500.0
2017-04-14,4855,4865,4855,4865,559,0.20597322348094746,0.0,0.0,2716135.0,0.0,0.0,0.0,2716135.0,0.0,2716135.0
2017-04-17,4760,4810,4760,4810,69,-1.1305241521068858,0.0,0.0,329850.0,0.0,0.0,0.0,329850.0,0.0,329850.0
2017-04-18,4865,4865,4865,4865,348,1.1434511434511436,0.0,0.0,1693020.0,0.0,0.0,0.0,1693020.0,0.0,1693020.0
2017-04-19,4865,4865,4865,4865,0,0.0,0.0,0.0,0.0,0.0,0.0,0.0,0.0,0.0,0.0
2017-04-20,4875,4875,4870,4870,697,0.10277492291880781,0.0,0.0,3394405.0,0.0,0.0,0.0,3394405.0,0.0,3394405.0
2017-04-21,4865,4875,4865,4875,109,0.10266940451745381,0.0,0.0,530885.0,0.0,0.0,0.0,530885.0,0.0,530885.0
2017-04-24,4875,4875,4850,4850,1693,-0.5128205128205128,0.0,0.0,8221025.0,0.0,0.0,0.0,8221025.0,0.0,8221025.0
2017-04-25,4880,4880,4870,4880,13039,0.6185567010309279,0.0,0.0,63620320.0,0.0,0.0,0.0,63620320.0,0.0,63620320.0
2017-04-26,4850,4850,4850,4850,200,-0.6147540983606558,0.0,0.0,970000.0,0.0,0.0,0.0,970000.0,0.0,970000.0
2017-04-27,4850,4890,4850,4890,7581,0.8247422680412372,0.0,0.0,36982435.0,0.0,0.0,0.0,36982435.0,0.0,36982435.0
2017-04-28,4880,4880,4880,4880,1100,-0.2044989775051125,0.0,0.0,5368000.0,0.0,0.0,0.0,5368000.0,0.0,5368000.0
2017-05-02,4900,4900,4890,4895,4612,0.3073770491803279,0.0,0.0,22577990.0,0.0,0.0,0.0,22577990.0,0.0,22577990.0
2017-05-04,4895,4895,4895,4895,0,0.0,0.0,0.0,0.0,0.0,0.0,0.0,0.0,0.0,0.0
2017-05-08,4895,4895,4895,4895,0,0.0,0.0,0.0,0.0,0.0,0.0,0.0,0.0,0.0,0.0
2017-05-10,4905,4905,4900,4900,41,0.10214504596527069,0.0,0.0,201100.0,0.0,0.0,0.0,201100.0,0.0,201100.0
2017-05-11,4880,4880,4880,4880,3668,-0.40816326530612246,0.0,0.0,17899840.0,0.0,0.0,0.0,17899840.0,0.0,17899840.0
2017-05-12,4925,4950,4925,4945,17836,1.331967213114754,0.0,0.0,88112925.0,0.0,0.0,0.0,88112925.0,0.0,88112925.0
2017-05-15,4975,5010,4975,4995,109730,1.0111223458038423,0.0,0.0,548057650.0,0.0,2055880.0,0.0,546001770.0,0.0,548057650.0
2017-05-16,4990,5010,4990,5010,67082,0.3003003003003003,0.0,0.0,335582260.0,0.0,0.0,0.0,335582260.0,0.0,335582260.0
2017-05-17,5010,5020,5010,5020,17912,0.19960079840319359,0.0,0.0,89641810.0,0.0,3815200.0,0.0,85826610.0,0.0,89641810.0
2017-05-18,5020,5030,5020,5020,36006,0.0,0.0,0.0,180809120.0,0.0,0.0,0.0,180809120.0,0.0,180809120.0
2017-05-19,5030,5040,5030,5040,159566,0.398406374501992,252000000.0,0.0,551323760.0,0.0,0.0,412784610.0,390539150.0,0.0,803323760.0
2017-05-22,5040,5050,5040,5050,35918,0.1984126984126984,162146880.0,0.0,18884240.0,0.0,0.0,0.0,181031120.0,0.0,181031120.0
2017-05-23,5040,5050,5040,5050,22643,0.0,0.0,0.0,114293060.0,0.0,0.0,0.0,114293060.0,0.0,114293060.0
2017-05-24,5050,5050,5040,5040,5100,-0.19801980198019803,0.0,0.0,25715000.0,0.0,0.0,0.0,25715000.0,0.0,25715000.0
2017-05-25,5050,5050,5040,5050,79873,0.1984126984126984,0.0,0.0,403352150.0,0.0,0.0,111130300.0,241721850.0,50500000.0,403352150.0
2017-05-26,5050,5060,5050,5060,26082,0.19801980198019803,95532800.0,0.0,36370110.0,0.0,0.0,0.0,131902910.0,0.0,131902910.0
2017-05-29,0,0,0,5060,0,0.0,,,,,,,,,
2017-05-30,0,0,0,5060,0,0.0,,,,,,,,,
2017-05-31,0,0,0,5060,0,0.0,,,,,,,,,
2017-06-01,0,0,0,5060,0,0.0,,,,,,,,,
2017-06-02,0,0,0,5060,0,0.0,,,,,,,,,
2017-06-05,0,0,0,5060,0,0.0,,,,,,,,,
2017-06-07,0,0,0,5060,0,0.0,,,,,,,,,
2017-06-08,0,0,0,5060,0,0.0,,,,,,,,,
2017-06-09,0,0,0,5060,0,0.0,,,,,,,,,
2017-06-12,0,0,0,5060,0,0.0,,,,,,,,,
2017-06-13,0,0,0,5060,0,0.0,,,,,,,,,
2017-06-14,0,0,0,5060,0,0.0,,,,,,,,,
